0	1000010
1	1000250
2	1000438
3	1000476
4	1000528
5	1000550
6	1000574
7	1000624
8	1000710
9	1000720
10	1000812
11	1000888
12	1001026
13	1001214
14	1001266
15	1001294
16	1001304
17	1001410
18	1001438
19	1001496
20	1001736
21	1001842
22	1001860
23	1001872
24	1001908
25	1001946
26	1002030
27	1002324
28	1002336
29	1002342
30	1002392
31	1002594
32	1002676
33	1002956
34	1003118
35	1003122
36	1003878
37	1004034
38	1004134
39	1004232
40	1004878
41	1004964
42	1005182
43	1005292
44	1005508
45	1005614
46	1005694
47	1005868
48	1006314
49	1006520
50	1006562
51	1006626
52	1006638
53	1006894
54	1007240
55	1007244
56	1007250
57	1007632
58	1007674
59	1007720
60	1008166
61	1008246
62	1008300
63	1008516
64	1008614
65	1008682
66	1008976
67	1009000
68	1009024
69	1009096
70	1009226
71	1009254
72	1009294
73	1009452
74	1010002
75	1010522
76	1010580
77	1010586
78	1010620
79	1010630
80	1010738
81	1011002
82	1011058
83	1011550
84	1011712
85	1011776
86	1012096
87	1012424
88	1012958
89	1013008
90	1013134
91	1013310
92	1013608
93	1013654
94	1013676
95	1013900
96	1013914
97	1014042
98	1014182
99	1014340
100	1014442
101	1014526
102	1014776
103	1014958
104	1015080
105	1015110
106	1015262
107	1015308
108	1015492
109	1015536
110	1015970
111	1016050
112	1016110
113	1016388
114	1016572
115	1016734
116	1016856
117	1016996
118	1017096
119	1017116
120	1017180
121	1017568
122	1017756
123	1017996
124	1018380
125	101864
126	101866
127	1018912
128	1018986
129	1019008
130	1019128
131	1019276
132	101962
133	1019762
134	1019912
135	1019980
136	1020162
137	1020336
138	1020416
139	1020676
140	1020866
141	1020950
142	102132
143	1021410
144	1021738
145	1021834
146	1022012
147	1022260
148	1022354
149	1022582
150	1022794
151	1022822
152	1022836
153	1022928
154	1022932
155	1023062
156	1023068
157	1023142
158	1023196
159	1023200
160	1023432
161	1023872
162	1023902
163	1023976
164	1024722
165	1024734
166	1024832
167	1024844
168	1024854
169	1024888
170	1025026
171	1025206
172	1025564
173	1025702
174	1025822
175	1026214
176	1026356
177	1026518
178	1026604
179	1026688
180	1027080
181	1027180
182	1027246
183	1027276
184	1027342
185	1027662
186	1027802
187	1027812
188	1028374
189	1028776
190	1028792
191	1028952
192	1029288
193	1029442
194	1029592
195	1029638
196	1029864
197	1030206
198	1030420
199	1030440
200	1030682
201	1030774
202	1030850
203	1031292
204	1031626
205	1031662
206	1031706
207	103176
208	1031780
209	1031856
210	10321
211	1032110
212	1032310
213	1032334
214	1032528
215	1032872
216	1032896
217	1032904
218	1032978
219	1033014
220	1033058
221	1033446
222	1033544
223	1033686
224	1033888
225	1033944
226	1034272
227	1034284
228	1034400
229	1034414
230	1034510
231	1034860
232	1035000
233	1035002
234	1035472
235	1035484
236	1035502
237	1035518
238	1035562
239	1035598
240	1035732
241	1035788
242	1035923
243	1035940
244	103602
245	1036028
246	1036264
247	1036342
248	1036542
249	1036550
250	1036600
251	1036602
252	1036852
253	1036884
254	1037204
255	1037242
256	103738
257	1037666
258	1037804
259	1037864
260	1037886
261	1038008
262	1038012
263	1038354
264	1038568
265	1038728
266	1038746
267	1038856
268	1039062
269	1039596
270	1039840
271	1039988
272	1040064
273	1040124
274	1040352
275	1040418
276	1040480
277	1040606
278	1041352
279	1041378
280	1041426
281	1041564
282	1042110
283	1042172
284	1042458
285	1042560
286	1042582
287	1042706
288	104400
289	1044006
290	104402
291	1044300
292	1044312
293	1044524
294	10449
295	1045078
296	1045092
297	1045264
298	1045276
299	1045390
300	1045646
301	1045720
302	1045942
303	1046118
304	1046200
305	1046248
306	1046722
307	1046724
308	1046908
309	104692
310	1046992
311	1047014
312	1047026
313	1047227
314	1047320
315	1047330
316	1047346
317	1047358
318	104738
319	1047436
320	1047508
321	1047846
322	1047968
323	1048008
324	1048016
325	1048018
326	1048228
327	1048360
328	1048958
329	1049004
330	1049092
331	104916
332	1049314
333	1049332
334	1049344
335	1049620
336	1049802
337	1049922
338	1049954
339	1050058
340	1050168
341	1050632
342	1050700
343	1050778
344	1050850
345	1050858
346	1051008
347	1051548
348	1052118
349	1052174
350	1052294
351	1052304
352	1052374
353	1052486
354	1052626
355	1052868
356	1052924
357	1053342
358	1053406
359	1053474
360	1053634
361	1053672
362	1053758
363	1053822
364	1054034
365	1054084
366	1054814
367	1054944
368	1055322
369	1055398
370	1055456
371	1056182
372	1056314
373	1056342
374	1056520
375	1056766
376	1056952
377	1057128
378	1057142
379	1057992
380	1058460
381	1058540
382	1058614
383	1059138
384	1059278
385	1059314
386	1059322
387	1059426
388	1059808
389	1059858
390	1060218
391	1060936
392	1060982
393	1061096
394	1061202
395	1061212
396	106156
397	1061754
398	106178
399	1061808
400	1061952
401	1061994
402	1062054
403	1062284
404	1062874
405	1063430
406	1063498
407	106366
408	1064104
409	1064422
410	1064766
411	1064842
412	1065012
413	1065192
414	1065250
415	1065438
416	1065466
417	1065750
418	1065792
419	106586
420	1066308
421	1066422
422	1066648
423	1066998
424	1067226
425	1067516
426	1067526
427	1067626
428	1067632
429	10681
430	1068516
431	106856
432	1068670
433	1068678
434	1068902
435	1068986
436	1069214
437	1070124
438	1070458
439	107080
440	1070886
441	1070908
442	1070976
443	1071120
444	1071124
445	1071470
446	1072300
447	1072420
448	1072494
449	1072520
450	107342
451	1073462
452	1073793
453	1073902
454	1074250
455	1074696
456	1074788
457	1075196
458	1075334
459	1075528
460	107556
461	1075642
462	1075796
463	1075808
464	1075840
465	1076168
466	1076296
467	1076466
468	107650
469	1076610
470	1076630
471	1076658
472	107672
473	1076804
474	1076914
475	1076954
476	1077472
477	1077486
478	1077520
479	1077782
480	1077806
481	1077818
482	1077838
483	1078044
484	1078208
485	1078362
486	107840
487	1078440
488	1078488
489	1078522
490	1079032
491	1079078
492	1079198
493	1079370
494	1079624
495	1079736
496	1079760
497	1080376
498	1080408
499	1080466
500	1081026
501	10812
502	1081276
503	1081302
504	1081366
505	1081714
506	1081766
507	1081978
508	1082724
509	1082764
510	1082818
511	1082846
512	1082928
513	1083506
514	1083650
515	1083890
516	1083962
517	1084036
518	1084076
519	1084120
520	1084858
521	1084894
522	1085086
523	1085100
524	1085104
525	1085644
526	1086390
527	1086802
528	1086834
529	1087244
530	1087374
531	1087426
532	1088428
533	1088442
534	1088446
535	1088546
536	1088822
537	1088832
538	108922
539	1089368
540	1089456
541	1089744
542	1090100
543	1090180
544	1090408
545	1090598
546	1090722
547	1090766
548	1090870
549	109092
550	1091206
551	1091448
552	1091520
553	1091958
554	1092318
555	1092712
556	1093350
557	1093370
558	1093488
559	1093590
560	1093608
561	1093734
562	109376
563	1093764
564	1093920
565	1094032
566	1094250
567	1094674
568	1094756
569	1094808
570	1094816
571	1094930
572	1094964
573	1095300
574	1096130
575	1096842
576	1097590
577	1098006
578	1098102
579	109814
580	1098336
581	109880
582	1098968
583	1099026
584	1099230
585	1099396
586	1100628
587	1100692
588	110102
589	1101226
590	1101254
591	1101380
592	110162
593	1101964
594	1102458
595	1102754
596	1102888
597	1102962
598	1103044
599	1103448
600	1103954
601	1104074
602	1104096
603	1104118
604	1104380
605	1104580
606	1104838
607	1105026
608	1105102
609	1105302
610	1105306
611	1105794
612	1105822
613	1105852
614	1105854
615	1105990
616	1106152
617	1106490
618	1106646
619	1106662
620	1106668
621	1106842
622	1107110
623	1107304
624	1107512
625	1107524
626	1107820
627	1107944
628	1107986
629	1107998
630	1108028
631	1108072
632	1108406
633	1109106
634	1109150
635	1109602
636	1109736
637	1109756
638	1109926
639	1109980
640	1110366
641	1110626
642	1110904
643	1111016
644	1111068
645	1111290
646	1111306
647	1111668
648	1111788
649	1111844
650	1111882
651	1112604
652	1113036
653	1113190
654	1113656
655	1114136
656	1114146
657	1114214
658	1114896
659	11152
660	1115222
661	1115290
662	11153
663	1115348
664	1115442
665	1116012
666	1116032
667	1116196
668	1116290
669	1116366
670	1116388
671	1116432
672	111670
673	111712
674	1117202
675	11174
676	1117652
677	1117752
678	1117796
679	1117832
680	1118722
681	1118724
682	1119002
683	1119102
684	1119356
685	1119364
686	11197
687	1119880
688	1120038
689	1120070
690	1120244
691	1120462
692	1120554
693	1120760
694	112078
695	1120884
696	1121254
697	1121284
698	1121332
699	1121334
700	1121448
701	1121520
702	1121676
703	1121696
704	1121854
705	1121856
706	1121910
707	1121992
708	1122044
709	1122112
710	1122188
711	1122312
712	1122314
713	1122334
714	1122358
715	1122362
716	1122370
717	1122628
718	1122654
719	1122880
720	1123098
721	1123198
722	1123224
723	1123332
724	1123984
725	1124030
726	1124508
727	1124968
728	1124970
729	1125050
730	1125268
731	1125778
732	1126742
733	112704
734	1127074
735	1127296
736	1127784
737	1127818
738	1127864
739	1127880
740	1128050
741	1128478
742	1128486
743	1128578
744	1129080
745	1129210
746	1129898
747	113030
748	1130510
749	113080
750	1130902
751	1130954
752	1131052
753	1131176
754	1131852
755	1132057
756	1132310
757	1132342
758	1132426
759	1132572
760	1132688
761	1132758
762	113304
763	113306
764	11331
765	113310
766	113316
767	113318
768	1133426
769	1133488
770	1133536
771	1134330
772	1134390
773	1134456
774	1134580
775	1134662
776	1134884
777	1134922
778	1135088
779	113518
780	1135330
781	1135364
782	1135376
783	1135578
784	1136074
785	1136646
786	1137010
787	1137048
788	1137162
789	1137212
790	1137266
791	1137442
792	1137616
793	113768
794	1137808
795	1137848
796	1137854
797	1138168
798	1138246
799	1138282
800	1138310
801	1139400
802	113972
803	1139844
804	1140232
805	1140322
806	1140592
807	1140660
808	1141368
809	1141696
810	1141702
811	1141780
812	11418
813	1142102
814	1142202
815	1142564
816	1142580
817	1142688
818	1143726
819	1143820
820	1144268
821	1144726
822	1144794
823	1144906
824	1144936
825	1145090
826	1145256
827	1145282
828	1145430
829	1145488
830	1145678
831	1145736
832	1146014
833	1146064
834	1146104
835	1146120
836	1146324
837	1146400
838	1146494
839	1146834
840	114694
841	1147064
842	1147238
843	1147436
844	1147478
845	11475
846	1147676
847	1147828
848	1147858
849	114810
850	1148292
851	1148484
852	1148688
853	1148732
854	1148774
855	1148834
856	1149316
857	1149390
858	114952
859	1149638
860	1149892
861	1150148
862	1150706
863	1150986
864	1151036
865	1151232
866	1151316
867	1151620
868	1151632
869	1151912
870	1152156
871	1152164
872	115234
873	1152726
874	1152844
875	1153034
876	1153444
877	1153624
878	1153742
879	1153784
880	1154002
881	1154162
882	1154218
883	115440
884	1154754
885	1155172
886	1155262
887	1155516
888	1155592
889	1155820
890	1155828
891	1155840
892	1155920
893	1155974
894	1156464
895	1156624
896	1156778
897	1156926
898	1156984
899	1157248
900	1157514
901	1157648
902	1157732
903	1157740
904	115778
905	1158058
906	1158374
907	1158404
908	115842
909	1158572
910	1158590
911	1158610
912	1159654
913	1159948
914	1160944
915	116128
916	1161458
917	1162000
918	1162064
919	1162074
920	1162258
921	1162310
922	1162682
923	116286
924	116292
925	1163356
926	1163704
927	1163876
928	1163956
929	1164120
930	1164182
931	1164278
932	1164384
933	1164388
934	1164782
935	1164908
936	1165096
937	1165154
938	1165162
939	1165258
940	1165416
941	1165418
942	1165420
943	1165424
944	1165426
945	1165460
946	1165772
947	1166070
948	116636
949	1166450
950	1166456
951	1166458
952	1166482
953	1166522
954	1166824
955	1166906
956	1166916
957	1167024
958	1167522
959	1167778
960	1168192
961	1168406
962	1168416
963	1168478
964	116866
965	1168738
966	1168848
967	1169242
968	1169378
969	1169834
970	1169848
971	1169898
972	117004
973	1170144
974	1170264
975	1170618
976	1170620
977	1170624
978	1170864
979	1170894
980	117100
981	1171110
982	1171136
983	1171498
984	1171564
985	1171582
986	1171588
987	1171614
988	1171722
989	1171738
990	1171814
991	1171966
992	1171984
993	1172114
994	1172136
995	1172526
996	117278
997	1172996
998	1173134
999	1173804
1000	1173872
1001	1174446
1002	1174664
1003	1174756
1004	1174790
1005	117490
1006	1175200
1007	1175526
1008	1175626
1009	1175864
1010	1176232
1011	1176238
1012	117652
1013	1176574
1014	1176686
1015	1176998
1016	1177430
1017	1177664
1018	1178016
1019	1178124
1020	1178202
1021	1178310
1022	1178394
1023	1178762
1024	1178812
1025	1178822
1026	1180062
1027	118042
1028	1180626
1029	1180656
1030	1180736
1031	1181194
1032	1181546
1033	1181900
1034	1182116
1035	1182762
1036	118288
1037	1183026
1038	1183250
1039	1183666
1040	1184016
1041	1184020
1042	1184022
1043	1184026
1044	1184036
1045	1184506
1046	1184552
1047	1184840
1048	1184844
1049	1184896
1050	1184948
1051	1185414
1052	118550
1053	1185580
1054	1185838
1055	1185870
1056	1186064
1057	1186394
1058	1186464
1059	1186588
1060	1186646
1061	1186774
1062	1187016
1063	1187146
1064	1187498
1065	1187514
1066	1188050
1067	1188176
1068	1188334
1069	1188382
1070	1188418
1071	1188614
1072	1188742
1073	1188846
1074	1189062
1075	1189148
1076	1189242
1077	1189488
1078	1189688
1079	1189692
1080	1190060
1081	1190276
1082	1190852
1083	1190864
1084	1191002
1085	1191454
1086	1191946
1087	1191968
1088	1192352
1089	1192410
1090	1192478
1091	119262
1092	1192848
1093	1192958
1094	1193034
1095	1193132
1096	1193538
1097	1193610
1098	1194352
1099	1194706
1100	1194788
1101	119486
1102	1194906
1103	1194928
1104	1195366
1105	1195506
1106	1196296
1107	1196318
1108	1196394
1109	1196946
1110	1197206
1111	1198270
1112	1198532
1113	1198574
1114	1198640
1115	1198654
1116	1199060
1117	1199382
1118	1199460
1119	1199596
1120	1199684
1121	1199780
1122	1199916
1123	120024
1124	1200364
1125	120042
1126	1200530
1127	120058
1128	1200618
1129	1201054
1130	1201098
1131	1201470
1132	1201882
1133	1202008
1134	1202478
1135	1202988
1136	1203024
1137	1203330
1138	1203374
1139	1203894
1140	1204208
1141	1204524
1142	1204590
1143	1204872
1144	1205346
1145	1205354
1146	1205358
1147	1205382
1148	1205482
1149	1205894
1150	120600
1151	1206948
1152	1207748
1153	1207814
1154	1207948
1155	1207960
1156	120820
1157	1208228
1158	1208234
1159	1208618
1160	1208634
1161	1208638
1162	1208944
1163	1209326
1164	1209412
1165	1209694
1166	120978
1167	1210008
1168	1210498
1169	1210580
1170	1210652
1171	1210796
1172	1211226
1173	1211366
1174	1211566
1175	1211596
1176	1211718
1177	1211734
1178	1212032
1179	1212244
1180	1212546
1181	1212908
1182	1213026
1183	12137
1184	1213796
1185	1214794
1186	1215296
1187	1215466
1188	1215660
1189	1217152
1190	1217244
1191	1217894
1192	1217948
1193	1218130
1194	1218414
1195	1218552
1196	1218586
1197	1218594
1198	1218896
1199	121890
1200	1219332
1201	1219406
1202	1219548
1203	12196
1204	1219774
1205	1220404
1206	1220742
1207	1221228
1208	1221770
1209	1221956
1210	12226
1211	1222864
1212	1223380
1213	122352
1214	1223900
1215	1224458
1216	12248
1217	1224872
1218	1225172
1219	1225734
1220	122606
1221	1226466
1222	1226518
1223	1226786
1224	1227150
1225	1227222
1226	1227322
1227	1227762
1228	1227834
1229	1227836
1230	1227910
1231	1228078
1232	1228322
1233	1228376
1234	1228390
1235	1228434
1236	1228504
1237	122882
1238	1229094
1239	1229172
1240	1229306
1241	1229482
1242	1229542
1243	1229824
1244	1229982
1245	1230878
1246	12318
1247	1232406
1248	1234888
1249	1235212
1250	1235378
1251	1235430
1252	123566
1253	123570
1254	1236460
1255	1236542
1256	1236626
1257	1236728
1258	1236992
1259	1237194
1260	1237198
1261	1237204
1262	1237960
1263	1239022
1264	1239130
1265	1239348
1266	1239544
1267	1239574
1268	1239578
1269	1239992
1270	1240160
1271	124030
1272	1240326
1273	1240362
1274	1240884
1275	1240960
1276	1240964
1277	1241098
1278	1241254
1279	1241622
1280	124202
1281	1242092
1282	1242412
1283	1242466
1284	1242504
1285	1242552
1286	1242814
1287	1242880
1288	1243098
1289	1243172
1290	1243338
1291	1243474
1292	1244764
1293	1244898
1294	1245130
1295	1245434
1296	1245676
1297	1245870
1298	1245968
1299	1246208
1300	1246246
1301	1246356
1302	1246622
1303	1247304
1304	124732
1305	1247394
1306	1247516
1307	124758
1308	1247672
1309	1247828
1310	1248896
1311	1248974
1312	1249536
1313	1249876
1314	1249968
1315	1250426
1316	1250764
1317	1250824
1318	1251400
1319	1251578
1320	1251786
1321	125200
1322	1252484
1323	1252630
1324	1253188
1325	1253594
1326	1253772
1327	1254172
1328	1254192
1329	1254296
1330	1254420
1331	1254602
1332	1255012
1333	1255490
1334	1255630
1335	1256694
1336	1256744
1337	1257546
1338	125806
1339	125808
1340	1258432
1341	1258598
1342	1258646
1343	1258832
1344	1259094
1345	1259404
1346	1259546
1347	125958
1348	1259942
1349	1260288
1350	1260874
1351	126134
1352	1261538
1353	1261646
1354	1261830
1355	1262494
1356	126290
1357	1262952
1358	1262964
1359	1263410
1360	1263468
1361	1264544
1362	1264880
1363	126564
1364	1265802
1365	1265890
1366	1265942
1367	1266346
1368	1266780
1369	126684
1370	1266868
1371	1266882
1372	1266884
1373	1267110
1374	1267142
1375	1267184
1376	1267854
1377	1267892
1378	1267988
1379	1268528
1380	1268578
1381	1269254
1382	1269662
1383	1270870
1384	1271134
1385	1271308
1386	1271992
1387	1272092
1388	127214
1389	1272202
1390	1272256
1391	1272566
1392	1272576
1393	1272578
1394	1273136
1395	1273474
1396	1273604
1397	1273748
1398	1274316
1399	127438
1400	1274804
1401	1275428
1402	1276248
1403	127656
1404	1276970
1405	1277804
1406	1277924
1407	1278112
1408	1278258
1409	1278524
1410	1278642
1411	1278880
1412	1279168
1413	1279322
1414	1280456
1415	128082
1416	1280842
1417	1281182
1418	1281336
1419	1281492
1420	1281654
1421	1282020
1422	1282080
1423	1282106
1424	1282484
1425	1282650
1426	1282672
1427	1282800
1428	1282932
1429	1282950
1430	128298
1431	128300
1432	1283164
1433	128326
1434	1283310
1435	1283930
1436	1284112
1437	1284780
1438	12855
1439	128550
1440	1285624
1441	1285944
1442	1286352
1443	12865
1444	128650
1445	128678
1446	1286908
1447	1287142
1448	1287320
1449	128786
1450	1288238
1451	1288686
1452	128908
1453	12892
1454	1289432
1455	128946
1456	1289478
1457	128948
1458	128950
1459	128998
1460	1291174
1461	129118
1462	1291274
1463	1291402
1464	129164
1465	1292562
1466	1292618
1467	1292664
1468	1292702
1469	129324
1470	1293894
1471	1294186
1472	1294188
1473	1294240
1474	12943
1475	1294622
1476	1294796
1477	1295136
1478	1295682
1479	129574
1480	129580
1481	1296184
1482	1296510
1483	1296782
1484	1296994
1485	1297046
1486	1297248
1487	12975
1488	1298012
1489	1298438
1490	1298462
1491	1298780
1492	1298946
1493	1299186
1494	1299522
1495	1299614
1496	1299656
1497	12999
1498	130064
1499	1300884
1500	1300998
1501	1301088
1502	1301302
1503	1301360
1504	1301520
1505	1301634
1506	13019
1507	1302402
1508	1302610
1509	1302896
1510	1303001
1511	1303122
1512	1303152
1513	1303294
1514	1303312
1515	13034
1516	1303808
1517	1303834
1518	1303850
1519	1303868
1520	1303982
1521	1304160
1522	1304420
1523	1304664
1524	1304740
1525	1305127
1526	1305243
1527	1305343
1528	1305744
1529	1305806
1530	1305992
1531	1306176
1532	1306612
1533	1306614
1534	1307572
1535	1307916
1536	1308290
1537	1308292
1538	130838
1539	1308576
1540	130904
1541	1309166
1542	1309202
1543	1309210
1544	1309852
1545	1309954
1546	1310714
1547	1311400
1548	1311532
1549	1311542
1550	1311964
1551	1312100
1552	1312930
1553	1312962
1554	1313410
1555	1313502
1556	1313542
1557	131416
1558	1314928
1559	1314970
1560	1315256
1561	1315262
1562	1315450
1563	1315552
1564	1315748
1565	1316370
1566	1316490
1567	1316818
1568	1316964
1569	1317952
1570	131816
1571	1318252
1572	1318256
1573	1318264
1574	1318570
1575	1318880
1576	1319358
1577	1319412
1578	1319436
1579	1319662
1580	1320446
1581	1320788
1582	1320942
1583	132112
1584	132138
1585	1321414
1586	1321480
1587	1321486
1588	1321494
1589	1321500
1590	1321544
1591	1321962
1592	1322294
1593	1322574
1594	1322796
1595	1323054
1596	1323462
1597	1323630
1598	1323780
1599	1324596
1600	1324768
1601	1324942
1602	1324950
1603	1324996
1604	1325164
1605	1325264
1606	1325686
1607	1325746
1608	1326292
1609	1326802
1610	1326998
1611	1327004
1612	1328572
1613	1328612
1614	1328642
1615	132910
1616	1329100
1617	1329304
1618	1329786
1619	1329878
1620	1330272
1621	1330386
1622	1330540
1623	1330590
1624	133110
1625	1331946
1626	1332144
1627	1332152
1628	1332248
1629	1332278
1630	1332354
1631	1332552
1632	1332992
1633	1333384
1634	1333582
1635	1333640
1636	133428
1637	1334796
1638	1335042
1639	133536
1640	1335422
1641	1335728
1642	1336378
1643	1336872
1644	1337550
1645	1337638
1646	1338454
1647	13391
1648	1339202
1649	134034
1650	1340652
1651	134138
1652	134144
1653	1341538
1654	1342418
1655	1343556
1656	1343662
1657	1343868
1658	1343890
1659	1343962
1660	1344518
1661	1344780
1662	1344876
1663	1345240
1664	1345584
1665	1345720
1666	1346010
1667	1346964
1668	1347504
1669	1347644
1670	1348858
1671	1349152
1672	1349250
1673	134930
1674	1349386
1675	1350412
1676	1350750
1677	1351964
1678	1352468
1679	1353530
1680	135420
1681	1354592
1682	1354706
1683	135494
1684	1355026
1685	1355150
1686	1357502
1687	1357600
1688	1357844
1689	135794
1690	1358300
1691	1358396
1692	1360384
1693	1360688
1694	1360780
1695	136098
1696	1362070
1697	1363720
1698	1364478
1699	1365480
1700	1366374
1701	1367206
1702	137144
1703	137194
1704	137230
1705	137250
1706	137590
1707	1380080
1708	1382914
1709	1383496
1710	138374
1711	1385042
1712	1388972
1713	138902
1714	139166
1715	139200
1716	139262
1717	1394818
1718	139712
1719	1399352
1720	1399390
1721	1400228
1722	1400924
1723	140140
1724	1401738
1725	140238
1726	1409306
1727	140976
1728	141610
1729	14178
1730	141860
1731	142014
1732	142466
1733	142490
1734	14346
1735	143564
1736	143872
1737	144002
1738	144034
1739	144228
1740	144566
1741	144744
1742	144876
1743	145254
1744	145370
1745	145470
1746	145484
1747	145548
1748	145854
1749	145860
1750	146032
1751	146156
1752	146500
1753	146528
1754	146780
1755	147260
1756	147582
1757	147660
1758	147908
1759	147970
1760	148032
1761	148154
1762	148158
1763	148220
1764	148902
1765	149006
1766	149042
1767	149582
1768	149728
1769	149910
1770	150082
1771	15036
1772	15044
1773	150656
1774	150714
1775	151362
1776	151450
1777	151668
1778	151956
1779	15215
1780	152460
1781	15267
1782	15285
1783	153008
1784	153034
1785	15305
1786	153210
1787	153722
1788	15392
1789	154060
1790	155254
1791	15576
1792	156022
1793	15611
1794	15620
1795	156696
1796	156830
1797	157542
1798	157842
1799	15794
1800	15892
1801	158934
1802	159070
1803	15943
1804	159760
1805	159998
1806	160046
1807	160468
1808	160652
1809	160698
1810	16151
1811	16167
1812	16170
1813	161764
1814	162274
1815	162422
1816	162972
1817	164012
1818	164058
1819	164228
1820	16429
1821	164400
1822	164554
1823	164682
1824	164850
1825	164860
1826	164958
1827	164972
1828	165236
1829	165376
1830	165556
1831	165964
1832	166002
1833	166070
1834	166170
1835	16636
1836	166370
1837	16646
1838	166902
1839	167918
1840	16799
1841	16823
1842	168308
1843	16868
1844	169116
1845	169144
1846	169560
1847	169638
1848	17029
1849	170732
1850	170840
1851	170844
1852	170852
1853	170854
1854	170926
1855	171066
1856	171602
1857	171838
1858	171932
1859	172426
1860	172572
1861	17279
1862	173342
1863	173480
1864	17349
1865	173522
1866	173548
1867	173888
1868	173978
1869	17399
1870	174002
1871	174116
1872	17441
1873	17503
1874	175802
1875	176112
1876	17615
1877	176432
1878	17648
1879	176588
1880	176626
1881	176758
1882	1769
1883	17708
1884	177470
1885	177706
1886	177906
1887	177912
1888	178044
1889	178242
1890	178304
1891	179070
1892	179174
1893	179288
1894	179372
1895	179588
1896	179982
1897	180034
1898	180106
1899	180806
1900	181470
1901	181546
1902	181564
1903	181890
1904	18212
1905	18237
1906	182478
1907	182578
1908	183010
1909	183012
1910	183314
1911	183656
1912	184010
1913	184026
1914	184124
1915	184138
1916	184238
1917	18438
1918	18448
1919	184636
1920	184840
1921	185280
1922	185304
1923	185678
1924	18573
1925	185916
1926	185988
1927	186096
1928	18617
1929	186220
1930	186424
1931	186764
1932	187144
1933	187246
1934	187248
1935	187432
1936	187624
1937	187626
1938	187764
1939	187850
1940	187864
1941	188058
1942	18854
1943	188692
1944	188828
1945	189018
1946	189044
1947	189086
1948	189116
1949	189940
1950	189996
1951	190614
1952	190696
1953	190816
1954	190868
1955	190894
1956	191072
1957	19112
1958	191176
1959	191290
1960	191588
1961	191738
1962	191854
1963	192004
1964	192084
1965	19262
1966	192776
1967	192870
1968	193290
1969	193316
1970	19332
1971	194160
1972	194168
1973	19419
1974	19422
1975	19450
1976	194608
1977	194692
1978	194754
1979	195172
1980	195264
1981	195274
1982	195286
1983	195542
1984	19603
1985	196100
1986	19613
1987	196152
1988	196304
1989	196320
1990	19645
1991	197052
1992	19729
1993	197828
1994	197834
1995	197836
1996	19788
1997	198272
1998	198554
1999	198568
2000	198660
2001	198690
2002	198866
2003	199074
2004	199450
2005	199822
2006	200090
2007	200598
2008	200742
2009	200824
2010	200838
2011	200994
2012	201292
2013	201552
2014	201562
2015	201594
2016	201926
2017	201966
2018	202182
2019	202252
2020	202522
2021	202620
2022	202626
2023	203284
2024	203426
2025	203440
2026	203536
2027	20365
2028	20366
2029	203732
2030	203902
2031	204562
2032	20461
2033	204776
2034	204942
2035	205270
2036	205520
2037	205720
2038	205942
2039	205954
2040	205994
2041	20600
2042	20611
2043	206230
2044	206242
2045	206360
2046	206572
2047	206636
2048	206674
2049	206886
2050	206894
2051	206908
2052	207032
2053	207042
2054	20743
2055	20762
2056	207990
2057	208394
2058	208412
2059	208456
2060	20869
2061	208726
2062	209292
2063	209610
2064	209734
2065	209736
2066	209842
2067	210230
2068	21043
2069	21059
2070	211024
2071	211248
2072	212030
2073	212102
2074	212304
2075	212374
2076	212376
2077	212380
2078	212382
2079	212388
2080	212390
2081	212394
2082	212396
2083	212398
2084	21257
2085	212624
2086	213180
2087	213200
2088	21323
2089	21386
2090	214008
2091	214046
2092	21460
2093	21477
2094	214818
2095	214876
2096	215104
2097	215728
2098	215736
2099	216692
2100	216842
2101	217000
2102	218794
2103	218944
2104	219576
2105	219682
2106	219776
2107	219838
2108	219954
2109	220754
2110	220812
2111	220926
2112	221148
2113	221440
2114	221578
2115	221674
2116	22169
2117	221696
2118	221732
2119	222100
2120	22253
2121	222628
2122	223772
2123	223886
2124	224016
2125	224138
2126	224296
2127	22445
2128	224498
2129	224552
2130	22461
2131	22486
2132	224944
2133	225126
2134	225172
2135	225430
2136	225560
2137	225904
2138	226084
2139	226534
2140	226718
2141	22750
2142	227686
2143	22809
2144	228110
2145	228668
2146	22878
2147	229098
2148	229512
2149	230104
2150	230198
2151	230590
2152	231050
2153	231176
2154	231400
2155	23161
2156	231970
2157	232280
2158	232292
2159	232416
2160	232418
2161	232453
2162	232457
2163	232463
2164	232473
2165	232475
2166	232485
2167	23290
2168	233260
2169	23360
2170	233900
2171	233954
2172	233966
2173	234386
2174	234558
2175	23477
2176	235062
2177	235240
2178	23534
2179	235376
2180	235400
2181	235406
2182	235468
2183	235584
2184	235650
2185	235886
2186	236080
2187	236082
2188	236370
2189	236676
2190	236710
2191	236832
2192	23710
2193	237128
2194	237148
2195	23742
2196	238040
2197	23865
2198	238728
2199	238788
2200	23881
2201	238828
2202	23887
2203	238934
2204	238998
2205	239200
2206	23931
2207	239382
2208	239640
2209	239692
2210	239888
2211	240058
2212	240170
2213	240256
2214	240450
2215	241526
2216	241574
2217	241844
2218	242084
2219	242172
2220	242180
2221	24222
2222	242324
2223	242512
2224	242574
2225	242856
2226	242886
2227	24334
2228	24422
2229	244294
2230	244414
2231	245090
2232	245954
2233	246026
2234	246314
2235	246378
2236	246392
2237	246446
2238	246450
2239	246652
2240	247190
2241	247266
2242	248032
2243	24823
2244	248612
2245	248826
2246	248982
2247	249126
2248	249130
2249	249238
2250	249376
2251	249430
2252	249746
2253	250082
2254	250516
2255	250852
2256	251168
2257	25118
2258	251416
2259	251610
2260	252396
2261	252560
2262	253318
2263	253398
2264	253484
2265	253536
2266	253786
2267	253810
2268	25407
2269	254128
2270	254180
2271	254788
2272	254816
2273	255024
2274	255714
2275	255784
2276	25584
2277	256058
2278	25615
2279	256200
2280	25624
2281	256488
2282	256490
2283	256492
2284	25671
2285	256750
2286	256758
2287	257414
2288	257476
2289	257482
2290	257626
2291	257748
2292	258162
2293	258232
2294	258316
2295	258770
2296	258886
2297	259050
2298	259292
2299	260232
2300	260238
2301	260284
2302	260320
2303	260380
2304	260386
2305	260388
2306	260470
2307	260490
2308	260700
2309	260756
2310	260766
2311	26090
2312	261054
2313	261614
2314	261898
2315	262212
2316	262796
2317	263844
2318	264222
2319	26433
2320	264454
2321	264580
2322	264788
2323	264790
2324	26495
2325	265344
2326	265556
2327	265592
2328	265642
2329	265678
2330	26589
2331	266064
2332	266110
2333	266124
2334	266204
2335	266216
2336	266252
2337	266590
2338	266780
2339	26681
2340	267144
2341	267286
2342	267372
2343	267476
2344	267560
2345	267962
2346	26805
2347	268298
2348	268384
2349	268386
2350	26845
2351	268632
2352	269006
2353	269394
2354	26956
2355	269626
2356	269638
2357	27033
2358	270454
2359	270596
2360	270808
2361	270812
2362	270814
2363	270818
2364	270820
2365	270844
2366	270852
2367	270976
2368	271228
2369	271392
2370	271534
2371	272670
2372	272678
2373	272702
2374	272718
2375	27276
2376	272810
2377	273084
2378	273518
2379	273542
2380	274148
2381	274478
2382	274480
2383	274556
2384	274574
2385	274618
2386	274620
2387	274750
2388	274770
2389	275132
2390	27556
2391	27562
2392	275992
2393	276038
2394	276058
2395	276084
2396	276360
2397	276788
2398	276894
2399	276904
2400	27696
2401	277022
2402	277140
2403	277388
2404	277654
2405	278336
2406	278482
2407	27854
2408	27868
2409	278809
2410	278948
2411	279002
2412	279308
2413	279352
2414	27970
2415	279884
2416	279926
2417	280012
2418	280184
2419	280332
2420	280384
2421	280984
2422	281000
2423	281138
2424	281308
2425	281508
2426	281634
2427	281672
2428	281692
2429	281952
2430	28228
2431	282280
2432	282450
2433	28258
2434	282918
2435	28295
2436	283014
2437	283080
2438	283620
2439	28373
2440	283780
2441	283842
2442	284074
2443	284076
2444	284118
2445	284350
2446	284382
2447	285492
2448	28556
2449	285610
2450	285630
2451	285638
2452	285934
2453	286070
2454	286078
2455	286194
2456	286450
2457	28646
2458	286690
2459	287012
2460	287770
2461	287802
2462	28788
2463	287970
2464	288066
2465	288324
2466	288364
2467	288482
2468	288620
2469	288854
2470	289028
2471	28903
2472	289230
2473	289534
2474	289938
2475	290864
2476	291080
2477	291674
2478	291766
2479	291860
2480	29195
2481	291962
2482	291990
2483	292038
2484	292290
2485	292518
2486	292612
2487	292628
2488	293112
2489	293126
2490	293170
2491	293310
2492	293534
2493	293648
2494	294292
2495	294294
2496	294400
2497	294452
2498	294462
2499	294638
2500	294668
2501	295221
2502	295503
2503	295843
2504	295981
2505	296199
2506	296253
2507	296403
2508	296464
2509	296558
2510	296628
2511	296646
2512	296668
2513	29694
2514	297044
2515	297366
2516	297390
2517	29752
2518	297742
2519	297988
2520	297996
2521	298046
2522	298108
2523	298466
2524	298478
2525	298480
2526	298880
2527	299144
2528	299398
2529	299618
2530	299844
2531	299868
2532	300316
2533	300416
2534	30098
2535	301316
2536	301358
2537	301442
2538	301456
2539	301854
2540	30204
2541	302174
2542	302312
2543	302400
2544	30243
2545	30255
2546	302562
2547	302746
2548	302798
2549	303130
2550	30318
2551	303202
2552	303514
2553	303934
2554	303948
2555	30425
2556	304390
2557	304490
2558	304606
2559	30481
2560	305538
2561	305808
2562	306020
2563	306024
2564	306060
2565	306146
2566	306308
2567	306556
2568	306742
2569	306852
2570	306906
2571	30704
2572	307162
2573	307510
2574	30763
2575	307686
2576	308072
2577	308196
2578	308690
2579	308694
2580	308696
2581	30894
2582	309370
2583	30942
2584	309738
2585	309820
2586	309908
2587	310072
2588	310112
2589	310138
2590	310716
2591	310754
2592	310880
2593	310888
2594	311538
2595	311638
2596	311870
2597	311916
2598	312042
2599	312322
2600	312464
2601	312496
2602	312564
2603	312662
2604	312764
2605	312788
2606	312860
2607	313360
2608	313372
2609	313416
2610	313448
2611	314462
2612	314660
2613	314688
2614	314744
2615	314754
2616	315002
2617	315150
2618	315200
2619	31535
2620	315428
2621	315666
2622	315814
2623	315904
2624	31592
2625	315996
2626	316466
2627	316704
2628	316750
2629	317030
2630	317278
2631	317306
2632	317332
2633	317386
2634	317454
2635	317478
2636	317496
2637	317556
2638	317572
2639	317636
2640	318218
2641	318222
2642	318638
2643	319352
2644	319606
2645	319628
2646	319730
2647	320284
2648	320358
2649	320470
2650	320484
2651	320490
2652	320550
2653	320612
2654	320840
2655	321410
2656	321514
2657	321716
2658	321770
2659	32199
2660	322468
2661	322500
2662	322818
2663	322968
2664	32332
2665	323448
2666	323916
2667	323950
2668	324974
2669	325552
2670	325562
2671	325564
2672	325566
2673	325666
2674	325686
2675	325834
2676	326200
2677	326244
2678	326326
2679	32649
2680	326514
2681	326562
2682	326650
2683	326806
2684	326862
2685	326958
2686	32714
2687	327186
2688	327264
2689	327282
2690	327448
2691	32747
2692	327666
2693	32781
2694	328266
2695	328274
2696	328292
2697	328294
2698	328386
2699	328476
2700	328808
2701	328832
2702	328976
2703	32939
2704	329650
2705	329654
2706	329726
2707	329746
2708	329824
2709	329970
2710	33002
2711	330062
2712	330144
2713	330386
2714	330900
2715	33123
2716	33145
2717	331738
2718	33191
2719	332140
2720	33215
2721	332662
2722	333074
2723	333470
2724	33369
2725	333692
2726	333808
2727	333886
2728	333946
2729	334174
2730	334320
2731	334330
2732	334422
2733	334488
2734	334660
2735	334760
2736	335262
2737	335544
2738	335610
2739	335742
2740	336050
2741	336104
2742	336172
2743	336182
2744	336258
2745	336400
2746	336426
2747	336580
2748	336784
2749	336910
2750	336938
2751	337072
2752	337074
2753	337102
2754	337120
2755	337128
2756	337202
2757	338184
2758	338262
2759	338314
2760	338324
2761	338364
2762	338804
2763	338822
2764	33895
2765	339022
2766	339188
2767	339266
2768	339406
2769	339630
2770	339686
2771	339900
2772	339906
2773	339938
2774	340104
2775	340314
2776	340362
2777	340650
2778	340844
2779	341026
2780	341182
2781	341400
2782	341502
2783	342056
2784	342074
2785	342084
2786	342122
2787	342220
2788	342224
2789	342228
2790	34268
2791	342720
2792	342762
2793	343008
2794	343102
2795	343172
2796	343262
2797	343336
2798	343514
2799	343528
2800	343744
2801	343768
2802	343772
2803	343816
2804	344044
2805	344224
2806	345178
2807	345340
2808	346826
2809	346938
2810	348116
2811	348146
2812	34882
2813	348940
2814	34897
2815	349144
2816	349334
2817	349380
2818	349586
2819	349722
2820	349798
2821	349880
2822	349958
2823	350176
2824	350224
2825	350802
2826	350872
2827	35094
2828	351090
2829	351142
2830	351310
2831	351532
2832	351570
2833	351960
2834	352132
2835	352150
2836	352268
2837	352440
2838	352508
2839	352838
2840	353044
2841	353140
2842	353144
2843	353236
2844	35351
2845	354176
2846	354422
2847	354532
2848	354886
2849	355212
2850	355622
2851	355654
2852	355662
2853	356030
2854	356084
2855	356578
2856	356840
2857	356910
2858	357064
2859	357246
2860	357322
2861	357334
2862	357726
2863	357898
2864	357982
2865	358062
2866	358076
2867	358090
2868	358280
2869	358398
2870	358480
2871	358508
2872	358540
2873	358618
2874	358740
2875	358866
2876	359100
2877	359550
2878	359866
2879	360206
2880	360214
2881	360248
2882	360538
2883	360556
2884	360760
2885	360920
2886	361272
2887	361308
2888	36152
2889	361574
2890	361810
2891	361842
2892	361946
2893	361978
2894	362166
2895	362260
2896	362328
2897	362520
2898	362632
2899	362818
2900	362824
2901	36311
2902	363332
2903	363348
2904	363488
2905	363578
2906	363630
2907	363854
2908	363908
2909	364184
2910	364384
2911	364426
2912	364530
2913	364610
2914	364616
2915	364642
2916	364716
2917	364810
2918	365070
2919	365176
2920	365362
2921	365516
2922	365672
2923	365696
2924	365968
2925	366026
2926	366158
2927	366280
2928	366720
2929	366760
2930	366844
2931	367364
2932	367468
2933	367694
2934	367778
2935	367888
2936	367976
2937	368340
2938	368679
2939	368816
2940	368874
2941	369132
2942	369146
2943	369160
2944	369162
2945	369340
2946	369528
2947	369660
2948	369662
2949	369726
2950	369742
2951	369762
2952	370058
2953	370098
2954	370166
2955	370474
2956	370636
2957	370662
2958	370686
2959	370752
2960	370774
2961	370836
2962	370888
2963	370898
2964	370926
2965	371074
2966	371090
2967	371100
2968	371220
2969	371410
2970	371666
2971	371734
2972	371912
2973	371916
2974	372416
2975	372516
2976	372518
2977	372570
2978	372624
2979	372782
2980	37310
2981	373154
2982	373208
2983	373308
2984	373524
2985	373546
2986	373590
2987	373674
2988	373690
2989	373708
2990	373716
2991	374214
2992	374222
2993	374328
2994	374368
2995	374568
2996	374590
2997	374904
2998	374962
2999	374976
3000	375032
3001	375054
3002	375136
3003	375164
3004	375288
3005	375380
3006	375594
3007	375614
3008	375624
3009	375728
3010	375842
3011	375985
3012	376015
3013	376096
3014	376402
3015	376472
3016	37684
3017	376876
3018	377116
3019	377218
3020	377332
3021	377576
3022	377630
3023	377716
3024	378014
3025	378032
3026	378094
3027	378226
3028	378298
3029	378384
3030	378662
3031	37868
3032	378718
3033	378726
3034	378782
3035	378838
3036	378912
3037	378924
3038	378936
3039	379080
3040	379374
3041	37940
3042	379644
3043	379702
3044	379706
3045	379722
3046	379804
3047	379838
3048	38008
3049	380092
3050	380178
3051	38034
3052	380544
3053	380582
3054	380628
3055	380630
3056	380668
3057	380804
3058	380872
3059	38097
3060	380970
3061	380988
3062	381082
3063	381354
3064	381524
3065	381562
3066	381588
3067	381766
3068	381850
3069	381876
3070	382002
3071	382182
3072	382204
3073	382244
3074	382258
3075	382394
3076	382516
3077	382606
3078	38266
3079	382786
3080	38282
3081	382968
3082	382992
3083	383124
3084	383414
3085	383534
3086	383576
3087	383596
3088	383604
3089	383708
3090	383716
3091	38374
3092	383952
3093	384092
3094	384094
3095	384266
3096	384318
3097	384442
3098	384458
3099	384494
3100	384496
3101	384660
3102	38468
3103	384724
3104	384972
3105	384978
3106	385034
3107	385112
3108	385126
3109	385218
3110	385282
3111	385402
3112	385444
3113	385454
3114	385462
3115	385684
3116	385914
3117	385984
3118	386066
3119	386242
3120	386766
3121	387152
3122	387206
3123	387310
3124	387320
3125	387400
3126	387402
3127	387430
3128	387820
3129	387910
3130	388198
3131	388446
3132	388554
3133	389002
3134	38915
3135	389190
3136	389240
3137	389302
3138	389312
3139	389522
3140	389982
3141	390104
3142	390408
3143	390436
3144	390866
3145	390962
3146	390980
3147	391054
3148	391546
3149	391556
3150	391590
3151	391750
3152	39181
3153	392002
3154	392004
3155	392008
3156	392020
3157	392032
3158	392396
3159	392584
3160	39292
3161	393166
3162	393268
3163	393296
3164	393306
3165	393454
3166	393614
3167	393888
3168	393928
3169	394064
3170	394084
3171	394434
3172	394452
3173	394524
3174	394676
3175	394686
3176	394968
3177	395140
3178	39515
3179	395468
3180	39551
3181	395822
3182	396204
3183	396520
3184	396738
3185	396876
3186	397068
3187	397394
3188	397460
3189	397676
3190	397760
3191	397930
3192	397936
3193	398020
3194	398298
3195	398400
3196	398456
3197	398544
3198	398732
3199	399024
3200	399228
3201	399334
3202	399444
3203	399488
3204	399640
3205	399938
3206	400028
3207	40013
3208	40017
3209	40039
3210	400686
3211	401554
3212	401578
3213	401708
3214	401784
3215	402056
3216	402508
3217	402836
3218	402890
3219	403100
3220	403186
3221	403190
3222	403314
3223	403602
3224	403604
3225	403754
3226	403770
3227	403908
3228	404576
3229	404582
3230	404622
3231	404753
3232	404904
3233	404944
3234	405252
3235	405282
3236	405440
3237	405456
3238	405488
3239	405520
3240	405818
3241	405840
3242	405878
3243	405926
3244	40636
3245	406458
3246	406504
3247	406814
3248	406820
3249	406938
3250	407084
3251	407222
3252	407294
3253	407408
3254	407442
3255	407646
3256	407984
3257	408054
3258	408082
3259	408176
3260	408204
3261	408430
3262	408440
3263	408524
3264	408556
3265	408566
3266	409030
3267	409244
3268	409306
3269	409618
3270	409634
3271	409660
3272	41016
3273	410170
3274	410274
3275	410522
3276	410930
3277	411168
3278	411446
3279	411462
3280	41149
3281	412034
3282	412414
3283	412438
3284	41269
3285	41273
3286	412738
3287	41295
3288	412952
3289	412998
3290	41305
3291	413180
3292	413192
3293	413234
3294	413274
3295	413494
3296	413508
3297	41356
3298	413572
3299	413618
3300	413650
3301	413713
3302	413747
3303	41403
3304	414212
3305	414440
3306	414630
3307	414662
3308	414752
3309	414930
3310	415024
3311	415058
3312	415074
3313	415284
3314	415720
3315	416212
3316	416442
3317	416542
3318	416548
3319	416748
3320	416836
3321	416924
3322	417118
3323	417262
3324	417316
3325	417358
3326	417540
3327	417732
3328	417914
3329	418098
3330	418222
3331	418320
3332	418386
3333	418476
3334	418576
3335	41878
3336	418786
3337	41884
3338	418882
3339	41899
3340	419046
3341	419262
3342	419318
3343	419360
3344	419374
3345	419404
3346	419458
3347	419616
3348	419658
3349	419684
3350	419730
3351	420052
3352	420242
3353	420290
3354	42038
3355	420384
3356	420518
3357	420652
3358	420664
3359	420866
3360	420982
3361	421018
3362	421168
3363	421180
3364	421216
3365	421532
3366	421540
3367	421758
3368	421806
3369	421888
3370	42197
3371	422306
3372	422430
3373	422476
3374	422702
3375	42271
3376	423010
3377	423092
3378	42397
3379	42401
3380	424302
3381	42442
3382	424538
3383	424566
3384	42482
3385	424864
3386	42491
3387	424958
3388	425058
3389	425084
3390	425086
3391	425094
3392	425504
3393	425522
3394	425576
3395	425742
3396	425910
3397	426196
3398	42634
3399	42642
3400	42643
3401	42645
3402	42651
3403	426570
3404	426756
3405	426760
3406	426838
3407	426982
3408	427140
3409	427148
3410	427266
3411	427300
3412	427366
3413	427530
3414	427836
3415	428174
3416	428186
3417	428316
3418	428366
3419	428432
3420	428490
3421	428500
3422	428514
3423	428998
3424	429062
3425	429364
3426	429414
3427	429662
3428	42983
3429	429834
3430	429876
3431	430134
3432	430228
3433	430238
3434	430408
3435	430460
3436	430682
3437	430706
3438	430916
3439	430932
3440	431094
3441	431168
3442	431576
3443	431806
3444	431986
3445	432064
3446	432074
3447	432164
3448	432224
3449	432446
3450	432514
3451	43256
3452	432700
3453	432704
3454	432716
3455	432892
3456	432902
3457	433024
3458	433102
3459	43319
3460	433242
3461	433280
3462	433710
3463	433790
3464	433798
3465	433944
3466	433966
3467	434000
3468	434058
3469	434130
3470	434152
3471	434346
3472	434398
3473	43441
3474	434722
3475	434774
3476	434872
3477	434934
3478	434984
3479	435078
3480	435182
3481	43540
3482	435686
3483	435764
3484	436210
3485	436554
3486	436644
3487	436858
3488	436870
3489	436966
3490	43718
3491	437378
3492	437398
3493	437458
3494	437490
3495	437658
3496	437776
3497	437860
3498	437992
3499	438174
3500	438420
3501	438522
3502	438552
3503	438570
3504	438970
3505	439122
3506	439362
3507	439496
3508	439704
3509	439996
3510	440006
3511	440014
3512	440118
3513	440326
3514	440566
3515	44087
3516	44090
3517	440950
3518	441044
3519	441112
3520	441606
3521	441634
3522	441772
3523	441798
3524	441848
3525	441920
3526	442254
3527	442474
3528	44256
3529	442580
3530	442690
3531	442738
3532	442872
3533	442896
3534	44319
3535	443658
3536	443746
3537	443872
3538	444004
3539	444030
3540	444228
3541	444286
3542	444384
3543	444470
3544	444478
3545	444504
3546	444722
3547	444734
3548	445170
3549	445314
3550	445324
3551	445534
3552	445650
3553	445854
3554	445920
3555	446074
3556	446108
3557	446134
3558	446162
3559	446566
3560	446608
3561	446710
3562	446736
3563	446846
3564	44689
3565	446936
3566	446940
3567	446988
3568	447244
3569	447246
3570	447248
3571	447362
3572	447482
3573	447734
3574	447758
3575	447780
3576	447796
3577	44786
3578	448168
3579	448178
3580	44836
3581	448470
3582	448532
3583	448574
3584	44873
3585	448830
3586	448878
3587	44897
3588	449050
3589	449054
3590	449224
3591	449456
3592	449532
3593	449542
3594	449606
3595	449788
3596	45006
3597	450068
3598	45018
3599	450376
3600	450394
3601	450694
3602	450718
3603	450884
3604	450908
3605	450914
3606	450918
3607	451190
3608	45136
3609	451360
3610	45139
3611	451780
3612	451950
3613	451960
3614	452010
3615	452092
3616	452208
3617	452232
3618	452254
3619	452264
3620	45229
3621	452336
3622	452400
3623	452482
3624	452576
3625	452650
3626	452684
3627	452884
3628	452936
3629	45297
3630	453088
3631	453144
3632	453290
3633	453646
3634	453654
3635	453832
3636	453858
3637	453908
3638	454036
3639	454144
3640	454722
3641	455146
3642	45551
3643	455604
3644	455888
3645	456132
3646	456284
3647	456302
3648	456460
3649	45941
3650	459482
3651	459496
3652	459922
3653	45993
3654	459948
3655	460056
3656	460278
3657	460420
3658	460570
3659	460604
3660	460700
3661	461042
3662	461100
3663	461142
3664	461160
3665	461176
3666	461362
3667	461458
3668	461546
3669	461584
3670	461612
3671	46169
3672	461740
3673	46182
3674	46257
3675	462572
3676	462620
3677	462668
3678	462828
3679	463048
3680	463840
3681	46418
3682	464428
3683	464756
3684	464914
3685	465038
3686	46538
3687	465818
3688	465870
3689	466000
3690	466208
3691	466296
3692	466328
3693	466664
3694	466670
3695	466702
3696	466736
3697	466762
3698	466772
3699	466978
3700	467258
3701	467294
3702	46738
3703	467382
3704	46747
3705	467470
3706	467568
3707	467596
3708	468118
3709	468138
3710	468172
3711	468206
3712	468216
3713	468424
3714	468698
3715	468726
3716	468916
3717	46912
3718	469292
3719	469800
3720	469860
3721	469996
3722	47004
3723	470288
3724	470398
3725	470406
3726	470412
3727	470424
3728	470538
3729	470846
3730	471060
3731	471336
3732	471376
3733	471428
3734	471530
3735	471704
3736	471952
3737	472066
3738	472214
3739	472310
3740	472416
3741	472444
3742	472510
3743	472526
3744	47267
3745	472704
3746	47285
3747	472958
3748	473006
3749	473108
3750	473160
3751	473250
3752	473338
3753	47337
3754	473372
3755	473548
3756	473622
3757	473944
3758	474150
3759	474238
3760	474246
3761	474314
3762	474928
3763	475022
3764	475032
3765	475170
3766	475212
3767	475250
3768	475634
3769	475806
3770	476408
3771	476506
3772	476538
3773	47666
3774	476758
3775	476792
3776	47712
3777	477238
3778	477250
3779	477266
3780	477702
3781	477760
3782	477888
3783	477944
3784	477958
3785	47806
3786	478138
3787	47817
3788	478170
3789	478692
3790	478794
3791	479138
3792	47929
3793	479440
3794	47963
3795	479690
3796	479712
3797	479776
3798	47991
3799	479950
3800	479966
3801	47997
3802	480068
3803	48023
3804	480344
3805	480414
3806	48044
3807	480494
3808	480536
3809	480548
3810	480752
3811	480828
3812	480894
3813	481002
3814	481344
3815	481380
3816	481434
3817	481696
3818	481724
3819	481776
3820	481798
3821	48218
3822	48237
3823	482404
3824	482564
3825	482672
3826	482754
3827	48283
3828	482834
3829	482854
3830	482996
3831	483114
3832	483166
3833	483224
3834	483304
3835	483402
3836	483614
3837	48362
3838	483692
3839	483924
3840	484008
3841	484014
3842	484070
3843	484088
3844	484114
3845	48424
3846	484342
3847	484366
3848	484388
3849	48456
3850	484606
3851	484894
3852	484990
3853	48500
3854	485114
3855	48631
3856	486354
3857	486568
3858	486628
3859	486672
3860	486706
3861	486808
3862	486884
3863	487154
3864	487226
3865	487450
3866	487490
3867	487506
3868	487558
3869	487624
3870	487822
3871	48831
3872	48841
3873	489146
3874	489318
3875	489532
3876	489682
3877	490006
3878	490356
3879	490382
3880	490610
3881	49068
3882	490754
3883	491352
3884	491482
3885	491640
3886	491730
3887	492166
3888	492172
3889	492186
3890	492224
3891	49250
3892	492596
3893	492808
3894	492818
3895	493042
3896	493178
3897	493242
3898	493288
3899	49340
3900	493436
3901	493454
3902	49361
3903	493770
3904	493856
3905	493864
3906	494078
3907	494152
3908	494216
3909	494266
3910	494514
3911	494960
3912	495082
3913	495392
3914	495484
3915	495530
3916	495678
3917	495742
3918	495818
3919	495870
3920	495890
3921	495958
3922	496050
3923	496276
3924	496278
3925	496280
3926	496514
3927	496586
3928	496924
3929	496954
3930	496960
3931	497274
3932	49745
3933	497736
3934	49779
3935	49798
3936	49807
3937	498158
3938	498224
3939	498506
3940	498706
3941	49886
3942	498972
3943	499086
3944	499088
3945	499104
3946	499284
3947	499408
3948	499534
3949	499632
3950	499888
3951	500014
3952	500062
3953	500072
3954	500206
3955	500628
3956	500632
3957	500690
3958	501140
3959	501238
3960	501290
3961	50132
3962	501438
3963	501652
3964	501856
3965	501882
3966	502138
3967	502240
3968	502436
3969	502462
3970	50274
3971	502772
3972	502900
3973	502924
3974	502938
3975	503030
3976	503306
3977	503406
3978	503666
3979	50369
3980	503806
3981	503980
3982	504036
3983	504270
3984	504530
3985	504680
3986	504716
3987	504774
3988	505136
3989	505208
3990	50522
3991	505258
3992	50528
3993	505796
3994	505804
3995	505902
3996	505944
3997	505962
3998	506062
3999	506266
4000	506512
4001	506514
4002	506788
4003	50687
4004	506878
4005	506916
4006	506948
4007	506966
4008	507064
4009	50735
4010	507486
4011	507706
4012	507714
4013	507826
4014	507992
4015	508000
4016	508228
4017	508302
4018	508312
4019	508338
4020	508508
4021	508588
4022	508614
4023	508736
4024	508764
4025	508810
4026	508866
4027	509114
4028	509618
4029	509670
4030	509918
4031	511062
4032	511168
4033	511222
4034	51133
4035	511378
4036	511424
4037	511796
4038	511838
4039	511884
4040	511902
4041	511934
4042	512000
4043	51204
4044	512094
4045	512278
4046	512304
4047	512470
4048	512546
4049	512678
4050	512928
4051	513092
4052	513244
4053	513292
4054	51345
4055	513716
4056	513776
4057	513786
4058	513958
4059	514066
4060	514092
4061	514182
4062	514216
4063	51428
4064	514304
4065	514526
4066	514734
4067	514920
4068	514982
4069	515146
4070	515188
4071	515220
4072	515322
4073	515326
4074	515398
4075	515532
4076	515702
4077	515888
4078	516062
4079	516064
4080	516102
4081	516394
4082	516446
4083	516460
4084	516484
4085	516846
4086	516868
4087	516872
4088	516894
4089	51695
4090	517404
4091	51770
4092	517842
4093	517980
4094	518038
4095	518136
4096	518152
4097	518498
4098	518540
4099	518870
4100	518902
4101	519050
4102	519196
4103	519400
4104	519406
4105	519442
4106	519476
4107	519498
4108	519554
4109	519776
4110	519912
4111	519952
4112	520022
4113	520116
4114	520206
4115	520246
4116	520468
4117	520524
4118	520766
4119	521072
4120	521342
4121	521440
4122	521574
4123	521580
4124	521628
4125	521718
4126	521780
4127	522076
4128	522094
4129	522140
4130	522458
4131	522470
4132	52253
4133	522596
4134	522910
4135	523082
4136	523138
4137	523362
4138	523406
4139	523496
4140	523610
4141	523788
4142	523870
4143	523894
4144	523966
4145	524082
4146	524138
4147	524164
4148	524230
4149	52457
4150	524686
4151	524852
4152	524990
4153	525034
4154	525038
4155	525114
4156	52512
4157	525120
4158	525128
4159	525156
4160	525242
4161	525394
4162	525446
4163	525760
4164	525788
4165	525818
4166	526000
4167	526104
4168	526136
4169	526534
4170	526696
4171	52700
4172	527020
4173	527468
4174	527796
4175	527952
4176	527956
4177	528114
4178	528192
4179	528358
4180	528412
4181	528460
4182	528670
4183	528682
4184	528856
4185	528930
4186	529028
4187	529326
4188	529438
4189	529444
4190	529554
4191	529638
4192	52980
4193	529842
4194	530022
4195	530088
4196	530092
4197	530308
4198	530426
4199	531148
4200	531290
4201	531360
4202	531400
4203	531490
4204	531846
4205	531898
4206	531954
4207	531984
4208	532412
4209	532454
4210	532536
4211	53256
4212	532936
4213	533036
4214	533140
4215	533422
4216	533534
4217	533682
4218	533716
4219	533978
4220	534066
4221	534240
4222	534376
4223	534592
4224	535034
4225	535076
4226	535084
4227	535336
4228	535456
4229	535562
4230	535622
4231	535696
4232	535698
4233	535904
4234	535966
4235	53600
4236	53611
4237	536248
4238	53639
4239	536434
4240	536482
4241	536488
4242	536526
4243	53670
4244	536706
4245	536884
4246	537008
4247	537282
4248	537484
4249	53767
4250	537712
4251	537750
4252	537812
4253	537894
4254	538036
4255	538054
4256	538294
4257	538400
4258	538624
4259	538664
4260	538958
4261	538984
4262	53908
4263	53911
4264	539130
4265	539250
4266	539378
4267	540090
4268	540270
4269	540450
4270	540724
4271	540813
4272	540824
4273	540890
4274	540916
4275	541192
4276	541428
4277	541466
4278	54155
4279	541594
4280	541692
4281	541948
4282	54197
4283	542044
4284	542176
4285	542254
4286	542342
4287	542402
4288	542510
4289	54257
4290	542748
4291	543070
4292	543090
4293	543210
4294	543230
4295	543242
4296	543344
4297	543350
4298	543406
4299	543600
4300	543766
4301	543770
4302	543984
4303	544332
4304	544388
4305	544398
4306	544600
4307	544730
4308	544828
4309	544860
4310	54487
4311	54520
4312	545520
4313	54557
4314	54566
4315	545668
4316	545678
4317	545690
4318	545934
4319	546164
4320	546338
4321	546480
4322	546510
4323	546692
4324	546700
4325	546924
4326	546960
4327	546990
4328	547072
4329	54775
4330	548018
4331	548028
4332	548030
4333	548058
4334	548062
4335	548068
4336	548078
4337	548194
4338	548278
4339	548592
4340	548682
4341	548762
4342	548800
4343	54898
4344	549180
4345	549232
4346	549328
4347	549492
4348	549516
4349	549518
4350	549728
4351	549960
4352	549998
4353	550604
4354	550664
4355	550740
4356	550920
4357	550998
4358	551298
4359	551338
4360	55139
4361	551498
4362	551524
4363	551702
4364	551902
4365	551930
4366	551968
4367	552198
4368	552258
4369	552354
4370	552508
4371	552524
4372	552594
4373	552598
4374	552622
4375	552650
4376	552670
4377	552672
4378	552884
4379	552922
4380	553084
4381	553454
4382	553582
4383	553612
4384	553636
4385	553876
4386	554014
4387	554318
4388	554342
4389	554384
4390	554474
4391	554478
4392	554570
4393	554972
4394	555100
4395	555122
4396	555324
4397	555382
4398	555462
4399	555524
4400	555696
4401	55577
4402	555798
4403	555952
4404	555984
4405	556144
4406	556248
4407	556348
4408	556434
4409	556534
4410	556814
4411	556954
4412	557168
4413	557358
4414	557386
4415	557414
4416	557586
4417	557800
4418	557882
4419	557894
4420	558014
4421	558076
4422	558096
4423	558310
4424	558554
4425	558620
4426	558650
4427	558720
4428	559028
4429	559144
4430	559196
4431	559512
4432	559626
4433	559704
4434	559808
4435	559886
4436	560328
4437	560388
4438	560436
4439	560664
4440	560720
4441	560774
4442	560838
4443	560928
4444	560990
4445	560996
4446	561136
4447	561188
4448	561594
4449	561824
4450	561900
4451	561920
4452	562260
4453	562264
4454	562408
4455	562432
4456	562720
4457	562796
4458	563066
4459	563070
4460	563248
4461	563478
4462	563668
4463	563708
4464	563716
4465	563880
4466	564366
4467	564406
4468	564552
4469	564598
4470	564966
4471	565000
4472	565078
4473	565120
4474	565282
4475	565384
4476	565612
4477	565694
4478	56582
4479	565840
4480	56585
4481	566064
4482	566248
4483	566300
4484	566378
4485	566404
4486	566534
4487	56660
4488	566678
4489	566910
4490	56713
4491	567176
4492	567340
4493	567370
4494	567538
4495	567564
4496	567828
4497	568046
4498	568166
4499	568412
4500	568416
4501	568610
4502	569304
4503	569482
4504	56966
4505	569950
4506	570072
4507	570416
4508	570422
4509	570544
4510	570674
4511	570704
4512	570868
4513	570926
4514	571044
4515	571142
4516	57129
4517	571298
4518	57153
4519	571690
4520	571730
4521	571876
4522	572124
4523	572268
4524	572270
4525	572338
4526	572350
4527	572380
4528	572462
4529	572850
4530	573008
4531	573064
4532	573526
4533	573646
4534	573716
4535	573868
4536	573978
4537	573982
4538	573984
4539	573994
4540	574030
4541	574082
4542	574120
4543	57427
4544	574332
4545	574350
4546	574876
4547	574878
4548	574974
4549	575076
4550	575228
4551	575308
4552	575434
4553	575556
4554	575592
4555	575644
4556	575676
4557	575880
4558	575948
4559	576054
4560	576636
4561	576646
4562	576694
4563	576722
4564	576946
4565	577248
4566	577354
4567	577580
4568	577622
4569	577894
4570	577900
4571	578030
4572	578112
4573	578192
4574	578350
4575	578762
4576	578928
4577	578950
4578	579018
4579	579160
4580	579338
4581	579390
4582	579468
4583	579540
4584	579706
4585	579938
4586	580224
4587	580316
4588	580320
4589	580342
4590	580442
4591	580466
4592	580484
4593	580506
4594	580526
4595	580876
4596	581034
4597	581036
4598	581256
4599	581436
4600	581840
4601	581854
4602	581908
4603	582056
4604	58206
4605	58207
4606	582288
4607	582392
4608	582450
4609	582636
4610	582642
4611	582648
4612	582720
4613	582744
4614	582750
4615	582816
4616	582982
4617	58325
4618	583682
4619	583708
4620	583726
4621	583752
4622	58429
4623	584308
4624	584410
4625	584472
4626	584648
4627	584666
4628	584758
4629	584786
4630	585004
4631	585064
4632	585066
4633	585232
4634	585288
4635	585496
4636	585550
4637	585566
4638	585752
4639	585782
4640	585916
4641	58622
4642	586442
4643	586534
4644	586902
4645	586948
4646	587144
4647	587146
4648	587150
4649	587346
4650	587634
4651	587902
4652	588172
4653	588276
4654	588282
4655	58838
4656	588442
4657	588694
4658	589110
4659	589308
4660	589342
4661	589550
4662	58977
4663	589862
4664	589876
4665	59014
4666	590406
4667	590412
4668	590622
4669	590962
4670	590990
4671	590992
4672	591114
4673	591116
4674	591186
4675	591194
4676	591202
4677	591298
4678	591318
4679	591320
4680	591340
4681	591376
4682	591930
4683	592064
4684	592074
4685	592180
4686	592236
4687	592338
4688	592352
4689	592466
4690	592594
4691	592744
4692	592896
4693	592918
4694	593074
4695	593108
4696	593128
4697	593170
4698	593456
4699	593460
4700	593544
4701	593666
4702	593730
4703	593750
4704	593808
4705	59408
4706	594242
4707	594274
4708	594360
4709	594390
4710	594468
4711	594524
4712	595010
4713	595070
4714	595228
4715	59526
4716	59527
4717	595294
4718	595328
4719	59535
4720	595430
4721	595516
4722	595620
4723	595728
4724	595818
4725	59583
4726	595876
4727	596046
4728	596598
4729	59695
4730	597142
4731	597168
4732	597442
4733	597468
4734	597700
4735	597716
4736	597732
4737	597768
4738	598086
4739	598464
4740	598520
4741	598650
4742	598764
4743	598848
4744	598968
4745	599024
4746	599100
4747	599170
4748	599272
4749	599316
4750	59935
4751	599378
4752	599504
4753	599510
4754	599532
4755	599570
4756	599614
4757	599732
4758	599828
4759	60006
4760	600086
4761	600128
4762	600178
4763	600402
4764	600486
4765	600500
4766	600508
4767	60056
4768	600608
4769	60061
4770	600686
4771	600864
4772	601864
4773	602084
4774	602218
4775	602334
4776	602640
4777	602688
4778	602702
4779	602716
4780	602900
4781	60318
4782	603190
4783	60344
4784	60346
4785	603500
4786	603660
4787	603746
4788	603778
4789	603872
4790	604044
4791	604294
4792	604314
4793	604626
4794	604696
4795	604720
4796	604972
4797	604996
4798	605240
4799	605750
4800	605802
4801	606168
4802	606336
4803	606572
4804	606590
4805	60670
4806	606756
4807	606772
4808	606976
4809	607048
4810	607056
4811	607058
4812	607072
4813	607218
4814	607816
4815	60792
4816	608236
4817	608250
4818	608272
4819	608418
4820	608522
4821	609010
4822	609178
4823	609348
4824	609466
4825	609482
4826	609786
4827	609956
4828	609984
4829	609988
4830	610076
4831	610338
4832	610380
4833	610478
4834	610546
4835	61058
4836	610702
4837	610740
4838	610968
4839	610996
4840	611216
4841	611308
4842	611370
4843	611518
4844	611532
4845	611688
4846	611728
4847	611804
4848	611904
4849	611936
4850	611970
4851	612028
4852	612308
4853	612994
4854	613190
4855	613214
4856	613320
4857	61357
4858	613670
4859	613786
4860	613808
4861	613946
4862	614142
4863	614408
4864	614472
4865	614584
4866	614640
4867	614772
4868	614832
4869	614930
4870	614962
4871	614988
4872	615106
4873	615274
4874	615558
4875	615950
4876	616038
4877	616072
4878	616086
4879	61609
4880	616400
4881	616478
4882	616854
4883	616958
4884	616990
4885	617158
4886	617212
4887	617656
4888	617796
4889	617922
4890	617930
4891	618110
4892	618128
4893	618670
4894	618736
4895	618772
4896	618962
4897	619194
4898	619222
4899	619260
4900	619276
4901	619690
4902	619692
4903	619698
4904	620040
4905	620184
4906	620348
4907	620476
4908	620486
4909	620526
4910	620660
4911	62086
4912	620926
4913	621022
4914	621096
4915	621152
4916	621280
4917	621330
4918	621364
4919	621516
4920	621558
4921	621822
4922	622078
4923	622106
4924	622130
4925	622228
4926	622414
4927	622466
4928	622586
4929	622796
4930	622824
4931	622826
4932	622886
4933	623168
4934	623526
4935	623530
4936	623618
4937	62400
4938	624060
4939	624252
4940	624370
4941	624548
4942	624578
4943	624656
4944	624788
4945	62497
4946	625034
4947	62511
4948	625186
4949	625204
4950	625236
4951	625390
4952	625454
4953	625568
4954	62564
4955	625798
4956	625846
4957	626052
4958	62606
4959	626202
4960	626414
4961	626542
4962	626548
4963	626702
4964	627016
4965	627032
4966	627174
4967	62721
4968	627298
4969	627428
4970	627464
4971	627504
4972	627540
4973	627556
4974	62768
4975	627692
4976	627730
4977	628174
4978	628210
4979	628222
4980	628322
4981	628356
4982	628440
4983	628466
4984	628474
4985	628540
4986	628588
4987	628596
4988	628670
4989	628786
4990	628796
4991	628890
4992	629044
4993	629082
4994	629084
4995	629090
4996	629142
4997	629218
4998	629302
4999	629344
5000	629374
5001	629398
5002	629418
5003	629638
5004	629672
5005	629676
5006	630050
5007	630112
5008	630578
5009	630582
5010	630716
5011	630762
5012	630952
5013	630982
5014	631128
5015	631166
5016	631226
5017	631510
5018	631646
5019	631656
5020	631660
5021	631674
5022	631746
5023	631754
5024	631827
5025	631854
5026	632136
5027	632228
5028	63229
5029	632394
5030	632414
5031	63244
5032	632782
5033	632826
5034	632980
5035	633008
5036	633330
5037	633408
5038	633466
5039	633526
5040	633612
5041	633714
5042	633796
5043	633832
5044	633976
5045	634026
5046	634256
5047	634278
5048	634348
5049	634362
5050	634528
5051	634546
5052	634634
5053	634724
5054	634754
5055	634854
5056	635090
5057	635114
5058	635120
5059	635140
5060	635198
5061	635248
5062	635272
5063	63535
5064	635438
5065	635514
5066	635528
5067	635624
5068	635694
5069	635824
5070	635882
5071	636008
5072	636112
5073	63612
5074	636184
5075	636340
5076	636348
5077	636442
5078	636544
5079	636598
5080	63665
5081	636806
5082	636808
5083	636822
5084	637176
5085	637194
5086	637402
5087	637620
5088	637840
5089	637908
5090	637922
5091	637930
5092	637932
5093	63799
5094	638292
5095	638404
5096	638604
5097	638908
5098	638922
5099	638936
5100	638966
5101	639048
5102	639082
5103	639230
5104	639536
5105	639568
5106	639654
5107	639848
5108	639852
5109	639876
5110	639984
5111	640100
5112	640198
5113	640212
5114	640274
5115	640284
5116	640332
5117	640408
5118	640450
5119	640600
5120	640620
5121	640808
5122	640860
5123	640940
5124	64098
5125	641236
5126	64143
5127	641578
5128	641670
5129	641868
5130	642078
5131	642102
5132	642150
5133	642210
5134	642400
5135	642410
5136	642528
5137	642608
5138	642612
5139	642696
5140	642940
5141	643206
5142	643464
5143	643800
5144	644000
5145	64422
5146	64431
5147	644490
5148	644514
5149	644520
5150	644570
5151	644588
5152	644636
5153	644766
5154	644926
5155	644938
5156	644980
5157	645126
5158	645202
5159	645290
5160	645714
5161	645792
5162	645826
5163	645950
5164	645980
5165	64605
5166	646056
5167	646068
5168	646070
5169	646076
5170	646370
5171	646526
5172	646618
5173	646684
5174	646790
5175	646896
5176	646934
5177	647104
5178	647246
5179	647330
5180	647410
5181	647428
5182	647498
5183	647532
5184	647564
5185	647660
5186	647844
5187	647954
5188	648022
5189	648056
5190	648102
5191	648112
5192	648118
5193	648120
5194	648310
5195	648332
5196	648448
5197	648456
5198	64846
5199	648548
5200	64858
5201	648736
5202	648748
5203	648826
5204	648872
5205	648898
5206	649056
5207	649070
5208	649112
5209	649222
5210	649628
5211	649690
5212	649780
5213	650276
5214	650328
5215	650714
5216	650758
5217	650794
5218	651100
5219	651168
5220	651388
5221	651780
5222	651990
5223	65208
5224	652376
5225	652438
5226	652628
5227	652950
5228	65306
5229	653262
5230	65330
5231	653360
5232	65355
5233	653550
5234	653754
5235	653846
5236	653868
5237	654038
5238	654086
5239	654304
5240	654390
5241	654392
5242	654422
5243	654452
5244	654606
5245	654680
5246	654736
5247	654790
5248	654832
5249	65492
5250	654966
5251	654998
5252	655066
5253	655208
5254	65527
5255	65542
5256	655572
5257	655608
5258	655940
5259	656024
5260	65618
5261	656218
5262	656432
5263	656522
5264	656678
5265	656714
5266	656720
5267	656764
5268	656868
5269	656874
5270	656972
5271	656974
5272	657184
5273	657458
5274	657490
5275	657590
5276	657730
5277	657734
5278	657868
5279	657932
5280	658066
5281	65809
5282	658242
5283	658244
5284	658276
5285	658286
5286	65830
5287	658516
5288	658590
5289	658622
5290	658624
5291	659068
5292	659118
5293	659250
5294	659368
5295	659464
5296	659836
5297	659926
5298	660130
5299	660138
5300	660342
5301	660446
5302	660532
5303	660534
5304	660600
5305	660762
5306	660876
5307	660910
5308	660920
5309	661030
5310	661402
5311	66150
5312	661602
5313	661750
5314	661774
5315	661780
5316	661802
5317	661840
5318	661878
5319	661910
5320	662038
5321	662050
5322	662334
5323	662354
5324	662362
5325	662390
5326	662646
5327	662664
5328	662752
5329	663278
5330	663288
5331	663504
5332	663702
5333	663850
5334	663978
5335	664052
5336	664114
5337	664244
5338	664250
5339	664274
5340	664444
5341	664538
5342	664592
5343	664620
5344	665042
5345	665152
5346	665226
5347	665364
5348	665382
5349	665390
5350	665456
5351	665552
5352	665806
5353	665810
5354	665870
5355	666096
5356	666262
5357	666300
5358	666344
5359	666914
5360	666956
5361	667122
5362	667186
5363	667500
5364	667792
5365	667816
5366	667948
5367	667974
5368	667992
5369	668114
5370	668140
5371	668526
5372	668888
5373	668946
5374	668966
5375	668996
5376	669012
5377	669052
5378	669060
5379	669076
5380	669212
5381	669270
5382	669288
5383	669510
5384	669536
5385	669580
5386	669922
5387	669984
5388	670034
5389	670114
5390	670638
5391	670658
5392	670712
5393	671084
5394	671116
5395	671544
5396	671552
5397	671576
5398	671578
5399	671848
5400	671960
5401	672008
5402	672060
5403	672090
5404	672274
5405	672414
5406	672458
5407	672600
5408	672842
5409	672890
5410	672916
5411	672926
5412	672930
5413	673016
5414	673120
5415	673222
5416	67332
5417	673420
5418	673472
5419	673484
5420	673508
5421	673654
5422	673658
5423	673836
5424	674040
5425	674068
5426	674144
5427	674342
5428	674552
5429	674608
5430	674644
5431	674646
5432	674650
5433	674652
5434	674764
5435	674852
5436	675000
5437	675026
5438	675072
5439	675244
5440	675632
5441	675740
5442	675742
5443	675746
5444	676088
5445	676170
5446	676176
5447	67640
5448	676554
5449	676748
5450	677250
5451	677468
5452	677674
5453	677716
5454	677802
5455	678084
5456	678142
5457	678150
5458	678220
5459	678314
5460	678430
5461	678518
5462	678626
5463	678630
5464	67874
5465	67882
5466	679242
5467	679388
5468	679486
5469	679488
5470	679616
5471	679682
5472	679970
5473	679990
5474	679992
5475	680044
5476	680048
5477	680180
5478	680402
5479	680482
5480	680522
5481	680652
5482	680850
5483	680886
5484	681364
5485	681514
5486	681662
5487	681824
5488	681828
5489	681866
5490	682132
5491	68234
5492	682484
5493	682514
5494	683198
5495	683338
5496	683374
5497	683506
5498	683606
5499	683932
5500	684000
5501	684080
5502	684114
5503	684144
5504	684170
5505	684202
5506	684272
5507	684420
5508	684794
5509	684824
5510	684890
5511	684904
5512	685058
5513	685162
5514	685216
5515	685306
5516	685550
5517	685588
5518	685910
5519	686310
5520	686382
5521	686764
5522	686774
5523	68688
5524	687118
5525	687150
5526	687186
5527	687242
5528	687248
5529	68730
5530	687466
5531	687492
5532	687586
5533	687720
5534	687726
5535	687758
5536	687824
5537	688092
5538	688196
5539	688256
5540	688432
5541	688522
5542	688598
5543	688872
5544	688874
5545	688892
5546	688968
5547	689134
5548	689198
5549	689338
5550	689502
5551	689530
5552	689776
5553	689834
5554	689956
5555	690016
5556	690058
5557	690066
5558	690284
5559	690380
5560	690430
5561	690484
5562	690522
5563	690538
5564	690552
5565	690694
5566	690770
5567	690788
5568	690800
5569	691182
5570	691474
5571	691496
5572	691512
5573	691629
5574	691712
5575	691826
5576	691870
5577	691892
5578	691912
5579	692098
5580	692176
5581	692188
5582	692260
5583	692300
5584	692394
5585	692416
5586	692418
5587	692486
5588	692610
5589	692722
5590	692956
5591	692980
5592	693024
5593	693120
5594	693138
5595	693188
5596	693262
5597	693290
5598	693476
5599	693602
5600	693698
5601	693700
5602	693726
5603	693812
5604	693924
5605	693944
5606	693978
5607	694052
5608	694100
5609	69414
5610	694874
5611	694974
5612	694982
5613	695120
5614	695140
5615	695190
5616	69520
5617	695656
5618	695724
5619	695836
5620	695856
5621	695952
5622	696016
5623	696044
5624	696050
5625	696134
5626	696454
5627	697066
5628	697164
5629	697440
5630	69752
5631	697610
5632	697656
5633	697910
5634	698050
5635	698200
5636	698266
5637	698342
5638	698362
5639	698670
5640	698828
5641	699524
5642	699574
5643	699618
5644	699654
5645	699808
5646	699992
5647	700114
5648	700116
5649	70030
5650	700300
5651	700540
5652	700576
5653	700668
5654	700868
5655	700886
5656	700978
5657	701030
5658	701118
5659	70112
5660	701188
5661	701202
5662	701324
5663	70144
5664	701570
5665	701636
5666	701928
5667	701932
5668	701972
5669	701998
5670	702138
5671	702166
5672	702214
5673	702242
5674	702338
5675	702410
5676	702440
5677	702470
5678	702476
5679	702664
5680	702694
5681	702806
5682	702830
5683	702832
5684	70290
5685	702928
5686	703140
5687	703232
5688	703312
5689	703382
5690	703418
5691	703598
5692	703770
5693	703838
5694	703972
5695	704140
5696	704274
5697	704300
5698	704332
5699	704582
5700	704624
5701	704732
5702	704826
5703	704840
5704	705146
5705	705170
5706	705188
5707	705206
5708	705264
5709	705506
5710	70562
5711	705770
5712	705934
5713	706004
5714	706020
5715	706024
5716	706044
5717	706050
5718	706204
5719	706234
5720	706292
5721	706336
5722	70640
5723	706508
5724	706756
5725	706942
5726	706978
5727	707016
5728	707078
5729	707190
5730	707370
5731	707876
5732	707908
5733	707962
5734	708170
5735	708188
5736	708244
5737	708254
5738	708558
5739	708568
5740	708578
5741	708674
5742	708758
5743	708766
5744	708984
5745	709006
5746	709152
5747	709288
5748	709304
5749	709324
5750	709460
5751	709500
5752	709514
5753	709624
5754	709656
5755	709660
5756	709696
5757	709804
5758	710082
5759	710110
5760	710170
5761	710256
5762	710394
5763	710446
5764	710482
5765	710484
5766	710486
5767	710488
5768	711086
5769	711450
5770	711584
5771	711592
5772	71170
5773	711820
5774	711872
5775	711914
5776	712010
5777	712254
5778	71238
5779	712858
5780	712960
5781	71308
5782	713098
5783	713104
5784	713322
5785	713436
5786	71382
5787	714070
5788	714334
5789	714446
5790	714454
5791	714530
5792	714570
5793	714724
5794	714820
5795	714978
5796	715146
5797	715208
5798	715516
5799	715660
5800	715716
5801	715744
5802	716114
5803	716310
5804	716828
5805	71688
5806	717046
5807	717122
5808	717278
5809	717884
5810	718338
5811	718426
5812	718430
5813	718680
5814	718744
5815	718870
5816	719002
5817	719054
5818	719132
5819	719262
5820	719318
5821	719322
5822	719552
5823	719624
5824	719660
5825	719698
5826	720044
5827	720094
5828	720278
5829	720300
5830	720356
5831	720550
5832	720586
5833	720732
5834	720744
5835	720750
5836	720766
5837	720814
5838	721192
5839	721484
5840	721706
5841	721764
5842	721884
5843	721946
5844	722070
5845	722080
5846	722174
5847	722416
5848	722462
5849	722584
5850	72262
5851	722848
5852	722946
5853	723064
5854	723068
5855	723280
5856	723508
5857	723522
5858	723790
5859	723870
5860	723878
5861	72400
5862	724502
5863	72466
5864	724670
5865	725586
5866	725680
5867	726246
5868	726470
5869	726910
5870	727108
5871	727210
5872	727220
5873	727262
5874	727526
5875	727840
5876	727988
5877	728106
5878	728226
5879	728254
5880	728634
5881	728780
5882	728868
5883	728940
5884	728954
5885	728970
5886	729118
5887	729224
5888	729456
5889	729486
5890	729552
5891	729566
5892	729636
5893	72964
5894	729646
5895	729746
5896	729758
5897	729780
5898	729822
5899	730006
5900	730264
5901	730320
5902	730542
5903	730594
5904	73080
5905	730870
5906	731320
5907	731434
5908	732006
5909	732008
5910	732464
5911	732556
5912	732578
5913	732592
5914	732914
5915	733130
5916	733136
5917	733146
5918	733228
5919	733340
5920	733350
5921	733452
5922	733454
5923	733468
5924	733488
5925	733542
5926	733638
5927	734134
5928	734242
5929	734570
5930	734640
5931	734686
5932	734706
5933	735006
5934	735204
5935	735394
5936	735420
5937	735550
5938	735570
5939	735604
5940	735606
5941	735796
5942	735990
5943	736090
5944	736250
5945	736456
5946	736626
5947	736642
5948	736882
5949	736940
5950	737196
5951	737468
5952	737514
5953	737642
5954	737720
5955	737722
5956	73776
5957	737766
5958	737832
5959	738040
5960	738098
5961	738198
5962	738340
5963	738360
5964	738624
5965	738710
5966	738746
5967	738842
5968	738868
5969	738906
5970	738910
5971	738928
5972	739204
5973	739390
5974	739410
5975	739512
5976	739580
5977	739744
5978	739770
5979	739888
5980	739964
5981	739992
5982	740200
5983	740204
5984	740460
5985	740514
5986	740562
5987	740662
5988	740726
5989	74074
5990	740762
5991	74092
5992	740954
5993	741104
5994	741150
5995	741364
5996	741378
5997	741386
5998	741488
5999	741508
6000	741554
6001	741742
6002	741888
6003	741930
6004	742012
6005	742068
6006	742114
6007	742220
6008	742386
6009	742570
6010	743152
6011	743174
6012	743562
6013	743688
6014	743818
6015	743870
6016	743906
6017	744606
6018	744710
6019	745050
6020	745082
6021	745120
6022	745242
6023	745306
6024	745420
6025	745468
6026	745498
6027	745514
6028	745772
6029	746014
6030	746108
6031	746120
6032	746320
6033	746432
6034	746700
6035	746790
6036	747022
6037	747174
6038	747320
6039	747470
6040	747650
6041	748138
6042	748146
6043	748174
6044	748182
6045	748408
6046	748608
6047	748666
6048	748852
6049	748880
6050	748984
6051	749048
6052	749290
6053	749354
6054	749432
6055	749542
6056	749690
6057	749696
6058	749838
6059	749908
6060	749942
6061	750142
6062	750264
6063	750400
6064	750470
6065	750548
6066	750798
6067	750926
6068	750928
6069	750934
6070	750974
6071	751094
6072	751100
6073	751154
6074	751230
6075	751294
6076	751392
6077	751432
6078	751602
6079	751656
6080	751710
6081	751730
6082	751768
6083	751792
6084	751902
6085	752020
6086	752166
6087	752340
6088	752358
6089	752432
6090	752446
6091	752658
6092	752706
6093	75278
6094	752782
6095	752918
6096	752950
6097	753098
6098	753140
6099	753174
6100	753380
6101	753414
6102	753482
6103	753500
6104	753940
6105	754014
6106	754028
6107	754346
6108	754576
6109	754694
6110	754920
6111	755008
6112	755456
6113	755462
6114	755680
6115	755768
6116	755770
6117	755782
6118	755844
6119	755932
6120	755984
6121	756150
6122	756448
6123	756462
6124	756480
6125	756494
6126	756598
6127	756610
6128	756618
6129	756634
6130	756914
6131	756984
6132	757282
6133	757370
6134	75742
6135	757446
6136	757544
6137	757588
6138	757918
6139	758034
6140	758538
6141	758582
6142	758584
6143	758726
6144	758738
6145	758764
6146	758818
6147	758908
6148	759126
6149	759196
6150	759492
6151	759686
6152	759734
6153	760202
6154	760210
6155	760398
6156	76052
6157	760546
6158	760562
6159	760752
6160	760814
6161	760990
6162	761028
6163	761134
6164	761208
6165	761290
6166	761380
6167	761572
6168	761578
6169	761704
6170	761768
6171	761790
6172	761934
6173	761942
6174	762074
6175	762202
6176	762278
6177	762374
6178	762404
6179	762504
6180	762616
6181	762706
6182	762768
6183	762832
6184	762874
6185	762910
6186	763004
6187	763026
6188	763080
6189	763086
6190	763172
6191	763190
6192	763320
6193	763560
6194	763568
6195	763774
6196	764042
6197	764076
6198	764164
6199	764626
6200	764686
6201	765018
6202	765106
6203	765242
6204	765308
6205	765328
6206	765532
6207	765562
6208	765834
6209	766280
6210	766348
6211	766560
6212	766580
6213	766592
6214	766614
6215	766626
6216	766942
6217	766978
6218	767462
6219	767564
6220	767596
6221	767624
6222	767656
6223	768084
6224	768326
6225	768334
6226	76838
6227	768526
6228	768670
6229	768736
6230	768828
6231	769390
6232	769618
6233	769714
6234	769718
6235	769800
6236	770336
6237	770484
6238	770526
6239	770622
6240	770628
6241	770656
6242	770744
6243	770780
6244	770920
6245	771164
6246	771198
6247	771210
6248	771322
6249	771448
6250	771686
6251	771730
6252	772172
6253	772224
6254	772306
6255	772386
6256	772462
6257	772618
6258	773104
6259	773214
6260	773468
6261	773652
6262	773824
6263	773952
6264	773974
6265	774174
6266	774404
6267	774648
6268	774744
6269	774776
6270	774950
6271	775240
6272	775264
6273	77532
6274	775330
6275	775346
6276	775446
6277	775476
6278	775550
6279	775656
6280	775670
6281	775920
6282	775922
6283	775932
6284	776150
6285	776236
6286	776296
6287	776330
6288	77642
6289	77652
6290	776634
6291	776744
6292	776890
6293	776938
6294	777156
6295	777444
6296	777640
6297	777646
6298	777654
6299	777754
6300	778176
6301	778186
6302	778206
6303	778226
6304	778280
6305	778338
6306	778340
6307	778548
6308	778708
6309	77896
6310	779000
6311	779008
6312	779070
6313	77918
6314	779348
6315	779436
6316	779478
6317	779488
6318	779842
6319	779948
6320	780056
6321	780184
6322	780352
6323	780485
6324	780572
6325	780706
6326	780714
6327	780792
6328	780848
6329	780870
6330	78104
6331	781444
6332	781502
6333	781532
6334	781696
6335	782172
6336	782224
6337	782428
6338	782434
6339	782574
6340	78284
6341	782958
6342	783114
6343	783158
6344	783202
6345	783526
6346	783694
6347	783754
6348	783758
6349	783802
6350	784130
6351	784194
6352	784330
6353	784478
6354	784508
6355	784544
6356	784946
6357	785066
6358	785388
6359	785728
6360	785782
6361	786030
6362	786140
6363	786162
6364	786240
6365	786550
6366	786602
6367	786734
6368	786760
6369	786846
6370	787050
6371	787082
6372	787126
6373	787164
6374	787226
6375	787236
6376	787340
6377	787396
6378	787458
6379	787618
6380	787672
6381	787678
6382	787836
6383	788044
6384	788084
6385	788118
6386	788168
6387	788190
6388	788194
6389	788304
6390	788334
6391	788372
6392	788514
6393	788730
6394	788904
6395	788980
6396	789000
6397	789146
6398	789186
6399	789272
6400	789324
6401	78938
6402	789686
6403	789692
6404	789734
6405	789892
6406	790288
6407	790400
6408	790516
6409	790540
6410	790596
6411	790624
6412	790716
6413	790790
6414	790818
6415	79086
6416	790908
6417	79096
6418	790970
6419	791030
6420	791174
6421	79120
6422	791230
6423	791414
6424	791524
6425	79154
6426	791548
6427	791610
6428	791690
6429	791802
6430	791836
6431	791838
6432	792232
6433	792270
6434	792546
6435	792598
6436	792644
6437	792902
6438	793392
6439	793492
6440	793550
6441	793600
6442	793796
6443	794242
6444	794306
6445	794532
6446	794544
6447	794572
6448	794624
6449	794648
6450	794670
6451	794962
6452	795278
6453	795428
6454	795624
6455	795718
6456	795736
6457	795758
6458	796010
6459	796014
6460	796076
6461	796124
6462	796126
6463	796358
6464	796382
6465	796450
6466	796518
6467	796654
6468	796828
6469	796910
6470	797038
6471	797040
6472	797042
6473	797156
6474	797188
6475	797262
6476	79756
6477	797856
6478	797980
6479	798018
6480	798274
6481	79846
6482	798580
6483	79860
6484	798740
6485	799014
6486	799052
6487	799166
6488	799230
6489	799240
6490	799246
6491	799262
6492	799306
6493	799470
6494	799540
6495	799638
6496	799674
6497	799708
6498	799746
6499	799812
6500	799862
6501	799938
6502	799974
6503	800110
6504	800242
6505	800406
6506	800544
6507	801016
6508	801050
6509	801182
6510	801292
6511	801294
6512	801370
6513	801394
6514	801416
6515	801688
6516	801830
6517	801980
6518	802028
6519	802172
6520	802268
6521	802286
6522	802366
6523	802574
6524	802576
6525	802578
6526	802604
6527	802642
6528	802782
6529	802788
6530	802790
6531	802794
6532	802808
6533	803028
6534	803074
6535	803280
6536	803378
6537	803412
6538	803450
6539	803732
6540	803736
6541	803952
6542	804290
6543	805258
6544	805326
6545	805336
6546	805704
6547	805882
6548	805894
6549	805992
6550	806020
6551	806474
6552	806536
6553	806626
6554	806638
6555	806708
6556	806710
6557	806892
6558	806922
6559	806998
6560	807164
6561	807458
6562	8075
6563	807580
6564	807696
6565	807700
6566	807718
6567	807874
6568	807904
6569	807934
6570	807962
6571	8082
6572	808216
6573	808322
6574	808506
6575	808514
6576	808532
6577	808542
6578	808596
6579	808622
6580	808904
6581	808912
6582	809216
6583	809304
6584	809374
6585	80940
6586	809410
6587	809432
6588	809522
6589	809524
6590	809760
6591	809770
6592	809828
6593	809888
6594	809926
6595	809994
6596	810012
6597	810110
6598	810312
6599	810712
6600	81094
6601	811164
6602	811172
6603	811238
6604	811452
6605	811466
6606	811482
6607	811948
6608	811950
6609	811952
6610	811982
6611	812078
6612	81214
6613	812266
6614	812276
6615	812372
6616	812402
6617	812428
6618	812438
6619	812586
6620	812588
6621	812668
6622	812694
6623	812706
6624	812766
6625	812782
6626	812838
6627	813120
6628	813136
6629	813186
6630	813482
6631	813490
6632	81358
6633	81368
6634	81372
6635	813742
6636	813802
6637	813880
6638	813976
6639	814176
6640	814234
6641	814294
6642	814366
6643	814440
6644	814594
6645	814692
6646	814964
6647	815086
6648	815088
6649	81534
6650	815344
6651	815474
6652	815642
6653	815726
6654	815728
6655	815810
6656	815816
6657	815868
6658	816152
6659	816336
6660	816354
6661	816356
6662	816622
6663	816772
6664	816868
6665	81706
6666	817190
6667	817338
6668	81744
6669	817440
6670	817630
6671	817674
6672	817764
6673	817926
6674	818136
6675	818240
6676	818294
6677	818644
6678	818836
6679	818990
6680	819200
6681	819248
6682	819814
6683	819862
6684	820194
6685	820212
6686	820224
6687	820274
6688	820326
6689	820348
6690	820354
6691	820362
6692	82056
6693	820582
6694	820720
6695	820830
6696	820878
6697	820978
6698	821214
6699	821278
6700	821312
6701	821360
6702	821658
6703	82166
6704	821720
6705	821788
6706	821948
6707	821986
6708	821990
6709	822090
6710	822160
6711	822208
6712	822444
6713	822468
6714	822660
6715	822670
6716	822820
6717	822892
6718	823100
6719	823208
6720	82332
6721	823376
6722	823396
6723	823842
6724	823878
6725	823888
6726	823902
6727	823930
6728	823996
6729	824044
6730	824050
6731	824318
6732	824470
6733	824592
6734	824630
6735	825218
6736	825268
6737	825288
6738	825290
6739	825388
6740	825452
6741	825684
6742	825690
6743	825846
6744	825972
6745	826238
6746	826366
6747	826390
6748	826568
6749	826598
6750	826620
6751	826750
6752	826870
6753	826876
6754	826966
6755	826988
6756	827278
6757	827314
6758	827464
6759	827692
6760	82778
6761	827850
6762	827908
6763	827928
6764	828030
6765	828042
6766	828062
6767	828226
6768	828322
6769	828324
6770	828326
6771	828420
6772	828610
6773	828848
6774	829122
6775	829172
6776	829288
6777	829292
6778	829572
6779	829616
6780	829626
6781	829656
6782	829702
6783	829758
6784	82982
6785	830090
6786	830160
6787	830298
6788	830554
6789	830578
6790	830834
6791	830836
6792	830880
6793	830978
6794	830994
6795	831066
6796	831114
6797	831116
6798	831170
6799	831356
6800	831404
6801	831458
6802	831488
6803	831494
6804	831548
6805	831676
6806	831716
6807	831860
6808	831866
6809	831888
6810	832282
6811	832316
6812	8324
6813	832478
6814	832484
6815	832750
6816	832862
6817	83302
6818	833052
6819	833182
6820	8332
6821	833202
6822	833298
6823	83340
6824	833434
6825	833442
6826	833568
6827	833596
6828	833782
6829	833958
6830	834060
6831	834114
6832	834122
6833	834226
6834	834242
6835	834510
6836	834600
6837	83464
6838	834702
6839	834782
6840	834836
6841	834866
6842	834872
6843	834924
6844	835234
6845	835336
6846	835346
6847	835426
6848	835428
6849	835510
6850	835604
6851	835712
6852	835820
6853	835824
6854	835878
6855	835914
6856	835946
6857	836044
6858	836292
6859	836376
6860	836656
6861	836830
6862	836832
6863	836842
6864	836874
6865	836926
6866	836972
6867	837030
6868	837094
6869	837156
6870	837162
6871	837306
6872	837426
6873	837748
6874	837798
6875	837880
6876	837950
6877	838004
6878	838056
6879	838164
6880	838244
6881	838406
6882	838418
6883	838516
6884	838602
6885	83884
6886	838942
6887	838974
6888	839136
6889	839144
6890	839324
6891	839434
6892	839478
6893	839536
6894	839588
6895	839656
6896	839868
6897	840084
6898	840188
6899	840208
6900	840210
6901	840212
6902	840308
6903	840388
6904	840622
6905	840772
6906	840812
6907	84085
6908	841120
6909	841132
6910	841242
6911	841348
6912	841480
6913	841542
6914	841552
6915	841796
6916	841880
6917	8420
6918	842058
6919	842182
6920	842270
6921	842300
6922	842424
6923	842736
6924	842934
6925	843250
6926	843622
6927	843706
6928	843952
6929	843954
6930	844036
6931	844128
6932	844162
6933	844332
6934	844428
6935	844458
6936	844740
6937	844864
6938	845014
6939	845284
6940	845626
6941	845794
6942	845850
6943	845880
6944	845946
6945	845994
6946	846210
6947	846270
6948	846272
6949	846412
6950	846430
6951	846436
6952	846480
6953	846566
6954	846578
6955	846664
6956	8467
6957	846724
6958	84676
6959	846832
6960	846838
6961	846842
6962	846884
6963	847114
6964	847264
6965	847460
6966	847790
6967	847792
6968	84792
6969	848126
6970	848166
6971	848170
6972	848226
6973	848412
6974	848496
6975	848628
6976	848664
6977	848766
6978	848816
6979	848848
6980	848876
6981	848878
6982	848914
6983	849238
6984	849466
6985	849470
6986	849536
6987	849592
6988	849804
6989	849972
6990	850072
6991	850098
6992	850284
6993	850360
6994	850414
6995	850426
6996	850534
6997	850600
6998	850954
6999	851020
7000	851106
7001	851172
7002	851362
7003	851442
7004	851560
7005	851712
7006	851826
7007	851896
7008	852002
7009	852028
7010	852058
7011	852084
7012	852192
7013	852278
7014	852510
7015	852606
7016	852826
7017	852944
7018	852950
7019	853090
7020	853170
7021	853584
7022	853948
7023	853966
7024	854042
7025	854182
7026	854206
7027	854228
7028	854544
7029	854746
7030	854774
7031	854784
7032	854964
7033	855008
7034	855172
7035	855228
7036	85564
7037	85580
7038	856314
7039	856486
7040	856490
7041	856526
7042	856530
7043	856536
7044	856542
7045	856614
7046	856882
7047	856932
7048	856968
7049	856992
7050	857010
7051	857144
7052	857162
7053	857232
7054	857270
7055	857298
7056	857300
7057	857338
7058	857406
7059	857516
7060	857726
7061	857774
7062	857896
7063	857982
7064	858398
7065	858430
7066	858576
7067	858578
7068	858666
7069	858678
7070	858840
7071	858848
7072	858856
7073	858882
7074	859184
7075	859422
7076	85958
7077	859582
7078	859614
7079	859702
7080	859742
7081	859936
7082	860076
7083	860148
7084	860394
7085	860398
7086	860444
7087	860736
7088	860770
7089	860790
7090	860812
7091	860890
7092	860944
7093	860960
7094	860984
7095	861054
7096	861122
7097	861418
7098	861528
7099	861624
7100	861684
7101	86192
7102	862428
7103	862478
7104	862874
7105	863092
7106	863112
7107	863126
7108	863150
7109	86322
7110	863338
7111	863370
7112	863512
7113	863812
7114	863844
7115	86390
7116	863930
7117	863954
7118	863976
7119	864146
7120	864240
7121	864282
7122	864288
7123	864482
7124	864546
7125	864566
7126	864584
7127	864672
7128	864758
7129	864792
7130	86480
7131	864848
7132	864886
7133	865272
7134	865438
7135	865634
7136	865646
7137	865800
7138	865918
7139	865936
7140	866098
7141	866156
7142	866196
7143	866384
7144	866398
7145	866408
7146	866460
7147	866542
7148	866696
7149	866958
7150	867024
7151	86712
7152	867136
7153	867204
7154	867218
7155	867554
7156	867704
7157	867764
7158	867948
7159	868136
7160	868432
7161	868436
7162	868546
7163	868570
7164	868868
7165	868884
7166	869082
7167	869138
7168	869398
7169	869464
7170	870092
7171	870252
7172	87076
7173	870854
7174	870998
7175	871138
7176	871270
7177	871470
7178	87156
7179	871620
7180	871744
7181	871794
7182	871902
7183	872072
7184	872194
7185	872210
7186	872254
7187	872326
7188	872460
7189	872834
7190	873506
7191	873580
7192	873824
7193	873844
7194	873988
7195	874012
7196	874112
7197	874156
7198	874166
7199	874342
7200	874474
7201	874492
7202	874604
7203	874656
7204	874762
7205	874828
7206	874842
7207	874860
7208	874960
7209	875194
7210	875230
7211	875276
7212	875346
7213	875494
7214	875518
7215	875542
7216	875612
7217	875974
7218	875976
7219	876096
7220	876544
7221	876700
7222	876738
7223	876806
7224	876850
7225	876870
7226	877096
7227	877124
7228	877160
7229	877298
7230	877482
7231	8776
7232	877822
7233	87802
7234	878046
7235	878110
7236	878272
7237	878382
7238	878422
7239	878484
7240	878522
7241	878648
7242	879122
7243	879166
7244	879448
7245	879532
7246	879886
7247	880046
7248	880112
7249	880202
7250	880240
7251	880288
7252	880294
7253	880326
7254	880418
7255	880440
7256	880460
7257	880800
7258	881106
7259	881210
7260	881378
7261	8814
7262	881436
7263	881700
7264	88188
7265	881914
7266	881970
7267	881980
7268	882050
7269	882128
7270	882422
7271	882488
7272	882594
7273	882610
7274	882826
7275	882882
7276	882894
7277	882952
7278	883000
7279	883002
7280	883130
7281	883176
7282	883706
7283	883828
7284	883896
7285	883946
7286	884032
7287	884138
7288	884152
7289	884186
7290	884648
7291	884690
7292	884946
7293	884988
7294	885094
7295	88540
7296	885569
7297	885605
7298	885713
7299	885780
7300	886024
7301	886032
7302	886046
7303	886054
7304	886058
7305	886072
7306	886118
7307	886156
7308	886300
7309	886614
7310	886644
7311	886724
7312	886804
7313	886942
7314	887060
7315	887162
7316	88718
7317	887396
7318	88750
7319	887504
7320	887542
7321	887634
7322	887636
7323	887728
7324	887814
7325	887950
7326	888090
7327	888114
7328	888686
7329	888716
7330	889028
7331	889354
7332	889378
7333	889422
7334	889424
7335	889438
7336	889558
7337	889692
7338	889824
7339	889978
7340	890078
7341	890686
7342	890810
7343	890884
7344	890928
7345	891028
7346	891040
7347	891484
7348	891644
7349	891822
7350	89186
7351	891882
7352	892102
7353	892210
7354	892544
7355	892554
7356	89256
7357	892730
7358	892762
7359	892806
7360	892810
7361	892970
7362	89340
7363	893524
7364	893706
7365	893856
7366	893878
7367	893964
7368	89412
7369	894308
7370	894560
7371	895096
7372	895168
7373	895424
7374	895712
7375	895786
7376	896042
7377	896264
7378	896414
7379	896434
7380	896766
7381	896858
7382	897106
7383	897146
7384	897174
7385	897192
7386	897238
7387	897338
7388	897550
7389	897834
7390	897842
7391	897895
7392	897941
7393	897973
7394	898552
7395	898672
7396	898718
7397	898836
7398	898864
7399	899082
7400	899336
7401	899462
7402	899474
7403	899534
7404	899678
7405	899840
7406	900004
7407	900434
7408	900464
7409	900516
7410	900694
7411	900958
7412	901082
7413	901096
7414	901100
7415	90140
7416	901906
7417	902206
7418	902392
7419	902524
7420	902580
7421	902674
7422	902680
7423	903030
7424	903040
7425	903140
7426	903378
7427	903390
7428	903526
7429	903744
7430	903936
7431	903946
7432	903990
7433	904076
7434	904154
7435	904324
7436	904362
7437	904462
7438	904526
7439	904818
7440	905072
7441	905096
7442	905160
7443	905198
7444	905228
7445	905246
7446	905286
7447	905388
7448	905664
7449	905850
7450	906068
7451	906160
7452	906276
7453	906648
7454	906654
7455	906690
7456	906700
7457	906962
7458	907386
7459	907416
7460	907470
7461	907638
7462	907694
7463	907770
7464	908104
7465	908106
7466	908192
7467	908300
7468	908360
7469	908892
7470	908996
7471	909102
7472	909244
7473	909334
7474	909354
7475	909542
7476	909612
7477	909836
7478	909944
7479	909996
7480	910098
7481	910168
7482	910408
7483	910542
7484	910544
7485	910610
7486	910624
7487	910650
7488	910696
7489	910838
7490	910996
7491	911158
7492	911256
7493	911318
7494	911330
7495	911474
7496	911712
7497	911996
7498	912544
7499	912594
7500	912670
7501	912786
7502	912788
7503	912862
7504	912888
7505	912946
7506	913198
7507	913222
7508	913244
7509	913448
7510	913866
7511	914024
7512	914070
7513	914112
7514	914220
7515	914276
7516	914296
7517	914446
7518	914462
7519	914572
7520	914744
7521	914756
7522	915206
7523	915266
7524	915296
7525	915320
7526	915472
7527	915556
7528	915690
7529	915782
7530	915826
7531	915986
7532	91604
7533	916488
7534	916588
7535	916642
7536	916828
7537	916878
7538	916902
7539	917160
7540	917328
7541	917432
7542	917538
7543	917596
7544	917724
7545	917788
7546	917936
7547	918132
7548	918170
7549	918262
7550	918278
7551	918364
7552	918390
7553	918688
7554	918870
7555	919024
7556	919038
7557	919194
7558	919216
7559	919354
7560	919574
7561	919624
7562	919772
7563	919906
7564	919922
7565	919934
7566	92008
7567	920110
7568	920114
7569	920126
7570	920254
7571	920256
7572	920268
7573	920296
7574	920306
7575	920424
7576	920544
7577	920604
7578	920672
7579	921086
7580	921168
7581	921268
7582	921376
7583	921474
7584	921602
7585	921802
7586	92194
7587	922280
7588	922294
7589	922308
7590	922450
7591	922484
7592	922600
7593	922654
7594	922792
7595	92308
7596	923134
7597	923146
7598	923160
7599	923206
7600	923290
7601	923642
7602	923984
7603	924090
7604	92446
7605	924702
7606	924704
7607	924712
7608	924746
7609	924794
7610	924958
7611	924980
7612	925164
7613	925266
7614	925970
7615	926084
7616	926206
7617	926210
7618	926234
7619	926460
7620	926506
7621	926512
7622	926630
7623	926774
7624	926846
7625	92702
7626	927148
7627	927356
7628	927544
7629	92760
7630	927606
7631	927622
7632	928040
7633	928140
7634	928248
7635	928478
7636	928610
7637	9287
7638	928834
7639	929024
7640	929130
7641	929328
7642	929358
7643	929494
7644	929844
7645	930266
7646	930416
7647	930612
7648	931376
7649	931384
7650	931456
7651	931516
7652	93160
7653	931610
7654	931626
7655	93212
7656	932344
7657	932548
7658	932564
7659	932802
7660	933048
7661	933106
7662	933260
7663	933270
7664	933376
7665	933776
7666	933870
7667	933888
7668	933978
7669	934032
7670	934124
7671	934160
7672	934464
7673	934536
7674	934614
7675	934616
7676	934680
7677	934764
7678	93484
7679	934896
7680	934992
7681	935004
7682	935166
7683	935870
7684	936182
7685	93620
7686	936676
7687	936690
7688	936700
7689	936754
7690	936854
7691	936876
7692	936952
7693	936974
7694	937134
7695	937206
7696	937208
7697	937242
7698	937388
7699	937586
7700	937608
7701	937678
7702	937778
7703	937814
7704	9385
7705	938560
7706	938592
7707	938680
7708	939004
7709	939206
7710	939434
7711	939536
7712	93980
7713	939814
7714	939930
7715	939948
7716	939962
7717	940120
7718	940138
7719	940714
7720	940740
7721	94100
7722	941024
7723	941120
7724	941130
7725	941268
7726	941282
7727	941340
7728	941486
7729	941752
7730	941854
7731	941884
7732	941998
7733	942002
7734	942320
7735	942360
7736	942366
7737	942390
7738	942454
7739	942516
7740	94268
7741	942752
7742	942934
7743	942960
7744	943296
7745	943306
7746	943384
7747	943388
7748	943442
7749	943496
7750	943506
7751	943584
7752	943714
7753	94376
7754	943822
7755	943842
7756	943898
7757	944014
7758	94428
7759	94430
7760	94432
7761	944322
7762	944366
7763	94448
7764	944906
7765	945202
7766	945214
7767	945320
7768	945324
7769	945336
7770	945390
7771	945602
7772	945610
7773	945826
7774	945978
7775	946194
7776	9463
7777	946342
7778	946662
7779	946742
7780	947098
7781	947116
7782	947218
7783	947354
7784	947366
7785	947498
7786	947848
7787	948052
7788	94812
7789	948186
7790	948274
7791	948310
7792	948368
7793	948440
7794	948488
7795	948762
7796	948830
7797	948840
7798	948850
7799	948866
7800	948974
7801	949040
7802	949134
7803	949196
7804	949282
7805	949346
7806	949718
7807	949766
7808	949832
7809	949878
7810	94990
7811	950086
7812	950110
7813	950150
7814	950152
7815	950264
7816	950390
7817	950478
7818	950614
7819	950634
7820	950656
7821	950692
7822	950710
7823	950758
7824	950900
7825	951050
7826	951060
7827	951090
7828	951092
7829	951318
7830	951326
7831	951618
7832	951684
7833	951854
7834	952106
7835	952388
7836	952410
7837	95246
7838	95254
7839	952772
7840	952790
7841	952864
7842	952866
7843	952970
7844	953084
7845	953152
7846	953294
7847	953366
7848	953390
7849	953614
7850	953976
7851	954134
7852	954284
7853	954790
7854	954834
7855	954948
7856	955194
7857	955418
7858	955464
7859	955490
7860	95560
7861	955730
7862	955750
7863	955818
7864	955914
7865	956038
7866	956090
7867	956132
7868	956254
7869	956362
7870	956380
7871	956404
7872	956726
7873	956780
7874	957106
7875	957218
7876	957336
7877	957372
7878	957422
7879	957506
7880	957792
7881	957902
7882	957940
7883	958132
7884	958272
7885	958350
7886	95848
7887	958492
7888	958532
7889	958668
7890	958750
7891	958836
7892	958994
7893	959024
7894	959128
7895	959158
7896	959260
7897	959272
7898	959400
7899	959484
7900	959586
7901	959604
7902	959700
7903	959706
7904	960028
7905	960072
7906	960368
7907	960440
7908	960536
7909	960736
7910	960770
7911	960796
7912	961508
7913	96160
7914	961684
7915	961770
7916	961970
7917	961996
7918	962108
7919	962334
7920	962372
7921	962556
7922	962774
7923	962856
7924	963408
7925	963412
7926	963416
7927	963600
7928	963844
7929	963970
7930	964118
7931	964134
7932	964234
7933	964246
7934	964276
7935	964340
7936	964380
7937	964414
7938	964656
7939	964680
7940	964732
7941	964914
7942	965044
7943	965132
7944	965162
7945	965194
7946	965528
7947	965720
7948	965832
7949	965870
7950	966130
7951	966300
7952	96638
7953	966436
7954	966460
7955	966584
7956	966794
7957	966832
7958	967058
7959	967380
7960	967528
7961	967696
7962	967784
7963	968052
7964	968468
7965	968470
7966	968472
7967	968482
7968	96898
7969	969242
7970	969388
7971	969766
7972	969894
7973	970004
7974	970528
7975	970600
7976	970704
7977	970874
7978	970894
7979	9711
7980	971154
7981	971446
7982	971482
7983	971496
7984	971544
7985	971614
7986	971904
7987	971990
7988	972262
7989	972592
7990	97280
7991	972974
7992	973028
7993	973062
7994	973072
7995	973076
7996	973326
7997	97338
7998	973394
7999	973752
8000	973762
8001	973918
8002	97392
8003	974018
8004	974334
8005	974562
8006	974826
8007	974866
8008	975020
8009	975046
8010	975762
8011	975824
8012	975906
8013	975916
8014	975956
8015	976146
8016	976214
8017	976216
8018	976284
8019	976330
8020	976598
8021	976738
8022	976854
8023	977062
8024	977360
8025	977438
8026	977470
8027	977474
8028	977592
8029	977810
8030	977970
8031	978074
8032	978246
8033	978338
8034	978576
8035	978728
8036	978848
8037	978850
8038	978852
8039	979452
8040	979484
8041	979552
8042	979580
8043	979794
8044	979956
8045	980086
8046	980450
8047	980462
8048	98064
8049	98066
8050	980762
8051	980770
8052	980798
8053	981064
8054	981260
8055	98140
8056	981456
8057	981502
8058	981584
8059	981718
8060	981968
8061	982008
8062	982150
8063	982152
8064	982490
8065	982500
8066	982708
8067	982724
8068	982844
8069	982860
8070	982914
8071	983084
8072	983140
8073	983254
8074	983354
8075	983494
8076	983524
8077	983534
8078	983540
8079	983978
8080	984372
8081	984396
8082	984636
8083	984734
8084	984894
8085	985256
8086	985790
8087	985922
8088	986016
8089	986182
8090	986308
8091	986322
8092	986406
8093	986604
8094	986742
8095	986824
8096	986838
8097	986894
8098	986974
8099	987064
8100	987254
8101	987264
8102	987356
8103	987428
8104	987786
8105	98780
8106	988398
8107	988524
8108	988574
8109	988624
8110	988630
8111	988804
8112	988876
8113	988920
8114	988982
8115	989196
8116	989204
8117	989224
8118	989452
8119	989492
8120	989516
8121	989650
8122	989944
8123	990276
8124	990532
8125	990674
8126	990850
8127	991022
8128	991094
8129	991180
8130	991290
8131	991562
8132	991578
8133	991630
8134	992114
8135	992220
8136	992566
8137	992574
8138	99274
8139	993022
8140	993142
8141	993146
8142	993148
8143	99324
8144	993248
8145	993462
8146	993480
8147	993754
8148	994076
8149	994130
8150	994186
8151	994210
8152	99422
8153	994362
8154	994402
8155	994426
8156	994634
8157	994740
8158	994754
8159	994806
8160	994812
8161	994898
8162	994944
8163	995016
8164	995036
8165	995266
8166	995660
8167	995794
8168	995844
8169	995922
8170	99600
8171	996228
8172	996320
8173	996610
8174	996792
8175	996868
8176	997144
8177	997366
8178	997596
8179	997636
8180	997750
8181	997814
8182	997894
8183	997916
8184	99796
8185	997964
8186	99826
8187	998260
8188	998620
8189	998624
8190	998706
8191	999172
8192	999200
8193	999822
8194	99986
8195	999988
8196	entity:course_concept:COCO_CATEGORY:3d-and-animation
8197	entity:course_concept:COCO_CATEGORY:academics
8198	entity:course_concept:COCO_CATEGORY:advertising
8199	entity:course_concept:COCO_CATEGORY:affiliate-marketing
8200	entity:course_concept:COCO_CATEGORY:analytics-and-automation
8201	entity:course_concept:COCO_CATEGORY:apple
8202	entity:course_concept:COCO_CATEGORY:arabic
8203	entity:course_concept:COCO_CATEGORY:architectural-design
8204	entity:course_concept:COCO_CATEGORY:arts-and-crafts
8205	entity:course_concept:COCO_CATEGORY:beauty-and-makeup
8206	entity:course_concept:COCO_CATEGORY:black-and-white
8207	entity:course_concept:COCO_CATEGORY:branding
8208	entity:course_concept:COCO_CATEGORY:business
8209	entity:course_concept:COCO_CATEGORY:business-law
8210	entity:course_concept:COCO_CATEGORY:career-development
8211	entity:course_concept:COCO_CATEGORY:chinese
8212	entity:course_concept:COCO_CATEGORY:college-entry-exam
8213	entity:course_concept:COCO_CATEGORY:commercial-photography
8214	entity:course_concept:COCO_CATEGORY:communications
8215	entity:course_concept:COCO_CATEGORY:content-marketing
8216	entity:course_concept:COCO_CATEGORY:creativity
8217	entity:course_concept:COCO_CATEGORY:dance
8218	entity:course_concept:COCO_CATEGORY:data-and-analytics
8219	entity:course_concept:COCO_CATEGORY:databases
8220	entity:course_concept:COCO_CATEGORY:design
8221	entity:course_concept:COCO_CATEGORY:design-thinking
8222	entity:course_concept:COCO_CATEGORY:design-tools
8223	entity:course_concept:COCO_CATEGORY:development
8224	entity:course_concept:COCO_CATEGORY:development-tools
8225	entity:course_concept:COCO_CATEGORY:dieting
8226	entity:course_concept:COCO_CATEGORY:digital-marketing
8227	entity:course_concept:COCO_CATEGORY:digital-photography
8228	entity:course_concept:COCO_CATEGORY:e-commerce
8229	entity:course_concept:COCO_CATEGORY:educational-development
8230	entity:course_concept:COCO_CATEGORY:english
8231	entity:course_concept:COCO_CATEGORY:entrepreneurship
8232	entity:course_concept:COCO_CATEGORY:fashion
8233	entity:course_concept:COCO_CATEGORY:finance
8234	entity:course_concept:COCO_CATEGORY:fitness
8235	entity:course_concept:COCO_CATEGORY:food-and-beverage
8236	entity:course_concept:COCO_CATEGORY:french
8237	entity:course_concept:COCO_CATEGORY:game-design
8238	entity:course_concept:COCO_CATEGORY:game-development
8239	entity:course_concept:COCO_CATEGORY:gaming
8240	entity:course_concept:COCO_CATEGORY:general-health
8241	entity:course_concept:COCO_CATEGORY:german
8242	entity:course_concept:COCO_CATEGORY:google
8243	entity:course_concept:COCO_CATEGORY:grad-entry-exam
8244	entity:course_concept:COCO_CATEGORY:graphic-design
8245	entity:course_concept:COCO_CATEGORY:growth-hacking
8246	entity:course_concept:COCO_CATEGORY:happiness
8247	entity:course_concept:COCO_CATEGORY:hardware
8248	entity:course_concept:COCO_CATEGORY:health-and-fitness
8249	entity:course_concept:COCO_CATEGORY:hebrew
8250	entity:course_concept:COCO_CATEGORY:home-business
8251	entity:course_concept:COCO_CATEGORY:home-improvement
8252	entity:course_concept:COCO_CATEGORY:human-resources
8253	entity:course_concept:COCO_CATEGORY:humanities
8254	entity:course_concept:COCO_CATEGORY:industry
8255	entity:course_concept:COCO_CATEGORY:influence
8256	entity:course_concept:COCO_CATEGORY:instructional-design
8257	entity:course_concept:COCO_CATEGORY:instruments
8258	entity:course_concept:COCO_CATEGORY:interior-design
8259	entity:course_concept:COCO_CATEGORY:international-high-school
8260	entity:course_concept:COCO_CATEGORY:intuit
8261	entity:course_concept:COCO_CATEGORY:it-and-software
8262	entity:course_concept:COCO_CATEGORY:it-certification
8263	entity:course_concept:COCO_CATEGORY:italian
8264	entity:course_concept:COCO_CATEGORY:japanese
8265	entity:course_concept:COCO_CATEGORY:landscape
8266	entity:course_concept:COCO_CATEGORY:language
8267	entity:course_concept:COCO_CATEGORY:leadership
8268	entity:course_concept:COCO_CATEGORY:lifestyle
8269	entity:course_concept:COCO_CATEGORY:management
8270	entity:course_concept:COCO_CATEGORY:marketing
8271	entity:course_concept:COCO_CATEGORY:marketing-fundamentals
8272	entity:course_concept:COCO_CATEGORY:math-and-science
8273	entity:course_concept:COCO_CATEGORY:media
8274	entity:course_concept:COCO_CATEGORY:meditation
8275	entity:course_concept:COCO_CATEGORY:memory
8276	entity:course_concept:COCO_CATEGORY:mental-health
8277	entity:course_concept:COCO_CATEGORY:microsoft
8278	entity:course_concept:COCO_CATEGORY:mobile-apps
8279	entity:course_concept:COCO_CATEGORY:mobile-photography
8280	entity:course_concept:COCO_CATEGORY:motivation
8281	entity:course_concept:COCO_CATEGORY:music
8282	entity:course_concept:COCO_CATEGORY:music-fundamentals
8283	entity:course_concept:COCO_CATEGORY:music-software
8284	entity:course_concept:COCO_CATEGORY:music-techniques
8285	entity:course_concept:COCO_CATEGORY:network-and-security
8286	entity:course_concept:COCO_CATEGORY:non-digital-marketing
8287	entity:course_concept:COCO_CATEGORY:nutrition
8288	entity:course_concept:COCO_CATEGORY:office-productivity
8289	entity:course_concept:COCO_CATEGORY:operating-systems
8290	entity:course_concept:COCO_CATEGORY:operations
8291	entity:course_concept:COCO_CATEGORY:oracle
8292	entity:course_concept:COCO_CATEGORY:other
8293	entity:course_concept:COCO_CATEGORY:parenting-and-relationships
8294	entity:course_concept:COCO_CATEGORY:personal-brand-building
8295	entity:course_concept:COCO_CATEGORY:personal-development
8296	entity:course_concept:COCO_CATEGORY:personal-finance
8297	entity:course_concept:COCO_CATEGORY:personal-transformation
8298	entity:course_concept:COCO_CATEGORY:pet-care-and-training
8299	entity:course_concept:COCO_CATEGORY:photography
8300	entity:course_concept:COCO_CATEGORY:photography-fundamentals
8301	entity:course_concept:COCO_CATEGORY:photography-tools
8302	entity:course_concept:COCO_CATEGORY:portraits
8303	entity:course_concept:COCO_CATEGORY:portuguese
8304	entity:course_concept:COCO_CATEGORY:product-marketing
8305	entity:course_concept:COCO_CATEGORY:production
8306	entity:course_concept:COCO_CATEGORY:productivity
8307	entity:course_concept:COCO_CATEGORY:programming-languages
8308	entity:course_concept:COCO_CATEGORY:project-management
8309	entity:course_concept:COCO_CATEGORY:public-relations
8310	entity:course_concept:COCO_CATEGORY:real-estate
8311	entity:course_concept:COCO_CATEGORY:religion-and-spirituality
8312	entity:course_concept:COCO_CATEGORY:russian
8313	entity:course_concept:COCO_CATEGORY:safety-and-first-aid
8314	entity:course_concept:COCO_CATEGORY:sales
8315	entity:course_concept:COCO_CATEGORY:salesforce
8316	entity:course_concept:COCO_CATEGORY:sap
8317	entity:course_concept:COCO_CATEGORY:search-engine-optimization
8318	entity:course_concept:COCO_CATEGORY:self-defense
8319	entity:course_concept:COCO_CATEGORY:self-esteem
8320	entity:course_concept:COCO_CATEGORY:social-media-marketing
8321	entity:course_concept:COCO_CATEGORY:social-science
8322	entity:course_concept:COCO_CATEGORY:software-engineering
8323	entity:course_concept:COCO_CATEGORY:software-testing
8324	entity:course_concept:COCO_CATEGORY:spanish
8325	entity:course_concept:COCO_CATEGORY:sports
8326	entity:course_concept:COCO_CATEGORY:strategy
8327	entity:course_concept:COCO_CATEGORY:stress-management
8328	entity:course_concept:COCO_CATEGORY:teacher-training
8329	entity:course_concept:COCO_CATEGORY:teaching-tools
8330	entity:course_concept:COCO_CATEGORY:test-prep
8331	entity:course_concept:COCO_CATEGORY:test-taking-skills
8332	entity:course_concept:COCO_CATEGORY:travel
8333	entity:course_concept:COCO_CATEGORY:travel-photography
8334	entity:course_concept:COCO_CATEGORY:user-experience
8335	entity:course_concept:COCO_CATEGORY:video-and-mobile-marketing
8336	entity:course_concept:COCO_CATEGORY:video-design
8337	entity:course_concept:COCO_CATEGORY:vocal
8338	entity:course_concept:COCO_CATEGORY:web-design
8339	entity:course_concept:COCO_CATEGORY:web-development
8340	entity:course_concept:COCO_CATEGORY:wedding-photography
8341	entity:course_concept:COCO_CATEGORY:yoga
8342	entity:course_concept:COCO_CONCEPT:.NET_Framework
8343	entity:course_concept:COCO_CONCEPT:.dwg
8344	entity:course_concept:COCO_CONCEPT:360-degree_video
8345	entity:course_concept:COCO_CONCEPT:3CX
8346	entity:course_concept:COCO_CONCEPT:3D_computer_graphics
8347	entity:course_concept:COCO_CONCEPT:3D_film
8348	entity:course_concept:COCO_CONCEPT:3D_modeling
8349	entity:course_concept:COCO_CONCEPT:3D_printing
8350	entity:course_concept:COCO_CONCEPT:6to4
8351	entity:course_concept:COCO_CONCEPT:ABAP
8352	entity:course_concept:COCO_CONCEPT:ADDIE_Model
8353	entity:course_concept:COCO_CONCEPT:AFC_Ajax
8354	entity:course_concept:COCO_CONCEPT:API
8355	entity:course_concept:COCO_CONCEPT:API_testing
8356	entity:course_concept:COCO_CONCEPT:API_writer
8357	entity:course_concept:COCO_CONCEPT:ARM_architecture_family
8358	entity:course_concept:COCO_CONCEPT:ATR_(aircraft_manufacturer)
8359	entity:course_concept:COCO_CONCEPT:AWK
8360	entity:course_concept:COCO_CONCEPT:AWS_CloudFormation
8361	entity:course_concept:COCO_CONCEPT:AWS_Elastic_Beanstalk
8362	entity:course_concept:COCO_CONCEPT:AWS_Lambda
8363	entity:course_concept:COCO_CONCEPT:A_New_Earth
8364	entity:course_concept:COCO_CONCEPT:Ableton
8365	entity:course_concept:COCO_CONCEPT:Ableton_Live
8366	entity:course_concept:COCO_CONCEPT:Absolute_zero
8367	entity:course_concept:COCO_CONCEPT:Academic_publishing
8368	entity:course_concept:COCO_CONCEPT:Academic_writing
8369	entity:course_concept:COCO_CONCEPT:Accent_(sociolinguistics)
8370	entity:course_concept:COCO_CONCEPT:Accent_reduction
8371	entity:course_concept:COCO_CONCEPT:Access_Database_Engine
8372	entity:course_concept:COCO_CONCEPT:Accompaniment
8373	entity:course_concept:COCO_CONCEPT:Accountant
8374	entity:course_concept:COCO_CONCEPT:Accounting
8375	entity:course_concept:COCO_CONCEPT:Accounting_software
8376	entity:course_concept:COCO_CONCEPT:Acoustic_guitar
8377	entity:course_concept:COCO_CONCEPT:Acrylic_paint
8378	entity:course_concept:COCO_CONCEPT:ActiveCampaign
8379	entity:course_concept:COCO_CONCEPT:Active_Directory
8380	entity:course_concept:COCO_CONCEPT:Active_listening
8381	entity:course_concept:COCO_CONCEPT:Activity_diagram
8382	entity:course_concept:COCO_CONCEPT:Acts_of_the_Apostles
8383	entity:course_concept:COCO_CONCEPT:Acupressure
8384	entity:course_concept:COCO_CONCEPT:AdMob
8385	entity:course_concept:COCO_CONCEPT:Adaptive_music
8386	entity:course_concept:COCO_CONCEPT:Addiction
8387	entity:course_concept:COCO_CONCEPT:Adipose_tissue
8388	entity:course_concept:COCO_CONCEPT:Administrative_assistant
8389	entity:course_concept:COCO_CONCEPT:Adobe
8390	entity:course_concept:COCO_CONCEPT:Adobe_After_Effects
8391	entity:course_concept:COCO_CONCEPT:Adobe_Animate
8392	entity:course_concept:COCO_CONCEPT:Adobe_Audition
8393	entity:course_concept:COCO_CONCEPT:Adobe_Bridge
8394	entity:course_concept:COCO_CONCEPT:Adobe_Creative_Cloud
8395	entity:course_concept:COCO_CONCEPT:Adobe_Dreamweaver
8396	entity:course_concept:COCO_CONCEPT:Adobe_Edge
8397	entity:course_concept:COCO_CONCEPT:Adobe_Edge_Animate
8398	entity:course_concept:COCO_CONCEPT:Adobe_Flash
8399	entity:course_concept:COCO_CONCEPT:Adobe_Illustrator
8400	entity:course_concept:COCO_CONCEPT:Adobe_InDesign
8401	entity:course_concept:COCO_CONCEPT:Adobe_Inc.
8402	entity:course_concept:COCO_CONCEPT:Adobe_Lightroom
8403	entity:course_concept:COCO_CONCEPT:Adobe_Photoshop
8404	entity:course_concept:COCO_CONCEPT:Adobe_Premiere_Pro
8405	entity:course_concept:COCO_CONCEPT:Adobe_XD
8406	entity:course_concept:COCO_CONCEPT:Adolf_Hitler
8407	entity:course_concept:COCO_CONCEPT:Adult_attention_deficit_hyperactivity_disorder
8408	entity:course_concept:COCO_CONCEPT:Advanced_Encryption_Standard
8409	entity:course_concept:COCO_CONCEPT:Advanced_cardiac_life_support
8410	entity:course_concept:COCO_CONCEPT:Advanced_persistent_threat
8411	entity:course_concept:COCO_CONCEPT:Adventure_game
8412	entity:course_concept:COCO_CONCEPT:Advertising
8413	entity:course_concept:COCO_CONCEPT:Advertising_campaign
8414	entity:course_concept:COCO_CONCEPT:Aerial_photography
8415	entity:course_concept:COCO_CONCEPT:Aerobic_exercise
8416	entity:course_concept:COCO_CONCEPT:Affiliate_marketing
8417	entity:course_concept:COCO_CONCEPT:Affinity_Designer
8418	entity:course_concept:COCO_CONCEPT:Affinity_Photo
8419	entity:course_concept:COCO_CONCEPT:Affinity_analysis
8420	entity:course_concept:COCO_CONCEPT:Afterlife
8421	entity:course_concept:COCO_CONCEPT:Agile_leadership
8422	entity:course_concept:COCO_CONCEPT:Agile_management
8423	entity:course_concept:COCO_CONCEPT:Agile_software_development
8424	entity:course_concept:COCO_CONCEPT:Agile_testing
8425	entity:course_concept:COCO_CONCEPT:Airbnb
8426	entity:course_concept:COCO_CONCEPT:Aircrack-ng
8427	entity:course_concept:COCO_CONCEPT:Ajax_(programming)
8428	entity:course_concept:COCO_CONCEPT:Albert_Einstein
8429	entity:course_concept:COCO_CONCEPT:Albert_Ellis
8430	entity:course_concept:COCO_CONCEPT:Alexa_Internet
8431	entity:course_concept:COCO_CONCEPT:Alexander_Technique
8432	entity:course_concept:COCO_CONCEPT:Algebra
8433	entity:course_concept:COCO_CONCEPT:Algorithm
8434	entity:course_concept:COCO_CONCEPT:Algorithmic_trading
8435	entity:course_concept:COCO_CONCEPT:AliExpress
8436	entity:course_concept:COCO_CONCEPT:Alibaba_Group
8437	entity:course_concept:COCO_CONCEPT:Alludo
8438	entity:course_concept:COCO_CONCEPT:Altera
8439	entity:course_concept:COCO_CONCEPT:Alteryx
8440	entity:course_concept:COCO_CONCEPT:Altium
8441	entity:course_concept:COCO_CONCEPT:Altium_Designer
8442	entity:course_concept:COCO_CONCEPT:Alya_Michelson
8443	entity:course_concept:COCO_CONCEPT:Amateur_boxing
8444	entity:course_concept:COCO_CONCEPT:Amazon_(company)
8445	entity:course_concept:COCO_CONCEPT:Amazon_Alexa
8446	entity:course_concept:COCO_CONCEPT:Amazon_DynamoDB
8447	entity:course_concept:COCO_CONCEPT:Amazon_Echo
8448	entity:course_concept:COCO_CONCEPT:Amazon_Elastic_Block_Store
8449	entity:course_concept:COCO_CONCEPT:Amazon_Elastic_Compute_Cloud
8450	entity:course_concept:COCO_CONCEPT:Amazon_Kindle
8451	entity:course_concept:COCO_CONCEPT:Amazon_Machine_Image
8452	entity:course_concept:COCO_CONCEPT:Amazon_Marketplace
8453	entity:course_concept:COCO_CONCEPT:Amazon_Prime_Video
8454	entity:course_concept:COCO_CONCEPT:Amazon_Redshift
8455	entity:course_concept:COCO_CONCEPT:Amazon_Relational_Database_Service
8456	entity:course_concept:COCO_CONCEPT:Amazon_S3
8457	entity:course_concept:COCO_CONCEPT:Amazon_Web_Services
8458	entity:course_concept:COCO_CONCEPT:Amazon_rainforest
8459	entity:course_concept:COCO_CONCEPT:American_Civil_War
8460	entity:course_concept:COCO_CONCEPT:American_English
8461	entity:course_concept:COCO_CONCEPT:American_Sign_Language
8462	entity:course_concept:COCO_CONCEPT:American_Society_for_Quality
8463	entity:course_concept:COCO_CONCEPT:Analysis
8464	entity:course_concept:COCO_CONCEPT:Analytics
8465	entity:course_concept:COCO_CONCEPT:Ananda_Marga
8466	entity:course_concept:COCO_CONCEPT:Andrew_Wiles
8467	entity:course_concept:COCO_CONCEPT:Android_(operating_system)
8468	entity:course_concept:COCO_CONCEPT:Android_(robot)
8469	entity:course_concept:COCO_CONCEPT:Android_KitKat
8470	entity:course_concept:COCO_CONCEPT:Android_Lollipop
8471	entity:course_concept:COCO_CONCEPT:Android_Marshmallow
8472	entity:course_concept:COCO_CONCEPT:Android_Nougat
8473	entity:course_concept:COCO_CONCEPT:Android_SDK
8474	entity:course_concept:COCO_CONCEPT:Android_Studio
8475	entity:course_concept:COCO_CONCEPT:Android_TV
8476	entity:course_concept:COCO_CONCEPT:Angry_Birds
8477	entity:course_concept:COCO_CONCEPT:AngularJS
8478	entity:course_concept:COCO_CONCEPT:Angular_(web_framework)
8479	entity:course_concept:COCO_CONCEPT:Animal_communication
8480	entity:course_concept:COCO_CONCEPT:Animation
8481	entity:course_concept:COCO_CONCEPT:Animator
8482	entity:course_concept:COCO_CONCEPT:Anime
8483	entity:course_concept:COCO_CONCEPT:Annex_SL
8484	entity:course_concept:COCO_CONCEPT:Ansible_(software)
8485	entity:course_concept:COCO_CONCEPT:Antidepressant
8486	entity:course_concept:COCO_CONCEPT:Antivirus_software
8487	entity:course_concept:COCO_CONCEPT:Anxiety
8488	entity:course_concept:COCO_CONCEPT:Apache
8489	entity:course_concept:COCO_CONCEPT:Apache_ActiveMQ
8490	entity:course_concept:COCO_CONCEPT:Apache_Cassandra
8491	entity:course_concept:COCO_CONCEPT:Apache_CloudStack
8492	entity:course_concept:COCO_CONCEPT:Apache_Cordova
8493	entity:course_concept:COCO_CONCEPT:Apache_CouchDB
8494	entity:course_concept:COCO_CONCEPT:Apache_Groovy
8495	entity:course_concept:COCO_CONCEPT:Apache_HBase
8496	entity:course_concept:COCO_CONCEPT:Apache_HTTP_Server
8497	entity:course_concept:COCO_CONCEPT:Apache_Hadoop
8498	entity:course_concept:COCO_CONCEPT:Apache_Hive
8499	entity:course_concept:COCO_CONCEPT:Apache_JMeter
8500	entity:course_concept:COCO_CONCEPT:Apache_Kafka
8501	entity:course_concept:COCO_CONCEPT:Apache_Maven
8502	entity:course_concept:COCO_CONCEPT:Apache_NiFi
8503	entity:course_concept:COCO_CONCEPT:Apache_Oozie
8504	entity:course_concept:COCO_CONCEPT:Apache_Pig
8505	entity:course_concept:COCO_CONCEPT:Apache_Spark
8506	entity:course_concept:COCO_CONCEPT:Apache_Tomcat
8507	entity:course_concept:COCO_CONCEPT:Apache_ZooKeeper
8508	entity:course_concept:COCO_CONCEPT:Apis_(deity)
8509	entity:course_concept:COCO_CONCEPT:Apk_(file_format)
8510	entity:course_concept:COCO_CONCEPT:Apostles_in_the_New_Testament
8511	entity:course_concept:COCO_CONCEPT:Apostrophe
8512	entity:course_concept:COCO_CONCEPT:App_Store_(iOS/iPadOS)
8513	entity:course_concept:COCO_CONCEPT:App_store
8514	entity:course_concept:COCO_CONCEPT:App_store_optimization
8515	entity:course_concept:COCO_CONCEPT:Appium
8516	entity:course_concept:COCO_CONCEPT:Apple_Inc.
8517	entity:course_concept:COCO_CONCEPT:Apple_Store
8518	entity:course_concept:COCO_CONCEPT:Apple_TV
8519	entity:course_concept:COCO_CONCEPT:Apple_Watch
8520	entity:course_concept:COCO_CONCEPT:Application_for_employment
8521	entity:course_concept:COCO_CONCEPT:Application_framework
8522	entity:course_concept:COCO_CONCEPT:Application_lifecycle_management
8523	entity:course_concept:COCO_CONCEPT:Application_security
8524	entity:course_concept:COCO_CONCEPT:Application_software
8525	entity:course_concept:COCO_CONCEPT:Applications_architecture
8526	entity:course_concept:COCO_CONCEPT:Aquaponics
8527	entity:course_concept:COCO_CONCEPT:Aqueduct_(water_supply)
8528	entity:course_concept:COCO_CONCEPT:Arab_world
8529	entity:course_concept:COCO_CONCEPT:Arabic
8530	entity:course_concept:COCO_CONCEPT:Arbitrage
8531	entity:course_concept:COCO_CONCEPT:Architect
8532	entity:course_concept:COCO_CONCEPT:Architecture
8533	entity:course_concept:COCO_CONCEPT:Arduino
8534	entity:course_concept:COCO_CONCEPT:Arduino_Uno
8535	entity:course_concept:COCO_CONCEPT:Armenian_Revolutionary_Federation
8536	entity:course_concept:COCO_CONCEPT:Aromatherapy
8537	entity:course_concept:COCO_CONCEPT:Art
8538	entity:course_concept:COCO_CONCEPT:Art_of_memory
8539	entity:course_concept:COCO_CONCEPT:Art_therapy
8540	entity:course_concept:COCO_CONCEPT:Artificial_intelligence
8541	entity:course_concept:COCO_CONCEPT:Artificial_neural_network
8542	entity:course_concept:COCO_CONCEPT:Assam_tea
8543	entity:course_concept:COCO_CONCEPT:Assembly_language
8544	entity:course_concept:COCO_CONCEPT:Assertiveness
8545	entity:course_concept:COCO_CONCEPT:Asset
8546	entity:course_concept:COCO_CONCEPT:Asset-backed_security
8547	entity:course_concept:COCO_CONCEPT:Asset_allocation
8548	entity:course_concept:COCO_CONCEPT:Asset_classes
8549	entity:course_concept:COCO_CONCEPT:Asterisk
8550	entity:course_concept:COCO_CONCEPT:Astronomy
8551	entity:course_concept:COCO_CONCEPT:Atacama_Pathfinder_Experiment
8552	entity:course_concept:COCO_CONCEPT:Atom_(text_editor)
8553	entity:course_concept:COCO_CONCEPT:Attending_physician
8554	entity:course_concept:COCO_CONCEPT:Attention_deficit_hyperactivity_disorder
8555	entity:course_concept:COCO_CONCEPT:Attention_management
8556	entity:course_concept:COCO_CONCEPT:Auction
8557	entity:course_concept:COCO_CONCEPT:Audacity_(audio_editor)
8558	entity:course_concept:COCO_CONCEPT:Audience
8559	entity:course_concept:COCO_CONCEPT:Audio_editing_software
8560	entity:course_concept:COCO_CONCEPT:Audio_engineer
8561	entity:course_concept:COCO_CONCEPT:Audio_mixing_(recorded_music)
8562	entity:course_concept:COCO_CONCEPT:Audiobook
8563	entity:course_concept:COCO_CONCEPT:Audit
8564	entity:course_concept:COCO_CONCEPT:Augmented_reality
8565	entity:course_concept:COCO_CONCEPT:Authentic_leadership
8566	entity:course_concept:COCO_CONCEPT:Authentication
8567	entity:course_concept:COCO_CONCEPT:Author
8568	entity:course_concept:COCO_CONCEPT:AutoCAD
8569	entity:course_concept:COCO_CONCEPT:Autodesk
8570	entity:course_concept:COCO_CONCEPT:Autodesk_3ds_Max
8571	entity:course_concept:COCO_CONCEPT:Autodesk_Maya
8572	entity:course_concept:COCO_CONCEPT:Autodesk_Revit
8573	entity:course_concept:COCO_CONCEPT:Autoencoder
8574	entity:course_concept:COCO_CONCEPT:Automated_external_defibrillator
8575	entity:course_concept:COCO_CONCEPT:Automated_trading_system
8576	entity:course_concept:COCO_CONCEPT:Automation
8577	entity:course_concept:COCO_CONCEPT:Automator_(macOS)
8578	entity:course_concept:COCO_CONCEPT:Autonomous_system_(Internet)
8579	entity:course_concept:COCO_CONCEPT:Autoresponder
8580	entity:course_concept:COCO_CONCEPT:Awareness
8581	entity:course_concept:COCO_CONCEPT:Axure_RP
8582	entity:course_concept:COCO_CONCEPT:Ayurveda
8583	entity:course_concept:COCO_CONCEPT:Aztec_Empire
8584	entity:course_concept:COCO_CONCEPT:Azure_DevOps_Server
8585	entity:course_concept:COCO_CONCEPT:BASIC
8586	entity:course_concept:COCO_CONCEPT:BSON
8587	entity:course_concept:COCO_CONCEPT:Back_pain
8588	entity:course_concept:COCO_CONCEPT:Backlink
8589	entity:course_concept:COCO_CONCEPT:Backtracking
8590	entity:course_concept:COCO_CONCEPT:Backup
8591	entity:course_concept:COCO_CONCEPT:Baking
8592	entity:course_concept:COCO_CONCEPT:Balsamiq
8593	entity:course_concept:COCO_CONCEPT:Bar_chart
8594	entity:course_concept:COCO_CONCEPT:Barista
8595	entity:course_concept:COCO_CONCEPT:Bash_(Unix_shell)
8596	entity:course_concept:COCO_CONCEPT:Basic_English
8597	entity:course_concept:COCO_CONCEPT:Basic_life_support
8598	entity:course_concept:COCO_CONCEPT:Bass_Player_(magazine)
8599	entity:course_concept:COCO_CONCEPT:Bass_guitar
8600	entity:course_concept:COCO_CONCEPT:Battle_of_the_Crater
8601	entity:course_concept:COCO_CONCEPT:Battle_of_the_Nile
8602	entity:course_concept:COCO_CONCEPT:Battle_of_the_Pyramids
8603	entity:course_concept:COCO_CONCEPT:Bayesian_inference
8604	entity:course_concept:COCO_CONCEPT:Bayesian_statistics
8605	entity:course_concept:COCO_CONCEPT:Beautiful_Soup_(HTML_parser)
8606	entity:course_concept:COCO_CONCEPT:Beer
8607	entity:course_concept:COCO_CONCEPT:Behavior-driven_development
8608	entity:course_concept:COCO_CONCEPT:Behavioral_retargeting
8609	entity:course_concept:COCO_CONCEPT:Beijing
8610	entity:course_concept:COCO_CONCEPT:Belief
8611	entity:course_concept:COCO_CONCEPT:Bernoulli_distribution
8612	entity:course_concept:COCO_CONCEPT:Best_practice
8613	entity:course_concept:COCO_CONCEPT:Bias
8614	entity:course_concept:COCO_CONCEPT:Bible
8615	entity:course_concept:COCO_CONCEPT:Bible_study_(Christianity)
8616	entity:course_concept:COCO_CONCEPT:Big_Five_personality_traits
8617	entity:course_concept:COCO_CONCEPT:Big_data
8618	entity:course_concept:COCO_CONCEPT:Binary_option
8619	entity:course_concept:COCO_CONCEPT:Binary_search_tree
8620	entity:course_concept:COCO_CONCEPT:Biopython
8621	entity:course_concept:COCO_CONCEPT:Bitcoin
8622	entity:course_concept:COCO_CONCEPT:Bitcoin_Cash
8623	entity:course_concept:COCO_CONCEPT:Bjarne_Stroustrup
8624	entity:course_concept:COCO_CONCEPT:Black_magic
8625	entity:course_concept:COCO_CONCEPT:Blender_(magazine)
8626	entity:course_concept:COCO_CONCEPT:Blender_(software)
8627	entity:course_concept:COCO_CONCEPT:Blockchain
8628	entity:course_concept:COCO_CONCEPT:Blog
8629	entity:course_concept:COCO_CONCEPT:Blogger_(service)
8630	entity:course_concept:COCO_CONCEPT:Blues
8631	entity:course_concept:COCO_CONCEPT:Board_game
8632	entity:course_concept:COCO_CONCEPT:Body_language
8633	entity:course_concept:COCO_CONCEPT:Bodybuilding
8634	entity:course_concept:COCO_CONCEPT:Bodyweight_exercise
8635	entity:course_concept:COCO_CONCEPT:Bond_(finance)
8636	entity:course_concept:COCO_CONCEPT:Bond_fund
8637	entity:course_concept:COCO_CONCEPT:Bone
8638	entity:course_concept:COCO_CONCEPT:Bone_healing
8639	entity:course_concept:COCO_CONCEPT:Book
8640	entity:course_concept:COCO_CONCEPT:Bootstrap_(front-end_framework)
8641	entity:course_concept:COCO_CONCEPT:Bootstrapping_(statistics)
8642	entity:course_concept:COCO_CONCEPT:Border_Gateway_Protocol
8643	entity:course_concept:COCO_CONCEPT:Bots_(band)
8644	entity:course_concept:COCO_CONCEPT:Bourne_shell
8645	entity:course_concept:COCO_CONCEPT:Box_model
8646	entity:course_concept:COCO_CONCEPT:Boxing
8647	entity:course_concept:COCO_CONCEPT:Bracket_(tournament)
8648	entity:course_concept:COCO_CONCEPT:Bracketology
8649	entity:course_concept:COCO_CONCEPT:Brain
8650	entity:course_concept:COCO_CONCEPT:Brand
8651	entity:course_concept:COCO_CONCEPT:Brand_equity
8652	entity:course_concept:COCO_CONCEPT:Branding_agency
8653	entity:course_concept:COCO_CONCEPT:Breadth-first_search
8654	entity:course_concept:COCO_CONCEPT:Breakpoint
8655	entity:course_concept:COCO_CONCEPT:Breathing
8656	entity:course_concept:COCO_CONCEPT:Brewing
8657	entity:course_concept:COCO_CONCEPT:British_English
8658	entity:course_concept:COCO_CONCEPT:Browser_extension
8659	entity:course_concept:COCO_CONCEPT:Browser_security
8660	entity:course_concept:COCO_CONCEPT:Bubble_sort
8661	entity:course_concept:COCO_CONCEPT:Buddhism
8662	entity:course_concept:COCO_CONCEPT:Buddhist_meditation
8663	entity:course_concept:COCO_CONCEPT:Bug_bounty_program
8664	entity:course_concept:COCO_CONCEPT:Build_automation
8665	entity:course_concept:COCO_CONCEPT:Bullying
8666	entity:course_concept:COCO_CONCEPT:Business
8667	entity:course_concept:COCO_CONCEPT:BusinessObjects
8668	entity:course_concept:COCO_CONCEPT:Business_English
8669	entity:course_concept:COCO_CONCEPT:Business_Intelligence_Development_Studio
8670	entity:course_concept:COCO_CONCEPT:Business_Model_Canvas
8671	entity:course_concept:COCO_CONCEPT:Business_Process_Model_and_Notation
8672	entity:course_concept:COCO_CONCEPT:Business_administration
8673	entity:course_concept:COCO_CONCEPT:Business_analysis
8674	entity:course_concept:COCO_CONCEPT:Business_analyst
8675	entity:course_concept:COCO_CONCEPT:Business_analytics
8676	entity:course_concept:COCO_CONCEPT:Business_case
8677	entity:course_concept:COCO_CONCEPT:Business_development
8678	entity:course_concept:COCO_CONCEPT:Business_intelligence
8679	entity:course_concept:COCO_CONCEPT:Business_marketing
8680	entity:course_concept:COCO_CONCEPT:Business_model
8681	entity:course_concept:COCO_CONCEPT:Business_networking
8682	entity:course_concept:COCO_CONCEPT:Business_operations
8683	entity:course_concept:COCO_CONCEPT:Business_performance_management
8684	entity:course_concept:COCO_CONCEPT:Business_plan
8685	entity:course_concept:COCO_CONCEPT:Business_process
8686	entity:course_concept:COCO_CONCEPT:Business_process_management
8687	entity:course_concept:COCO_CONCEPT:Business_school
8688	entity:course_concept:COCO_CONCEPT:Business_telephone_system
8689	entity:course_concept:COCO_CONCEPT:CCIE_Certification
8690	entity:course_concept:COCO_CONCEPT:CCNA
8691	entity:course_concept:COCO_CONCEPT:CCNP
8692	entity:course_concept:COCO_CONCEPT:CPanel
8693	entity:course_concept:COCO_CONCEPT:CSS
8694	entity:course_concept:COCO_CONCEPT:CSS_Flexible_Box_Layout
8695	entity:course_concept:COCO_CONCEPT:CSS_code
8696	entity:course_concept:COCO_CONCEPT:CUCM
8697	entity:course_concept:COCO_CONCEPT:C_(programming_language)
8698	entity:course_concept:COCO_CONCEPT:C_Sharp_(programming_language)
8699	entity:course_concept:COCO_CONCEPT:Cake
8700	entity:course_concept:COCO_CONCEPT:Calendar_spread
8701	entity:course_concept:COCO_CONCEPT:Camael
8702	entity:course_concept:COCO_CONCEPT:Camera
8703	entity:course_concept:COCO_CONCEPT:Camtasia
8704	entity:course_concept:COCO_CONCEPT:Cancer
8705	entity:course_concept:COCO_CONCEPT:Candlestick
8706	entity:course_concept:COCO_CONCEPT:Candlestick_chart
8707	entity:course_concept:COCO_CONCEPT:Canopus
8708	entity:course_concept:COCO_CONCEPT:Canva
8709	entity:course_concept:COCO_CONCEPT:Canvas_element
8710	entity:course_concept:COCO_CONCEPT:Capacity_planning
8711	entity:course_concept:COCO_CONCEPT:Capital_asset_pricing_model
8712	entity:course_concept:COCO_CONCEPT:Capital_structure
8713	entity:course_concept:COCO_CONCEPT:Cappuccino
8714	entity:course_concept:COCO_CONCEPT:Card_game
8715	entity:course_concept:COCO_CONCEPT:Cardiopulmonary_resuscitation
8716	entity:course_concept:COCO_CONCEPT:Career
8717	entity:course_concept:COCO_CONCEPT:Career_management
8718	entity:course_concept:COCO_CONCEPT:Cassandra
8719	entity:course_concept:COCO_CONCEPT:Casting_on_(knitting)
8720	entity:course_concept:COCO_CONCEPT:CentOS
8721	entity:course_concept:COCO_CONCEPT:Central_tendency
8722	entity:course_concept:COCO_CONCEPT:Certification
8723	entity:course_concept:COCO_CONCEPT:Certified_Associate_in_Project_Management
8724	entity:course_concept:COCO_CONCEPT:Certified_Management_Accountant
8725	entity:course_concept:COCO_CONCEPT:Certified_Public_Accountant
8726	entity:course_concept:COCO_CONCEPT:Certified_ethical_hacker
8727	entity:course_concept:COCO_CONCEPT:Certified_information_systems_security_professional
8728	entity:course_concept:COCO_CONCEPT:Chakra
8729	entity:course_concept:COCO_CONCEPT:Change_management
8730	entity:course_concept:COCO_CONCEPT:Character_animation
8731	entity:course_concept:COCO_CONCEPT:Character_creation
8732	entity:course_concept:COCO_CONCEPT:Character_sheet
8733	entity:course_concept:COCO_CONCEPT:Charcoal
8734	entity:course_concept:COCO_CONCEPT:Charcoal_(art)
8735	entity:course_concept:COCO_CONCEPT:Charisma
8736	entity:course_concept:COCO_CONCEPT:Chartered_Quality_Institute
8737	entity:course_concept:COCO_CONCEPT:Chatbot
8738	entity:course_concept:COCO_CONCEPT:Chemotherapy
8739	entity:course_concept:COCO_CONCEPT:Chess
8740	entity:course_concept:COCO_CONCEPT:Chest_voice
8741	entity:course_concept:COCO_CONCEPT:Chicago_Mercantile_Exchange
8742	entity:course_concept:COCO_CONCEPT:Chief_marketing_officer
8743	entity:course_concept:COCO_CONCEPT:Child
8744	entity:course_concept:COCO_CONCEPT:Child_development
8745	entity:course_concept:COCO_CONCEPT:Children's_rights
8746	entity:course_concept:COCO_CONCEPT:China
8747	entity:course_concept:COCO_CONCEPT:Chinese_as_a_foreign_language
8748	entity:course_concept:COCO_CONCEPT:Chinese_culture
8749	entity:course_concept:COCO_CONCEPT:Chinese_language
8750	entity:course_concept:COCO_CONCEPT:Chinese_tea
8751	entity:course_concept:COCO_CONCEPT:Chiptune
8752	entity:course_concept:COCO_CONCEPT:Chord_(music)
8753	entity:course_concept:COCO_CONCEPT:Chord_progression
8754	entity:course_concept:COCO_CONCEPT:Chris_Anderson_(entrepreneur)
8755	entity:course_concept:COCO_CONCEPT:Chris_Impey
8756	entity:course_concept:COCO_CONCEPT:Christianity
8757	entity:course_concept:COCO_CONCEPT:Christmas
8758	entity:course_concept:COCO_CONCEPT:Chroma_key
8759	entity:course_concept:COCO_CONCEPT:Chrome_Web_Store
8760	entity:course_concept:COCO_CONCEPT:Chromotherapy
8761	entity:course_concept:COCO_CONCEPT:Chronic_stress
8762	entity:course_concept:COCO_CONCEPT:Cinematography
8763	entity:course_concept:COCO_CONCEPT:Circle
8764	entity:course_concept:COCO_CONCEPT:CircleCI
8765	entity:course_concept:COCO_CONCEPT:CircuitMaker
8766	entity:course_concept:COCO_CONCEPT:Cisco
8767	entity:course_concept:COCO_CONCEPT:Cisco_ASA
8768	entity:course_concept:COCO_CONCEPT:Cisco_Certified_Entry_Networking_Technician
8769	entity:course_concept:COCO_CONCEPT:Cisco_IOS
8770	entity:course_concept:COCO_CONCEPT:Cisco_certifications
8771	entity:course_concept:COCO_CONCEPT:Clairaudience
8772	entity:course_concept:COCO_CONCEPT:Clash_of_Clans
8773	entity:course_concept:COCO_CONCEPT:Class_diagram
8774	entity:course_concept:COCO_CONCEPT:Classroom
8775	entity:course_concept:COCO_CONCEPT:Click-through_rate
8776	entity:course_concept:COCO_CONCEPT:ClickBank
8777	entity:course_concept:COCO_CONCEPT:Clickteam
8778	entity:course_concept:COCO_CONCEPT:Client_(computing)
8779	entity:course_concept:COCO_CONCEPT:Client_honeypot
8780	entity:course_concept:COCO_CONCEPT:Clip_Studio_Paint
8781	entity:course_concept:COCO_CONCEPT:Closed_captioning
8782	entity:course_concept:COCO_CONCEPT:Cloud_Native_Computing_Foundation
8783	entity:course_concept:COCO_CONCEPT:Cloud_Security_Alliance
8784	entity:course_concept:COCO_CONCEPT:Cloud_computing
8785	entity:course_concept:COCO_CONCEPT:Cloud_database
8786	entity:course_concept:COCO_CONCEPT:Cloud_storage
8787	entity:course_concept:COCO_CONCEPT:Cluster_analysis
8788	entity:course_concept:COCO_CONCEPT:Coach_(baseball)
8789	entity:course_concept:COCO_CONCEPT:Coach_(sport)
8790	entity:course_concept:COCO_CONCEPT:Coaching
8791	entity:course_concept:COCO_CONCEPT:Cocoa_(API)
8792	entity:course_concept:COCO_CONCEPT:Cocoa_Touch
8793	entity:course_concept:COCO_CONCEPT:CodeIgniter
8794	entity:course_concept:COCO_CONCEPT:Code_refactoring
8795	entity:course_concept:COCO_CONCEPT:Code_smell
8796	entity:course_concept:COCO_CONCEPT:Coding_interview
8797	entity:course_concept:COCO_CONCEPT:Cognition
8798	entity:course_concept:COCO_CONCEPT:Cognitive_behavioral_therapy
8799	entity:course_concept:COCO_CONCEPT:Cognitive_psychology
8800	entity:course_concept:COCO_CONCEPT:Cognitive_science
8801	entity:course_concept:COCO_CONCEPT:Cognitive_walkthrough
8802	entity:course_concept:COCO_CONCEPT:Cognos
8803	entity:course_concept:COCO_CONCEPT:Cold_email
8804	entity:course_concept:COCO_CONCEPT:Collaborative_filtering
8805	entity:course_concept:COCO_CONCEPT:College
8806	entity:course_concept:COCO_CONCEPT:Color
8807	entity:course_concept:COCO_CONCEPT:Color_balance
8808	entity:course_concept:COCO_CONCEPT:Color_correction
8809	entity:course_concept:COCO_CONCEPT:Color_grading
8810	entity:course_concept:COCO_CONCEPT:Color_mixing
8811	entity:course_concept:COCO_CONCEPT:Color_psychology
8812	entity:course_concept:COCO_CONCEPT:Color_theory
8813	entity:course_concept:COCO_CONCEPT:Colored_pencil
8814	entity:course_concept:COCO_CONCEPT:Colorist
8815	entity:course_concept:COCO_CONCEPT:Column_(database)
8816	entity:course_concept:COCO_CONCEPT:Combat_stress_reaction
8817	entity:course_concept:COCO_CONCEPT:Comic_book
8818	entity:course_concept:COCO_CONCEPT:Command-line_interface
8819	entity:course_concept:COCO_CONCEPT:Commercial_property
8820	entity:course_concept:COCO_CONCEPT:Communication
8821	entity:course_concept:COCO_CONCEPT:Communication_protocol
8822	entity:course_concept:COCO_CONCEPT:Communications_management
8823	entity:course_concept:COCO_CONCEPT:Communications_training
8824	entity:course_concept:COCO_CONCEPT:CompTIA
8825	entity:course_concept:COCO_CONCEPT:Competitive_advantage
8826	entity:course_concept:COCO_CONCEPT:Compiler
8827	entity:course_concept:COCO_CONCEPT:Complex_sales
8828	entity:course_concept:COCO_CONCEPT:Complexity_class
8829	entity:course_concept:COCO_CONCEPT:Compose_key
8830	entity:course_concept:COCO_CONCEPT:Composer
8831	entity:course_concept:COCO_CONCEPT:Compulsive_behavior
8832	entity:course_concept:COCO_CONCEPT:Computational_complexity
8833	entity:course_concept:COCO_CONCEPT:Computer
8834	entity:course_concept:COCO_CONCEPT:Computer-aided_design
8835	entity:course_concept:COCO_CONCEPT:Computer_animation
8836	entity:course_concept:COCO_CONCEPT:Computer_architecture
8837	entity:course_concept:COCO_CONCEPT:Computer_data_storage
8838	entity:course_concept:COCO_CONCEPT:Computer_file
8839	entity:course_concept:COCO_CONCEPT:Computer_forensics
8840	entity:course_concept:COCO_CONCEPT:Computer_graphics
8841	entity:course_concept:COCO_CONCEPT:Computer_graphics_lighting
8842	entity:course_concept:COCO_CONCEPT:Computer_hardware
8843	entity:course_concept:COCO_CONCEPT:Computer_language
8844	entity:course_concept:COCO_CONCEPT:Computer_memory
8845	entity:course_concept:COCO_CONCEPT:Computer_network
8846	entity:course_concept:COCO_CONCEPT:Computer_programming
8847	entity:course_concept:COCO_CONCEPT:Computer_repair_technician
8848	entity:course_concept:COCO_CONCEPT:Computer_science
8849	entity:course_concept:COCO_CONCEPT:Computer_security
8850	entity:course_concept:COCO_CONCEPT:Computer_vision
8851	entity:course_concept:COCO_CONCEPT:Computing
8852	entity:course_concept:COCO_CONCEPT:Concept
8853	entity:course_concept:COCO_CONCEPT:Concurrent_computing
8854	entity:course_concept:COCO_CONCEPT:Conditional_mood
8855	entity:course_concept:COCO_CONCEPT:Condor
8856	entity:course_concept:COCO_CONCEPT:Confidence
8857	entity:course_concept:COCO_CONCEPT:Confidentiality
8858	entity:course_concept:COCO_CONCEPT:Configuration_management
8859	entity:course_concept:COCO_CONCEPT:Conflict_management
8860	entity:course_concept:COCO_CONCEPT:Conflict_resolution
8861	entity:course_concept:COCO_CONCEPT:Confluence_(software)
8862	entity:course_concept:COCO_CONCEPT:Conquistador
8863	entity:course_concept:COCO_CONCEPT:Consciousness
8864	entity:course_concept:COCO_CONCEPT:Consonant
8865	entity:course_concept:COCO_CONCEPT:Construct_(game_engine)
8866	entity:course_concept:COCO_CONCEPT:Consultant
8867	entity:course_concept:COCO_CONCEPT:Content_(media)
8868	entity:course_concept:COCO_CONCEPT:Content_analysis
8869	entity:course_concept:COCO_CONCEPT:Content_creation
8870	entity:course_concept:COCO_CONCEPT:Content_curation
8871	entity:course_concept:COCO_CONCEPT:Content_marketing
8872	entity:course_concept:COCO_CONCEPT:Continuous_delivery
8873	entity:course_concept:COCO_CONCEPT:Continuous_integration
8874	entity:course_concept:COCO_CONCEPT:Continuous_testing
8875	entity:course_concept:COCO_CONCEPT:Contouring
8876	entity:course_concept:COCO_CONCEPT:Control_Panel_(Windows)
8877	entity:course_concept:COCO_CONCEPT:Conversion_rate_optimization
8878	entity:course_concept:COCO_CONCEPT:Convolutional_neural_network
8879	entity:course_concept:COCO_CONCEPT:Cookie
8880	entity:course_concept:COCO_CONCEPT:Cooking
8881	entity:course_concept:COCO_CONCEPT:Coping
8882	entity:course_concept:COCO_CONCEPT:Copyright
8883	entity:course_concept:COCO_CONCEPT:Copyright_symbol
8884	entity:course_concept:COCO_CONCEPT:Copywriting
8885	entity:course_concept:COCO_CONCEPT:Core_Data
8886	entity:course_concept:COCO_CONCEPT:CorelDRAW
8887	entity:course_concept:COCO_CONCEPT:Corporate_finance
8888	entity:course_concept:COCO_CONCEPT:Correlation
8889	entity:course_concept:COCO_CONCEPT:Corruption
8890	entity:course_concept:COCO_CONCEPT:Cortana_(virtual_assistant)
8891	entity:course_concept:COCO_CONCEPT:Cost
8892	entity:course_concept:COCO_CONCEPT:Cost_per_action
8893	entity:course_concept:COCO_CONCEPT:Course_(education)
8894	entity:course_concept:COCO_CONCEPT:Cover_letter
8895	entity:course_concept:COCO_CONCEPT:Craigslist
8896	entity:course_concept:COCO_CONCEPT:Create,_read,_update_and_delete
8897	entity:course_concept:COCO_CONCEPT:Creational_pattern
8898	entity:course_concept:COCO_CONCEPT:Creativity
8899	entity:course_concept:COCO_CONCEPT:Credit
8900	entity:course_concept:COCO_CONCEPT:Credit_card
8901	entity:course_concept:COCO_CONCEPT:Credit_card_debt
8902	entity:course_concept:COCO_CONCEPT:Credit_history
8903	entity:course_concept:COCO_CONCEPT:Crime
8904	entity:course_concept:COCO_CONCEPT:Criminal_justice
8905	entity:course_concept:COCO_CONCEPT:Critical_thinking
8906	entity:course_concept:COCO_CONCEPT:Cross-platform_software
8907	entity:course_concept:COCO_CONCEPT:Cross-site_request_forgery
8908	entity:course_concept:COCO_CONCEPT:Cross-site_scripting
8909	entity:course_concept:COCO_CONCEPT:Crossy_Road
8910	entity:course_concept:COCO_CONCEPT:Crowdfunding
8911	entity:course_concept:COCO_CONCEPT:Crucifixion
8912	entity:course_concept:COCO_CONCEPT:Crucifixion_of_Jesus
8913	entity:course_concept:COCO_CONCEPT:Crust_(geology)
8914	entity:course_concept:COCO_CONCEPT:Cryptocurrency
8915	entity:course_concept:COCO_CONCEPT:Cryptocurrency_exchange
8916	entity:course_concept:COCO_CONCEPT:Cryptography
8917	entity:course_concept:COCO_CONCEPT:Crystal
8918	entity:course_concept:COCO_CONCEPT:Crystal_Reports
8919	entity:course_concept:COCO_CONCEPT:Crystal_healing
8920	entity:course_concept:COCO_CONCEPT:Cubic_Corporation
8921	entity:course_concept:COCO_CONCEPT:Cucumber
8922	entity:course_concept:COCO_CONCEPT:Cucumber_(software)
8923	entity:course_concept:COCO_CONCEPT:Culture
8924	entity:course_concept:COCO_CONCEPT:Culture_of_Japan
8925	entity:course_concept:COCO_CONCEPT:Cumulus_Networks
8926	entity:course_concept:COCO_CONCEPT:Currency
8927	entity:course_concept:COCO_CONCEPT:CurrencyFair
8928	entity:course_concept:COCO_CONCEPT:Cursive
8929	entity:course_concept:COCO_CONCEPT:Curvilinear_perspective
8930	entity:course_concept:COCO_CONCEPT:Customer
8931	entity:course_concept:COCO_CONCEPT:Customer_development
8932	entity:course_concept:COCO_CONCEPT:Customer_experience
8933	entity:course_concept:COCO_CONCEPT:Customer_relationship_management
8934	entity:course_concept:COCO_CONCEPT:Customer_service
8935	entity:course_concept:COCO_CONCEPT:Cyber_threat_intelligence
8936	entity:course_concept:COCO_CONCEPT:Cyberattack
8937	entity:course_concept:COCO_CONCEPT:DAX
8938	entity:course_concept:COCO_CONCEPT:DECA_(organization)
8939	entity:course_concept:COCO_CONCEPT:DJI
8940	entity:course_concept:COCO_CONCEPT:DMAIC
8941	entity:course_concept:COCO_CONCEPT:DMX
8942	entity:course_concept:COCO_CONCEPT:DNS_spoofing
8943	entity:course_concept:COCO_CONCEPT:DNS_zone
8944	entity:course_concept:COCO_CONCEPT:DaVinci_Resolve
8945	entity:course_concept:COCO_CONCEPT:Daft_Punk
8946	entity:course_concept:COCO_CONCEPT:Dan_Rather
8947	entity:course_concept:COCO_CONCEPT:Dark_web
8948	entity:course_concept:COCO_CONCEPT:Darkness
8949	entity:course_concept:COCO_CONCEPT:Dashboard_(business)
8950	entity:course_concept:COCO_CONCEPT:Data
8951	entity:course_concept:COCO_CONCEPT:Data-driven_testing
8952	entity:course_concept:COCO_CONCEPT:Data_&_Marketing_Association
8953	entity:course_concept:COCO_CONCEPT:Data_Analysis_Expressions
8954	entity:course_concept:COCO_CONCEPT:Data_analysis
8955	entity:course_concept:COCO_CONCEPT:Data_and_information_visualization
8956	entity:course_concept:COCO_CONCEPT:Data_architect
8957	entity:course_concept:COCO_CONCEPT:Data_center
8958	entity:course_concept:COCO_CONCEPT:Data_definition_language
8959	entity:course_concept:COCO_CONCEPT:Data_integration
8960	entity:course_concept:COCO_CONCEPT:Data_management
8961	entity:course_concept:COCO_CONCEPT:Data_manipulation_language
8962	entity:course_concept:COCO_CONCEPT:Data_mining
8963	entity:course_concept:COCO_CONCEPT:Data_modeling
8964	entity:course_concept:COCO_CONCEPT:Data_science
8965	entity:course_concept:COCO_CONCEPT:Data_scraping
8966	entity:course_concept:COCO_CONCEPT:Data_set
8967	entity:course_concept:COCO_CONCEPT:Data_storage
8968	entity:course_concept:COCO_CONCEPT:Data_structure
8969	entity:course_concept:COCO_CONCEPT:Data_warehouse
8970	entity:course_concept:COCO_CONCEPT:Database
8971	entity:course_concept:COCO_CONCEPT:Database_administrator
8972	entity:course_concept:COCO_CONCEPT:Database_application
8973	entity:course_concept:COCO_CONCEPT:Database_design
8974	entity:course_concept:COCO_CONCEPT:Database_schema
8975	entity:course_concept:COCO_CONCEPT:Database_security
8976	entity:course_concept:COCO_CONCEPT:Database_tuning
8977	entity:course_concept:COCO_CONCEPT:Dating
8978	entity:course_concept:COCO_CONCEPT:Day_trading
8979	entity:course_concept:COCO_CONCEPT:Death
8980	entity:course_concept:COCO_CONCEPT:Debt
8981	entity:course_concept:COCO_CONCEPT:Debugging
8982	entity:course_concept:COCO_CONCEPT:Decentralized_autonomous_organization
8983	entity:course_concept:COCO_CONCEPT:Decision-making
8984	entity:course_concept:COCO_CONCEPT:Decision_tree
8985	entity:course_concept:COCO_CONCEPT:Decision_tree_model
8986	entity:course_concept:COCO_CONCEPT:Deep_learning
8987	entity:course_concept:COCO_CONCEPT:Deep_web
8988	entity:course_concept:COCO_CONCEPT:Deferred_tax
8989	entity:course_concept:COCO_CONCEPT:Demand
8990	entity:course_concept:COCO_CONCEPT:Democracy
8991	entity:course_concept:COCO_CONCEPT:Dependency_injection
8992	entity:course_concept:COCO_CONCEPT:Depreciation
8993	entity:course_concept:COCO_CONCEPT:Depression_(mood)
8994	entity:course_concept:COCO_CONCEPT:Design
8995	entity:course_concept:COCO_CONCEPT:DesignSpark_Mechanical
8996	entity:course_concept:COCO_CONCEPT:Design_Patterns
8997	entity:course_concept:COCO_CONCEPT:Design_methods
8998	entity:course_concept:COCO_CONCEPT:Design_pattern
8999	entity:course_concept:COCO_CONCEPT:Design_thinking
9000	entity:course_concept:COCO_CONCEPT:Desktop_computer
9001	entity:course_concept:COCO_CONCEPT:Detective
9002	entity:course_concept:COCO_CONCEPT:Determinant
9003	entity:course_concept:COCO_CONCEPT:DevOps
9004	entity:course_concept:COCO_CONCEPT:Dialogue
9005	entity:course_concept:COCO_CONCEPT:Diaphragmatic_breathing
9006	entity:course_concept:COCO_CONCEPT:Dietary_supplement
9007	entity:course_concept:COCO_CONCEPT:Dieting
9008	entity:course_concept:COCO_CONCEPT:Digital_News_Network
9009	entity:course_concept:COCO_CONCEPT:Digital_art
9010	entity:course_concept:COCO_CONCEPT:Digital_currency
9011	entity:course_concept:COCO_CONCEPT:Digital_electronics
9012	entity:course_concept:COCO_CONCEPT:Digital_illustration
9013	entity:course_concept:COCO_CONCEPT:Digital_imaging
9014	entity:course_concept:COCO_CONCEPT:Digital_marketing
9015	entity:course_concept:COCO_CONCEPT:Digital_media
9016	entity:course_concept:COCO_CONCEPT:Digital_nomad
9017	entity:course_concept:COCO_CONCEPT:Digital_painting
9018	entity:course_concept:COCO_CONCEPT:Digital_signal_processing
9019	entity:course_concept:COCO_CONCEPT:Digital_single-lens_reflex_camera
9020	entity:course_concept:COCO_CONCEPT:Diode
9021	entity:course_concept:COCO_CONCEPT:Dip_pen
9022	entity:course_concept:COCO_CONCEPT:Direct_marketing
9023	entity:course_concept:COCO_CONCEPT:Directory_(computing)
9024	entity:course_concept:COCO_CONCEPT:Disc_jockey
9025	entity:course_concept:COCO_CONCEPT:Discipline
9026	entity:course_concept:COCO_CONCEPT:Discounted_cash_flow
9027	entity:course_concept:COCO_CONCEPT:Discrete_Mathematics_(journal)
9028	entity:course_concept:COCO_CONCEPT:Discrete_mathematics
9029	entity:course_concept:COCO_CONCEPT:Discrimination
9030	entity:course_concept:COCO_CONCEPT:Disk_formatting
9031	entity:course_concept:COCO_CONCEPT:Distance_education
9032	entity:course_concept:COCO_CONCEPT:Distributed_version_control
9033	entity:course_concept:COCO_CONCEPT:Dividend
9034	entity:course_concept:COCO_CONCEPT:Django_(web_framework)
9035	entity:course_concept:COCO_CONCEPT:Django_Django
9036	entity:course_concept:COCO_CONCEPT:Do_You_Want_To
9037	entity:course_concept:COCO_CONCEPT:Docker,_Inc.
9038	entity:course_concept:COCO_CONCEPT:Docker_(software)
9039	entity:course_concept:COCO_CONCEPT:Doctor_of_Medicine
9040	entity:course_concept:COCO_CONCEPT:Document_Object_Model
9041	entity:course_concept:COCO_CONCEPT:Document_type_definition
9042	entity:course_concept:COCO_CONCEPT:Documentary_film
9043	entity:course_concept:COCO_CONCEPT:Documentation
9044	entity:course_concept:COCO_CONCEPT:Dodging_and_burning
9045	entity:course_concept:COCO_CONCEPT:Dog
9046	entity:course_concept:COCO_CONCEPT:Domain_Name_System
9047	entity:course_concept:COCO_CONCEPT:Domain_Name_System_Security_Extensions
9048	entity:course_concept:COCO_CONCEPT:Domain_name
9049	entity:course_concept:COCO_CONCEPT:Domain_parking
9050	entity:course_concept:COCO_CONCEPT:Dowsing
9051	entity:course_concept:COCO_CONCEPT:Dplyr
9052	entity:course_concept:COCO_CONCEPT:Drawing
9053	entity:course_concept:COCO_CONCEPT:Dream
9054	entity:course_concept:COCO_CONCEPT:Dress_code
9055	entity:course_concept:COCO_CONCEPT:Dribbble
9056	entity:course_concept:COCO_CONCEPT:Drop_shipping
9057	entity:course_concept:COCO_CONCEPT:Dropbox
9058	entity:course_concept:COCO_CONCEPT:Drought
9059	entity:course_concept:COCO_CONCEPT:Droughts_in_California
9060	entity:course_concept:COCO_CONCEPT:Drupal
9061	entity:course_concept:COCO_CONCEPT:Duolingo
9062	entity:course_concept:COCO_CONCEPT:Dynamic_DNS
9063	entity:course_concept:COCO_CONCEPT:E-commerce
9064	entity:course_concept:COCO_CONCEPT:EBay
9065	entity:course_concept:COCO_CONCEPT:ECMAScript
9066	entity:course_concept:COCO_CONCEPT:ESP8266
9067	entity:course_concept:COCO_CONCEPT:Earned_value_management
9068	entity:course_concept:COCO_CONCEPT:Earth
9069	entity:course_concept:COCO_CONCEPT:Earth_science
9070	entity:course_concept:COCO_CONCEPT:Eating
9071	entity:course_concept:COCO_CONCEPT:Eckhart_Tolle
9072	entity:course_concept:COCO_CONCEPT:Eclipse_(software)
9073	entity:course_concept:COCO_CONCEPT:Editing
9074	entity:course_concept:COCO_CONCEPT:Educational_technology
9075	entity:course_concept:COCO_CONCEPT:Effective_radiated_power
9076	entity:course_concept:COCO_CONCEPT:Efficient_energy_use
9077	entity:course_concept:COCO_CONCEPT:Egg
9078	entity:course_concept:COCO_CONCEPT:Egg_as_food
9079	entity:course_concept:COCO_CONCEPT:Elasticsearch
9080	entity:course_concept:COCO_CONCEPT:Electric_charge
9081	entity:course_concept:COCO_CONCEPT:Electric_field
9082	entity:course_concept:COCO_CONCEPT:Electrical_connector
9083	entity:course_concept:COCO_CONCEPT:Electricity
9084	entity:course_concept:COCO_CONCEPT:Electron_(software_framework)
9085	entity:course_concept:COCO_CONCEPT:Electronic_Arts
9086	entity:course_concept:COCO_CONCEPT:Electronic_business
9087	entity:course_concept:COCO_CONCEPT:Electronic_dance_music
9088	entity:course_concept:COCO_CONCEPT:Electronic_data_interchange
9089	entity:course_concept:COCO_CONCEPT:Electronic_music
9090	entity:course_concept:COCO_CONCEPT:Electronic_trading_platform
9091	entity:course_concept:COCO_CONCEPT:Electronics
9092	entity:course_concept:COCO_CONCEPT:Elementor
9093	entity:course_concept:COCO_CONCEPT:Elevator_pitch
9094	entity:course_concept:COCO_CONCEPT:Elixir_(programming_language)
9095	entity:course_concept:COCO_CONCEPT:Elliott_wave_principle
9096	entity:course_concept:COCO_CONCEPT:Email
9097	entity:course_concept:COCO_CONCEPT:Email_address
9098	entity:course_concept:COCO_CONCEPT:Email_client
9099	entity:course_concept:COCO_CONCEPT:Email_marketing
9100	entity:course_concept:COCO_CONCEPT:Ember.js
9101	entity:course_concept:COCO_CONCEPT:Emotion
9102	entity:course_concept:COCO_CONCEPT:Emotional_Freedom_Techniques
9103	entity:course_concept:COCO_CONCEPT:Emotional_intelligence
9104	entity:course_concept:COCO_CONCEPT:Empathy
9105	entity:course_concept:COCO_CONCEPT:Empire_Award_for_The_Art_of_3D
9106	entity:course_concept:COCO_CONCEPT:Empire_of_Japan
9107	entity:course_concept:COCO_CONCEPT:Encryption
9108	entity:course_concept:COCO_CONCEPT:Encryption_software
9109	entity:course_concept:COCO_CONCEPT:Energy
9110	entity:course_concept:COCO_CONCEPT:Energy_(esotericism)
9111	entity:course_concept:COCO_CONCEPT:Energy_development
9112	entity:course_concept:COCO_CONCEPT:Energy_economics
9113	entity:course_concept:COCO_CONCEPT:Energy_medicine
9114	entity:course_concept:COCO_CONCEPT:Engineering_controls
9115	entity:course_concept:COCO_CONCEPT:English_as_a_second_or_foreign_language
9116	entity:course_concept:COCO_CONCEPT:English_grammar
9117	entity:course_concept:COCO_CONCEPT:English_language
9118	entity:course_concept:COCO_CONCEPT:English_modal_verbs
9119	entity:course_concept:COCO_CONCEPT:English_people
9120	entity:course_concept:COCO_CONCEPT:English_phrasal_verbs
9121	entity:course_concept:COCO_CONCEPT:English_prepositions
9122	entity:course_concept:COCO_CONCEPT:English_verbs
9123	entity:course_concept:COCO_CONCEPT:Enhanced_Interior_Gateway_Routing_Protocol
9124	entity:course_concept:COCO_CONCEPT:Ensemble_learning
9125	entity:course_concept:COCO_CONCEPT:Enterprise_resource_planning
9126	entity:course_concept:COCO_CONCEPT:Enterprise_software
9127	entity:course_concept:COCO_CONCEPT:Entity_Framework
9128	entity:course_concept:COCO_CONCEPT:Entrepreneurship
9129	entity:course_concept:COCO_CONCEPT:Epic_Games
9130	entity:course_concept:COCO_CONCEPT:Epistle
9131	entity:course_concept:COCO_CONCEPT:Epistle_to_Philemon
9132	entity:course_concept:COCO_CONCEPT:Epistle_to_the_Ephesians
9133	entity:course_concept:COCO_CONCEPT:Epistle_to_the_Galatians
9134	entity:course_concept:COCO_CONCEPT:Epistle_to_the_Philippians
9135	entity:course_concept:COCO_CONCEPT:Epistle_to_the_Romans
9136	entity:course_concept:COCO_CONCEPT:Equation
9137	entity:course_concept:COCO_CONCEPT:Eric_Ries
9138	entity:course_concept:COCO_CONCEPT:Erik_(The_Phantom_of_the_Opera)
9139	entity:course_concept:COCO_CONCEPT:Erlang_(programming_language)
9140	entity:course_concept:COCO_CONCEPT:Esri
9141	entity:course_concept:COCO_CONCEPT:Essay
9142	entity:course_concept:COCO_CONCEPT:Essential_oil
9143	entity:course_concept:COCO_CONCEPT:Estate_agent
9144	entity:course_concept:COCO_CONCEPT:Ethereum
9145	entity:course_concept:COCO_CONCEPT:Ethics
9146	entity:course_concept:COCO_CONCEPT:Ethnic_cleansing
9147	entity:course_concept:COCO_CONCEPT:Etsy
9148	entity:course_concept:COCO_CONCEPT:Euclidean_vector
9149	entity:course_concept:COCO_CONCEPT:European_Resuscitation_Council
9150	entity:course_concept:COCO_CONCEPT:Event_Viewer
9151	entity:course_concept:COCO_CONCEPT:Event_management
9152	entity:course_concept:COCO_CONCEPT:Event_marketing
9153	entity:course_concept:COCO_CONCEPT:Evernote
9154	entity:course_concept:COCO_CONCEPT:Excel_(band)
9155	entity:course_concept:COCO_CONCEPT:Exchange-traded_fund
9156	entity:course_concept:COCO_CONCEPT:Exercise
9157	entity:course_concept:COCO_CONCEPT:Experiment
9158	entity:course_concept:COCO_CONCEPT:Exposure_(photography)
9159	entity:course_concept:COCO_CONCEPT:Extensible_Application_Markup_Language
9160	entity:course_concept:COCO_CONCEPT:Extract,_transform,_load
9161	entity:course_concept:COCO_CONCEPT:Extraterrestrial_life
9162	entity:course_concept:COCO_CONCEPT:Extreme_weather
9163	entity:course_concept:COCO_CONCEPT:FXML
9164	entity:course_concept:COCO_CONCEPT:FX_(TV_channel)
9165	entity:course_concept:COCO_CONCEPT:Face_card
9166	entity:course_concept:COCO_CONCEPT:Face_detection
9167	entity:course_concept:COCO_CONCEPT:Facebook
9168	entity:course_concept:COCO_CONCEPT:Facebook_like_button
9169	entity:course_concept:COCO_CONCEPT:Facial
9170	entity:course_concept:COCO_CONCEPT:Facial_recognition_system
9171	entity:course_concept:COCO_CONCEPT:Factor_analysis
9172	entity:course_concept:COCO_CONCEPT:Failure
9173	entity:course_concept:COCO_CONCEPT:Fairy_tale
9174	entity:course_concept:COCO_CONCEPT:Faith_healing
9175	entity:course_concept:COCO_CONCEPT:Fallacy
9176	entity:course_concept:COCO_CONCEPT:Falsetto
9177	entity:course_concept:COCO_CONCEPT:Fasting
9178	entity:course_concept:COCO_CONCEPT:Fat
9179	entity:course_concept:COCO_CONCEPT:Fear
9180	entity:course_concept:COCO_CONCEPT:Feedforward_neural_network
9181	entity:course_concept:COCO_CONCEPT:Femininity
9182	entity:course_concept:COCO_CONCEPT:Fibs_(album)
9183	entity:course_concept:COCO_CONCEPT:Field-programmable_gate_array
9184	entity:course_concept:COCO_CONCEPT:Field_inventory_management
9185	entity:course_concept:COCO_CONCEPT:Figure_drawing
9186	entity:course_concept:COCO_CONCEPT:File-system_permissions
9187	entity:course_concept:COCO_CONCEPT:FileMaker
9188	entity:course_concept:COCO_CONCEPT:File_Transfer_Protocol
9189	entity:course_concept:COCO_CONCEPT:File_system
9190	entity:course_concept:COCO_CONCEPT:Film
9191	entity:course_concept:COCO_CONCEPT:Film_director
9192	entity:course_concept:COCO_CONCEPT:Film_score
9193	entity:course_concept:COCO_CONCEPT:Final_Cut_Pro
9194	entity:course_concept:COCO_CONCEPT:Finance
9195	entity:course_concept:COCO_CONCEPT:Financial_Industry_Regulatory_Authority
9196	entity:course_concept:COCO_CONCEPT:Financial_adviser
9197	entity:course_concept:COCO_CONCEPT:Financial_analyst
9198	entity:course_concept:COCO_CONCEPT:Financial_literacy
9199	entity:course_concept:COCO_CONCEPT:Financial_market
9200	entity:course_concept:COCO_CONCEPT:Financial_modeling
9201	entity:course_concept:COCO_CONCEPT:Financial_plan
9202	entity:course_concept:COCO_CONCEPT:Financial_statement
9203	entity:course_concept:COCO_CONCEPT:Finger_vibrato
9204	entity:course_concept:COCO_CONCEPT:Fingerstyle_guitar
9205	entity:course_concept:COCO_CONCEPT:Firebase
9206	entity:course_concept:COCO_CONCEPT:Firewall_(computing)
9207	entity:course_concept:COCO_CONCEPT:First_language
9208	entity:course_concept:COCO_CONCEPT:Fiverr
9209	entity:course_concept:COCO_CONCEPT:Flappy
9210	entity:course_concept:COCO_CONCEPT:Flappy_Bird
9211	entity:course_concept:COCO_CONCEPT:Flash_(photography)
9212	entity:course_concept:COCO_CONCEPT:Flask_(web_framework)
9213	entity:course_concept:COCO_CONCEPT:Flat_design
9214	entity:course_concept:COCO_CONCEPT:Flea_market
9215	entity:course_concept:COCO_CONCEPT:Flipped_classroom
9216	entity:course_concept:COCO_CONCEPT:Flipping
9217	entity:course_concept:COCO_CONCEPT:Fluency
9218	entity:course_concept:COCO_CONCEPT:Fluke_(band)
9219	entity:course_concept:COCO_CONCEPT:Flume_(musician)
9220	entity:course_concept:COCO_CONCEPT:Font
9221	entity:course_concept:COCO_CONCEPT:Font_Awesome
9222	entity:course_concept:COCO_CONCEPT:Food_photography
9223	entity:course_concept:COCO_CONCEPT:Food_security
9224	entity:course_concept:COCO_CONCEPT:Forehand
9225	entity:course_concept:COCO_CONCEPT:Foreign_exchange_market
9226	entity:course_concept:COCO_CONCEPT:Foreign_language
9227	entity:course_concept:COCO_CONCEPT:Forensic_profiling
9228	entity:course_concept:COCO_CONCEPT:Forensic_psychology
9229	entity:course_concept:COCO_CONCEPT:Formula
9230	entity:course_concept:COCO_CONCEPT:Fossil
9231	entity:course_concept:COCO_CONCEPT:Foursquare_City_Guide
9232	entity:course_concept:COCO_CONCEPT:Franchising
9233	entity:course_concept:COCO_CONCEPT:Fraud
9234	entity:course_concept:COCO_CONCEPT:Frederick_Henry_Ambrose_Scrivener
9235	entity:course_concept:COCO_CONCEPT:FreeRTOS
9236	entity:course_concept:COCO_CONCEPT:Free_software
9237	entity:course_concept:COCO_CONCEPT:Free_will
9238	entity:course_concept:COCO_CONCEPT:Freelancer
9239	entity:course_concept:COCO_CONCEPT:French_language
9240	entity:course_concept:COCO_CONCEPT:Frequency_(statistics)
9241	entity:course_concept:COCO_CONCEPT:Frequent-flyer_program
9242	entity:course_concept:COCO_CONCEPT:Front-end_web_development
9243	entity:course_concept:COCO_CONCEPT:Function_pointer
9244	entity:course_concept:COCO_CONCEPT:Functional_programming
9245	entity:course_concept:COCO_CONCEPT:Functional_testing
9246	entity:course_concept:COCO_CONCEPT:Funnel_(ship)
9247	entity:course_concept:COCO_CONCEPT:Fusion_360
9248	entity:course_concept:COCO_CONCEPT:Futures_contract
9249	entity:course_concept:COCO_CONCEPT:GIMP
9250	entity:course_concept:COCO_CONCEPT:GNU
9251	entity:course_concept:COCO_CONCEPT:GORM
9252	entity:course_concept:COCO_CONCEPT:GROW_model
9253	entity:course_concept:COCO_CONCEPT:Gabe_Zichermann
9254	entity:course_concept:COCO_CONCEPT:Game
9255	entity:course_concept:COCO_CONCEPT:GameMaker
9256	entity:course_concept:COCO_CONCEPT:Game_art_design
9257	entity:course_concept:COCO_CONCEPT:Game_controller
9258	entity:course_concept:COCO_CONCEPT:Game_design
9259	entity:course_concept:COCO_CONCEPT:Game_development_tool
9260	entity:course_concept:COCO_CONCEPT:Game_engine
9261	entity:course_concept:COCO_CONCEPT:Game_mechanics
9262	entity:course_concept:COCO_CONCEPT:Game_physics
9263	entity:course_concept:COCO_CONCEPT:Game_tree
9264	entity:course_concept:COCO_CONCEPT:Gameplay
9265	entity:course_concept:COCO_CONCEPT:Gamification
9266	entity:course_concept:COCO_CONCEPT:Gaming_computer
9267	entity:course_concept:COCO_CONCEPT:GarageBand
9268	entity:course_concept:COCO_CONCEPT:Garbage_collection_(computer_science)
9269	entity:course_concept:COCO_CONCEPT:Gen_Digital
9270	entity:course_concept:COCO_CONCEPT:Gender_equality
9271	entity:course_concept:COCO_CONCEPT:General_Certificate_of_Secondary_Education
9272	entity:course_concept:COCO_CONCEPT:General_Educational_Development
9273	entity:course_concept:COCO_CONCEPT:Generic_programming
9274	entity:course_concept:COCO_CONCEPT:Generics_in_Java
9275	entity:course_concept:COCO_CONCEPT:Geographer
9276	entity:course_concept:COCO_CONCEPT:Geographic_information_system
9277	entity:course_concept:COCO_CONCEPT:Geometric_distribution
9278	entity:course_concept:COCO_CONCEPT:Geometry
9279	entity:course_concept:COCO_CONCEPT:German_grammar
9280	entity:course_concept:COCO_CONCEPT:German_language
9281	entity:course_concept:COCO_CONCEPT:German_verbs
9282	entity:course_concept:COCO_CONCEPT:Germany
9283	entity:course_concept:COCO_CONCEPT:Ggplot2
9284	entity:course_concept:COCO_CONCEPT:Git
9285	entity:course_concept:COCO_CONCEPT:GitHub
9286	entity:course_concept:COCO_CONCEPT:GlassFish
9287	entity:course_concept:COCO_CONCEPT:Globalization
9288	entity:course_concept:COCO_CONCEPT:Gloster_Meteor
9289	entity:course_concept:COCO_CONCEPT:Gmail
9290	entity:course_concept:COCO_CONCEPT:Go_(programming_language)
9291	entity:course_concept:COCO_CONCEPT:Goal
9292	entity:course_concept:COCO_CONCEPT:Goal_setting
9293	entity:course_concept:COCO_CONCEPT:Goldman_Sachs
9294	entity:course_concept:COCO_CONCEPT:Google
9295	entity:course_concept:COCO_CONCEPT:Google_Ads
9296	entity:course_concept:COCO_CONCEPT:Google_Analytics
9297	entity:course_concept:COCO_CONCEPT:Google_Brain
9298	entity:course_concept:COCO_CONCEPT:Google_Cardboard
9299	entity:course_concept:COCO_CONCEPT:Google_Chrome
9300	entity:course_concept:COCO_CONCEPT:Google_Classroom
9301	entity:course_concept:COCO_CONCEPT:Google_Cloud_Platform
9302	entity:course_concept:COCO_CONCEPT:Google_Daydream
9303	entity:course_concept:COCO_CONCEPT:Google_Docs
9304	entity:course_concept:COCO_CONCEPT:Google_Drive
9305	entity:course_concept:COCO_CONCEPT:Google_Maps
9306	entity:course_concept:COCO_CONCEPT:Google_Play
9307	entity:course_concept:COCO_CONCEPT:Google_Search
9308	entity:course_concept:COCO_CONCEPT:Google_Search_Console
9309	entity:course_concept:COCO_CONCEPT:Google_Sheets
9310	entity:course_concept:COCO_CONCEPT:Google_Slides
9311	entity:course_concept:COCO_CONCEPT:Google_hacking
9312	entity:course_concept:COCO_CONCEPT:Gouache
9313	entity:course_concept:COCO_CONCEPT:Gradle
9314	entity:course_concept:COCO_CONCEPT:Graduate_Management_Admission_Test
9315	entity:course_concept:COCO_CONCEPT:Grails_(framework)
9316	entity:course_concept:COCO_CONCEPT:Grammar
9317	entity:course_concept:COCO_CONCEPT:Grammatical_tense
9318	entity:course_concept:COCO_CONCEPT:Grant_(money)
9319	entity:course_concept:COCO_CONCEPT:Grant_writing
9320	entity:course_concept:COCO_CONCEPT:Grape
9321	entity:course_concept:COCO_CONCEPT:GraphQL
9322	entity:course_concept:COCO_CONCEPT:Graph_database
9323	entity:course_concept:COCO_CONCEPT:Graphic_design
9324	entity:course_concept:COCO_CONCEPT:Graphical_Network_Simulator-3
9325	entity:course_concept:COCO_CONCEPT:Graphical_user_interface
9326	entity:course_concept:COCO_CONCEPT:Graphical_widget
9327	entity:course_concept:COCO_CONCEPT:Graphics
9328	entity:course_concept:COCO_CONCEPT:Greeks_(finance)
9329	entity:course_concept:COCO_CONCEPT:Grep
9330	entity:course_concept:COCO_CONCEPT:Group_Policy
9331	entity:course_concept:COCO_CONCEPT:Growth_hacking
9332	entity:course_concept:COCO_CONCEPT:Growth_investing
9333	entity:course_concept:COCO_CONCEPT:Grunt_(software)
9334	entity:course_concept:COCO_CONCEPT:Guardian_angel
9335	entity:course_concept:COCO_CONCEPT:Guitar
9336	entity:course_concept:COCO_CONCEPT:Guitar_Pro
9337	entity:course_concept:COCO_CONCEPT:HATEOAS
9338	entity:course_concept:COCO_CONCEPT:HTML
9339	entity:course_concept:COCO_CONCEPT:HTML5
9340	entity:course_concept:COCO_CONCEPT:HTML_element
9341	entity:course_concept:COCO_CONCEPT:HTML_form
9342	entity:course_concept:COCO_CONCEPT:HTTP
9343	entity:course_concept:COCO_CONCEPT:HTTPS
9344	entity:course_concept:COCO_CONCEPT:HTTP_server
9345	entity:course_concept:COCO_CONCEPT:Habit
9346	entity:course_concept:COCO_CONCEPT:Happiness
9347	entity:course_concept:COCO_CONCEPT:Hard_money_loan
9348	entity:course_concept:COCO_CONCEPT:Hashtag
9349	entity:course_concept:COCO_CONCEPT:Headline
9350	entity:course_concept:COCO_CONCEPT:Healing
9351	entity:course_concept:COCO_CONCEPT:Health
9352	entity:course_concept:COCO_CONCEPT:Health_Information_Technology_for_Economic_and_Clinical_Health_Act
9353	entity:course_concept:COCO_CONCEPT:Health_Insurance_Portability_and_Accountability_Act
9354	entity:course_concept:COCO_CONCEPT:Health_care
9355	entity:course_concept:COCO_CONCEPT:Health_effects_from_noise
9356	entity:course_concept:COCO_CONCEPT:Health_information_technology
9357	entity:course_concept:COCO_CONCEPT:Health_insurance
9358	entity:course_concept:COCO_CONCEPT:Health_psychology
9359	entity:course_concept:COCO_CONCEPT:Hebrew_alphabet
9360	entity:course_concept:COCO_CONCEPT:Hebrew_language
9361	entity:course_concept:COCO_CONCEPT:Heinrich_Schliemann
9362	entity:course_concept:COCO_CONCEPT:Herbal_medicine
9363	entity:course_concept:COCO_CONCEPT:Heroku
9364	entity:course_concept:COCO_CONCEPT:Heuristic_evaluation
9365	entity:course_concept:COCO_CONCEPT:Hewlett-Packard
9366	entity:course_concept:COCO_CONCEPT:HiSET
9367	entity:course_concept:COCO_CONCEPT:Hibernate_(framework)
9368	entity:course_concept:COCO_CONCEPT:Hierarchical_clustering
9369	entity:course_concept:COCO_CONCEPT:High-frequency_trading
9370	entity:course_concept:COCO_CONCEPT:Historical_Jesus
9371	entity:course_concept:COCO_CONCEPT:History_of_Microsoft_SQL_Server
9372	entity:course_concept:COCO_CONCEPT:History_of_wine
9373	entity:course_concept:COCO_CONCEPT:Holy_Grail
9374	entity:course_concept:COCO_CONCEPT:Homework
9375	entity:course_concept:COCO_CONCEPT:Honda_NSX
9376	entity:course_concept:COCO_CONCEPT:Honeypot_(computing)
9377	entity:course_concept:COCO_CONCEPT:Hoodoo_(spirituality)
9378	entity:course_concept:COCO_CONCEPT:Hortonworks
9379	entity:course_concept:COCO_CONCEPT:HostGator
9380	entity:course_concept:COCO_CONCEPT:How_to_Win_Friends_and_Influence_People
9381	entity:course_concept:COCO_CONCEPT:HubSpot
9382	entity:course_concept:COCO_CONCEPT:Human
9383	entity:course_concept:COCO_CONCEPT:Human_eye
9384	entity:course_concept:COCO_CONCEPT:Human_resource_management
9385	entity:course_concept:COCO_CONCEPT:Human_rights
9386	entity:course_concept:COCO_CONCEPT:Human_voice
9387	entity:course_concept:COCO_CONCEPT:HydroCAD
9388	entity:course_concept:COCO_CONCEPT:Hygge
9389	entity:course_concept:COCO_CONCEPT:Hyper-V
9390	entity:course_concept:COCO_CONCEPT:Hyperlink
9391	entity:course_concept:COCO_CONCEPT:Hypnosis
9392	entity:course_concept:COCO_CONCEPT:Hypnotherapy
9393	entity:course_concept:COCO_CONCEPT:Hypogonadism
9394	entity:course_concept:COCO_CONCEPT:IAS_1
9395	entity:course_concept:COCO_CONCEPT:IAS_10
9396	entity:course_concept:COCO_CONCEPT:IAS_16
9397	entity:course_concept:COCO_CONCEPT:IAS_37
9398	entity:course_concept:COCO_CONCEPT:IAS_8
9399	entity:course_concept:COCO_CONCEPT:IAd
9400	entity:course_concept:COCO_CONCEPT:IBM_Cloud
9401	entity:course_concept:COCO_CONCEPT:IBM_Db2
9402	entity:course_concept:COCO_CONCEPT:IClone
9403	entity:course_concept:COCO_CONCEPT:IMessage
9404	entity:course_concept:COCO_CONCEPT:IOS
9405	entity:course_concept:COCO_CONCEPT:IOS_10
9406	entity:course_concept:COCO_CONCEPT:IOS_11
9407	entity:course_concept:COCO_CONCEPT:IOS_7
9408	entity:course_concept:COCO_CONCEPT:IOS_8
9409	entity:course_concept:COCO_CONCEPT:IOS_9
9410	entity:course_concept:COCO_CONCEPT:IOS_SDK
9411	entity:course_concept:COCO_CONCEPT:IP_address
9412	entity:course_concept:COCO_CONCEPT:IPad
9413	entity:course_concept:COCO_CONCEPT:IPhone
9414	entity:course_concept:COCO_CONCEPT:IPv6
9415	entity:course_concept:COCO_CONCEPT:IS-IS
9416	entity:course_concept:COCO_CONCEPT:ISACA
9417	entity:course_concept:COCO_CONCEPT:ISO_19011
9418	entity:course_concept:COCO_CONCEPT:ISO_9000
9419	entity:course_concept:COCO_CONCEPT:ITIL
9420	entity:course_concept:COCO_CONCEPT:IT_service_management
9421	entity:course_concept:COCO_CONCEPT:Icon
9422	entity:course_concept:COCO_CONCEPT:Icon_(computing)
9423	entity:course_concept:COCO_CONCEPT:Icon_design
9424	entity:course_concept:COCO_CONCEPT:Idea
9425	entity:course_concept:COCO_CONCEPT:Identity_theft
9426	entity:course_concept:COCO_CONCEPT:Idiom
9427	entity:course_concept:COCO_CONCEPT:Illustrator
9428	entity:course_concept:COCO_CONCEPT:Image_editing
9429	entity:course_concept:COCO_CONCEPT:Imagination
9430	entity:course_concept:COCO_CONCEPT:Income
9431	entity:course_concept:COCO_CONCEPT:Index_term
9432	entity:course_concept:COCO_CONCEPT:Indie_game
9433	entity:course_concept:COCO_CONCEPT:Influencer_marketing
9434	entity:course_concept:COCO_CONCEPT:Infographic
9435	entity:course_concept:COCO_CONCEPT:Informatica
9436	entity:course_concept:COCO_CONCEPT:Information
9437	entity:course_concept:COCO_CONCEPT:Information_security
9438	entity:course_concept:COCO_CONCEPT:Information_system
9439	entity:course_concept:COCO_CONCEPT:Inkscape
9440	entity:course_concept:COCO_CONCEPT:Innovation
9441	entity:course_concept:COCO_CONCEPT:Input/output
9442	entity:course_concept:COCO_CONCEPT:Insider_trading
9443	entity:course_concept:COCO_CONCEPT:Insomnia
9444	entity:course_concept:COCO_CONCEPT:Instagram
9445	entity:course_concept:COCO_CONCEPT:Instant_messaging
9446	entity:course_concept:COCO_CONCEPT:Integrated_development_environment
9447	entity:course_concept:COCO_CONCEPT:Integration_testing
9448	entity:course_concept:COCO_CONCEPT:Intellectual_property
9449	entity:course_concept:COCO_CONCEPT:IntelliJ_IDEA
9450	entity:course_concept:COCO_CONCEPT:Intelligence
9451	entity:course_concept:COCO_CONCEPT:Intelligence_analysis
9452	entity:course_concept:COCO_CONCEPT:Intercultural_communication
9453	entity:course_concept:COCO_CONCEPT:Intermittent_fasting
9454	entity:course_concept:COCO_CONCEPT:Intermodal_container
9455	entity:course_concept:COCO_CONCEPT:International_Accounting_Standards_Board
9456	entity:course_concept:COCO_CONCEPT:International_English_Language_Testing_System
9457	entity:course_concept:COCO_CONCEPT:International_Financial_Reporting_Standards
9458	entity:course_concept:COCO_CONCEPT:International_General_Certificate_of_Secondary_Education
9459	entity:course_concept:COCO_CONCEPT:International_Software_Testing_Qualifications_Board
9460	entity:course_concept:COCO_CONCEPT:Internet
9461	entity:course_concept:COCO_CONCEPT:Internet_Control_Message_Protocol
9462	entity:course_concept:COCO_CONCEPT:Internet_Protocol
9463	entity:course_concept:COCO_CONCEPT:Internet_bot
9464	entity:course_concept:COCO_CONCEPT:Internet_celebrity
9465	entity:course_concept:COCO_CONCEPT:Internet_forum
9466	entity:course_concept:COCO_CONCEPT:Internet_of_things
9467	entity:course_concept:COCO_CONCEPT:Interpersonal_relationship
9468	entity:course_concept:COCO_CONCEPT:Interview
9469	entity:course_concept:COCO_CONCEPT:Intuition
9470	entity:course_concept:COCO_CONCEPT:Inventory
9471	entity:course_concept:COCO_CONCEPT:Investment
9472	entity:course_concept:COCO_CONCEPT:Investment_fund
9473	entity:course_concept:COCO_CONCEPT:Investment_strategy
9474	entity:course_concept:COCO_CONCEPT:Ionic_(mobile_app_framework)
9475	entity:course_concept:COCO_CONCEPT:Ionic_order
9476	entity:course_concept:COCO_CONCEPT:Ip_Man
9477	entity:course_concept:COCO_CONCEPT:Iptables
9478	entity:course_concept:COCO_CONCEPT:Iron_condor
9479	entity:course_concept:COCO_CONCEPT:Irrigation
9480	entity:course_concept:COCO_CONCEPT:Irrigation_sprinkler
9481	entity:course_concept:COCO_CONCEPT:Israel_Summer_Time
9482	entity:course_concept:COCO_CONCEPT:Issabel
9483	entity:course_concept:COCO_CONCEPT:Italian_language
9484	entity:course_concept:COCO_CONCEPT:J._Walter_Thompson
9485	entity:course_concept:COCO_CONCEPT:JBoss_Enterprise_Application_Platform
9486	entity:course_concept:COCO_CONCEPT:JQuery
9487	entity:course_concept:COCO_CONCEPT:JQuery_Mobile
9488	entity:course_concept:COCO_CONCEPT:JQuery_UI
9489	entity:course_concept:COCO_CONCEPT:JSON
9490	entity:course_concept:COCO_CONCEPT:JUnit
9491	entity:course_concept:COCO_CONCEPT:J_Anthony_Allen
9492	entity:course_concept:COCO_CONCEPT:Jack_D._Schwager
9493	entity:course_concept:COCO_CONCEPT:Jajah
9494	entity:course_concept:COCO_CONCEPT:Jakarta_EE
9495	entity:course_concept:COCO_CONCEPT:Jakarta_Enterprise_Beans
9496	entity:course_concept:COCO_CONCEPT:Jakarta_Persistence
9497	entity:course_concept:COCO_CONCEPT:Jakarta_Server_Pages
9498	entity:course_concept:COCO_CONCEPT:Jakarta_Servlet
9499	entity:course_concept:COCO_CONCEPT:Japanese-Language_Proficiency_Test
9500	entity:course_concept:COCO_CONCEPT:Japanese_language
9501	entity:course_concept:COCO_CONCEPT:Java
9502	entity:course_concept:COCO_CONCEPT:JavaFX
9503	entity:course_concept:COCO_CONCEPT:JavaScript
9504	entity:course_concept:COCO_CONCEPT:JavaScript_library
9505	entity:course_concept:COCO_CONCEPT:Java_(programming_language)
9506	entity:course_concept:COCO_CONCEPT:Java_(software_platform)
9507	entity:course_concept:COCO_CONCEPT:Java_Database_Connectivity
9508	entity:course_concept:COCO_CONCEPT:Java_Development_Kit
9509	entity:course_concept:COCO_CONCEPT:Java_Platform,_Standard_Edition
9510	entity:course_concept:COCO_CONCEPT:Java_version_history
9511	entity:course_concept:COCO_CONCEPT:Java_virtual_machine
9512	entity:course_concept:COCO_CONCEPT:Jeff_Sutherland
9513	entity:course_concept:COCO_CONCEPT:Jekyll_(TV_series)
9514	entity:course_concept:COCO_CONCEPT:Jesus
9515	entity:course_concept:COCO_CONCEPT:JetBrains
9516	entity:course_concept:COCO_CONCEPT:Jira_(software)
9517	entity:course_concept:COCO_CONCEPT:Job_(biblical_figure)
9518	entity:course_concept:COCO_CONCEPT:Job_hunting
9519	entity:course_concept:COCO_CONCEPT:Job_interview
9520	entity:course_concept:COCO_CONCEPT:Joomla
9521	entity:course_concept:COCO_CONCEPT:Joseph_Campbell
9522	entity:course_concept:COCO_CONCEPT:Joseph_M._Juran
9523	entity:course_concept:COCO_CONCEPT:Journalism
9524	entity:course_concept:COCO_CONCEPT:Justice
9525	entity:course_concept:COCO_CONCEPT:Kabbalah
9526	entity:course_concept:COCO_CONCEPT:Kali
9527	entity:course_concept:COCO_CONCEPT:Kali_Linux
9528	entity:course_concept:COCO_CONCEPT:Kanban
9529	entity:course_concept:COCO_CONCEPT:Kanban_board
9530	entity:course_concept:COCO_CONCEPT:Katakana
9531	entity:course_concept:COCO_CONCEPT:Katalon_Studio
9532	entity:course_concept:COCO_CONCEPT:Ken_Schwaber
9533	entity:course_concept:COCO_CONCEPT:Keras
9534	entity:course_concept:COCO_CONCEPT:Kernel_(operating_system)
9535	entity:course_concept:COCO_CONCEPT:Kettle
9536	entity:course_concept:COCO_CONCEPT:Keyboard_instrument
9537	entity:course_concept:COCO_CONCEPT:Keynote_(presentation_software)
9538	entity:course_concept:COCO_CONCEPT:Keystroke_logging
9539	entity:course_concept:COCO_CONCEPT:Keyword_Tool
9540	entity:course_concept:COCO_CONCEPT:Keyword_research
9541	entity:course_concept:COCO_CONCEPT:KiCad
9542	entity:course_concept:COCO_CONCEPT:Kibana
9543	entity:course_concept:COCO_CONCEPT:Kickboxing
9544	entity:course_concept:COCO_CONCEPT:Kindle_Direct_Publishing
9545	entity:course_concept:COCO_CONCEPT:Kinetic_typography
9546	entity:course_concept:COCO_CONCEPT:Kitchen
9547	entity:course_concept:COCO_CONCEPT:Kitura
9548	entity:course_concept:COCO_CONCEPT:Knapsack_problem
9549	entity:course_concept:COCO_CONCEPT:Knitted_fabric
9550	entity:course_concept:COCO_CONCEPT:Knockout_(web_framework)
9551	entity:course_concept:COCO_CONCEPT:Knowledge
9552	entity:course_concept:COCO_CONCEPT:Knowledge_management
9553	entity:course_concept:COCO_CONCEPT:Korean_Language_Ability_Test
9554	entity:course_concept:COCO_CONCEPT:Korean_language
9555	entity:course_concept:COCO_CONCEPT:Kotlin_(programming_language)
9556	entity:course_concept:COCO_CONCEPT:Krav_Maga
9557	entity:course_concept:COCO_CONCEPT:Kubernetes
9558	entity:course_concept:COCO_CONCEPT:Kundalini
9559	entity:course_concept:COCO_CONCEPT:Kundalini_yoga
9560	entity:course_concept:COCO_CONCEPT:LAMP_(software_bundle)
9561	entity:course_concept:COCO_CONCEPT:LTM_Recordings
9562	entity:course_concept:COCO_CONCEPT:LaTeX
9563	entity:course_concept:COCO_CONCEPT:Lambda
9564	entity:course_concept:COCO_CONCEPT:Laminas
9565	entity:course_concept:COCO_CONCEPT:Landing_page
9566	entity:course_concept:COCO_CONCEPT:Language
9567	entity:course_concept:COCO_CONCEPT:Language_Integrated_Query
9568	entity:course_concept:COCO_CONCEPT:Language_education
9569	entity:course_concept:COCO_CONCEPT:Laptop
9570	entity:course_concept:COCO_CONCEPT:Laravel
9571	entity:course_concept:COCO_CONCEPT:Latin_America
9572	entity:course_concept:COCO_CONCEPT:Laughter
9573	entity:course_concept:COCO_CONCEPT:Laughter_yoga
9574	entity:course_concept:COCO_CONCEPT:Law_of_attraction_(New_Thought)
9575	entity:course_concept:COCO_CONCEPT:Lead_generation
9576	entity:course_concept:COCO_CONCEPT:Leadership
9577	entity:course_concept:COCO_CONCEPT:Leadership_style
9578	entity:course_concept:COCO_CONCEPT:Lean_Six_Sigma
9579	entity:course_concept:COCO_CONCEPT:Lean_manufacturing
9580	entity:course_concept:COCO_CONCEPT:Lean_startup
9581	entity:course_concept:COCO_CONCEPT:Learn_Chinese_(song)
9582	entity:course_concept:COCO_CONCEPT:Learning
9583	entity:course_concept:COCO_CONCEPT:Learning_curve
9584	entity:course_concept:COCO_CONCEPT:Learning_styles
9585	entity:course_concept:COCO_CONCEPT:Lebanese_Arabic
9586	entity:course_concept:COCO_CONCEPT:Legal_liability
9587	entity:course_concept:COCO_CONCEPT:Lego
9588	entity:course_concept:COCO_CONCEPT:Lego_Mindstorms_EV3
9589	entity:course_concept:COCO_CONCEPT:Less_(style_sheet_language)
9590	entity:course_concept:COCO_CONCEPT:Letterhead
9591	entity:course_concept:COCO_CONCEPT:Level_(video_games)
9592	entity:course_concept:COCO_CONCEPT:Lie
9593	entity:course_concept:COCO_CONCEPT:Lie_detection
9594	entity:course_concept:COCO_CONCEPT:Life_satisfaction
9595	entity:course_concept:COCO_CONCEPT:Liferay
9596	entity:course_concept:COCO_CONCEPT:Light
9597	entity:course_concept:COCO_CONCEPT:Light-emitting_diode
9598	entity:course_concept:COCO_CONCEPT:Light_meter
9599	entity:course_concept:COCO_CONCEPT:Lighting
9600	entity:course_concept:COCO_CONCEPT:Lightweight_Directory_Access_Protocol
9601	entity:course_concept:COCO_CONCEPT:Limited_liability_company
9602	entity:course_concept:COCO_CONCEPT:Linear_algebra
9603	entity:course_concept:COCO_CONCEPT:Linear_regression
9604	entity:course_concept:COCO_CONCEPT:Link_building
9605	entity:course_concept:COCO_CONCEPT:LinkedIn
9606	entity:course_concept:COCO_CONCEPT:Linus_Torvalds
9607	entity:course_concept:COCO_CONCEPT:Linux
9608	entity:course_concept:COCO_CONCEPT:Linux_Foundation
9609	entity:course_concept:COCO_CONCEPT:Linux_Mint
9610	entity:course_concept:COCO_CONCEPT:Linux_Professional_Institute
9611	entity:course_concept:COCO_CONCEPT:Linux_distribution
9612	entity:course_concept:COCO_CONCEPT:Literacy
9613	entity:course_concept:COCO_CONCEPT:Livestreaming
9614	entity:course_concept:COCO_CONCEPT:Ll
9615	entity:course_concept:COCO_CONCEPT:Load_balancing_(computing)
9616	entity:course_concept:COCO_CONCEPT:Load_testing
9617	entity:course_concept:COCO_CONCEPT:Local_area_network
9618	entity:course_concept:COCO_CONCEPT:Lock_(water_navigation)
9619	entity:course_concept:COCO_CONCEPT:Lock_picking
9620	entity:course_concept:COCO_CONCEPT:Log_shipping
9621	entity:course_concept:COCO_CONCEPT:Logic
9622	entity:course_concept:COCO_CONCEPT:Logic_Pro
9623	entity:course_concept:COCO_CONCEPT:Logical_Volume_Manager_(Linux)
9624	entity:course_concept:COCO_CONCEPT:Login
9625	entity:course_concept:COCO_CONCEPT:Logistic_regression
9626	entity:course_concept:COCO_CONCEPT:Logistics
9627	entity:course_concept:COCO_CONCEPT:Logo
9628	entity:course_concept:COCO_CONCEPT:Long-exposure_photography
9629	entity:course_concept:COCO_CONCEPT:Long-term_memory
9630	entity:course_concept:COCO_CONCEPT:Long_Shadow
9631	entity:course_concept:COCO_CONCEPT:Love
9632	entity:course_concept:COCO_CONCEPT:Low_back_pain
9633	entity:course_concept:COCO_CONCEPT:Lucid_dream
9634	entity:course_concept:COCO_CONCEPT:Lusitania
9635	entity:course_concept:COCO_CONCEPT:MAMP
9636	entity:course_concept:COCO_CONCEPT:MATLAB
9637	entity:course_concept:COCO_CONCEPT:MEAN_(solution_stack)
9638	entity:course_concept:COCO_CONCEPT:MIDI
9639	entity:course_concept:COCO_CONCEPT:MIT_App_Inventor
9640	entity:course_concept:COCO_CONCEPT:MPLS_VPN
9641	entity:course_concept:COCO_CONCEPT:MacOS
9642	entity:course_concept:COCO_CONCEPT:MacOS_Sierra
9643	entity:course_concept:COCO_CONCEPT:Machine_learning
9644	entity:course_concept:COCO_CONCEPT:Macro_(computer_science)
9645	entity:course_concept:COCO_CONCEPT:Magento
9646	entity:course_concept:COCO_CONCEPT:Magic_(illusion)
9647	entity:course_concept:COCO_CONCEPT:Magical_thinking
9648	entity:course_concept:COCO_CONCEPT:Mailchimp
9649	entity:course_concept:COCO_CONCEPT:Malware
9650	entity:course_concept:COCO_CONCEPT:Mandarin_Chinese
9651	entity:course_concept:COCO_CONCEPT:Manga
9652	entity:course_concept:COCO_CONCEPT:Manipulation_(psychology)
9653	entity:course_concept:COCO_CONCEPT:Manual_testing
9654	entity:course_concept:COCO_CONCEPT:MapReduce
9655	entity:course_concept:COCO_CONCEPT:Mapbox
9656	entity:course_concept:COCO_CONCEPT:MarkLogic
9657	entity:course_concept:COCO_CONCEPT:Market_(economics)
9658	entity:course_concept:COCO_CONCEPT:Market_research
9659	entity:course_concept:COCO_CONCEPT:Marketing
9660	entity:course_concept:COCO_CONCEPT:Marketing_automation
9661	entity:course_concept:COCO_CONCEPT:Marketing_communications
9662	entity:course_concept:COCO_CONCEPT:Marketing_mix
9663	entity:course_concept:COCO_CONCEPT:Marketing_plan
9664	entity:course_concept:COCO_CONCEPT:Marketing_research
9665	entity:course_concept:COCO_CONCEPT:Marketing_strategy
9666	entity:course_concept:COCO_CONCEPT:Marketplace
9667	entity:course_concept:COCO_CONCEPT:Markup_language
9668	entity:course_concept:COCO_CONCEPT:Mass_media
9669	entity:course_concept:COCO_CONCEPT:Massage
9670	entity:course_concept:COCO_CONCEPT:Massive_open_online_course
9671	entity:course_concept:COCO_CONCEPT:Master_of_Business_Administration
9672	entity:course_concept:COCO_CONCEPT:Material_Design
9673	entity:course_concept:COCO_CONCEPT:Mathematical_model
9674	entity:course_concept:COCO_CONCEPT:Mathematics
9675	entity:course_concept:COCO_CONCEPT:Matplotlib
9676	entity:course_concept:COCO_CONCEPT:Matrix_(mathematics)
9677	entity:course_concept:COCO_CONCEPT:McKinsey_&_Company
9678	entity:course_concept:COCO_CONCEPT:Meaning_of_life
9679	entity:course_concept:COCO_CONCEPT:Media_ethics
9680	entity:course_concept:COCO_CONCEPT:Media_management
9681	entity:course_concept:COCO_CONCEPT:Medicine
9682	entity:course_concept:COCO_CONCEPT:Mediocre
9683	entity:course_concept:COCO_CONCEPT:Meditation
9684	entity:course_concept:COCO_CONCEPT:Memorization
9685	entity:course_concept:COCO_CONCEPT:Memory
9686	entity:course_concept:COCO_CONCEPT:Memory_footprint
9687	entity:course_concept:COCO_CONCEPT:Memory_improvement
9688	entity:course_concept:COCO_CONCEPT:Mentorship
9689	entity:course_concept:COCO_CONCEPT:Mergers_and_acquisitions
9690	entity:course_concept:COCO_CONCEPT:Messenger_(software)
9691	entity:course_concept:COCO_CONCEPT:MetaTrader_4
9692	entity:course_concept:COCO_CONCEPT:Meta_Platforms
9693	entity:course_concept:COCO_CONCEPT:Metaprogramming
9694	entity:course_concept:COCO_CONCEPT:Metasploit
9695	entity:course_concept:COCO_CONCEPT:Meteor_(web_framework)
9696	entity:course_concept:COCO_CONCEPT:Method_of_loci
9697	entity:course_concept:COCO_CONCEPT:Methodology
9698	entity:course_concept:COCO_CONCEPT:Mexican_Stock_Exchange
9699	entity:course_concept:COCO_CONCEPT:MicroStrategy
9700	entity:course_concept:COCO_CONCEPT:Micro_Focus_Unified_Functional_Testing
9701	entity:course_concept:COCO_CONCEPT:Microcontroller
9702	entity:course_concept:COCO_CONCEPT:Microeconomics
9703	entity:course_concept:COCO_CONCEPT:Microservices
9704	entity:course_concept:COCO_CONCEPT:Microsoft
9705	entity:course_concept:COCO_CONCEPT:Microsoft_365
9706	entity:course_concept:COCO_CONCEPT:Microsoft_Access
9707	entity:course_concept:COCO_CONCEPT:Microsoft_Analysis_Services
9708	entity:course_concept:COCO_CONCEPT:Microsoft_Azure
9709	entity:course_concept:COCO_CONCEPT:Microsoft_Certified_Professional
9710	entity:course_concept:COCO_CONCEPT:Microsoft_Dynamics_365
9711	entity:course_concept:COCO_CONCEPT:Microsoft_Edge
9712	entity:course_concept:COCO_CONCEPT:Microsoft_Endpoint_Configuration_Manager
9713	entity:course_concept:COCO_CONCEPT:Microsoft_Excel
9714	entity:course_concept:COCO_CONCEPT:Microsoft_Exchange_Server
9715	entity:course_concept:COCO_CONCEPT:Microsoft_Office
9716	entity:course_concept:COCO_CONCEPT:Microsoft_Office_2010
9717	entity:course_concept:COCO_CONCEPT:Microsoft_OneNote
9718	entity:course_concept:COCO_CONCEPT:Microsoft_Outlook
9719	entity:course_concept:COCO_CONCEPT:Microsoft_PowerPoint
9720	entity:course_concept:COCO_CONCEPT:Microsoft_Power_Automate
9721	entity:course_concept:COCO_CONCEPT:Microsoft_Power_BI
9722	entity:course_concept:COCO_CONCEPT:Microsoft_Project
9723	entity:course_concept:COCO_CONCEPT:Microsoft_SQL_Server
9724	entity:course_concept:COCO_CONCEPT:Microsoft_Store
9725	entity:course_concept:COCO_CONCEPT:Microsoft_Technology_Associate
9726	entity:course_concept:COCO_CONCEPT:Microsoft_Visio
9727	entity:course_concept:COCO_CONCEPT:Microsoft_Windows
9728	entity:course_concept:COCO_CONCEPT:Microsoft_Word
9729	entity:course_concept:COCO_CONCEPT:Middle_Ages
9730	entity:course_concept:COCO_CONCEPT:Mike_Little
9731	entity:course_concept:COCO_CONCEPT:MikroTik
9732	entity:course_concept:COCO_CONCEPT:Military
9733	entity:course_concept:COCO_CONCEPT:Milton_H._Erickson
9734	entity:course_concept:COCO_CONCEPT:Mind
9735	entity:course_concept:COCO_CONCEPT:Mind_map
9736	entity:course_concept:COCO_CONCEPT:Mindfulness
9737	entity:course_concept:COCO_CONCEPT:Mindfulness-based_stress_reduction
9738	entity:course_concept:COCO_CONCEPT:Mindset
9739	entity:course_concept:COCO_CONCEPT:Minecraft
9740	entity:course_concept:COCO_CONCEPT:Ministry_(government_department)
9741	entity:course_concept:COCO_CONCEPT:Minitab
9742	entity:course_concept:COCO_CONCEPT:Missouri_Valley_Conference
9743	entity:course_concept:COCO_CONCEPT:Mixing_engineer
9744	entity:course_concept:COCO_CONCEPT:Mobile_app
9745	entity:course_concept:COCO_CONCEPT:Mobile_commerce
9746	entity:course_concept:COCO_CONCEPT:Mobile_device
9747	entity:course_concept:COCO_CONCEPT:Mobile_game
9748	entity:course_concept:COCO_CONCEPT:Mobile_payment
9749	entity:course_concept:COCO_CONCEPT:Mobile_phone
9750	entity:course_concept:COCO_CONCEPT:Mobile_robot
9751	entity:course_concept:COCO_CONCEPT:Mobile_web
9752	entity:course_concept:COCO_CONCEPT:Mock_object
9753	entity:course_concept:COCO_CONCEPT:Mockup
9754	entity:course_concept:COCO_CONCEPT:Modal_verb
9755	entity:course_concept:COCO_CONCEPT:Modbus
9756	entity:course_concept:COCO_CONCEPT:Mode_dial
9757	entity:course_concept:COCO_CONCEPT:ModelSim
9758	entity:course_concept:COCO_CONCEPT:Momentum_(organisation)
9759	entity:course_concept:COCO_CONCEPT:Monetization
9760	entity:course_concept:COCO_CONCEPT:Money
9761	entity:course_concept:COCO_CONCEPT:MongoDB
9762	entity:course_concept:COCO_CONCEPT:Mongo_people
9763	entity:course_concept:COCO_CONCEPT:Mono_(software)
9764	entity:course_concept:COCO_CONCEPT:Monochrome_photography
9765	entity:course_concept:COCO_CONCEPT:Monte_Carlo_method
9766	entity:course_concept:COCO_CONCEPT:Moodle
9767	entity:course_concept:COCO_CONCEPT:Mortgage-backed_security
9768	entity:course_concept:COCO_CONCEPT:Motion_graphic_design
9769	entity:course_concept:COCO_CONCEPT:Motion_graphics
9770	entity:course_concept:COCO_CONCEPT:Motivation
9771	entity:course_concept:COCO_CONCEPT:Mu_ren_zhuang
9772	entity:course_concept:COCO_CONCEPT:Multi-exposure_HDR_capture
9773	entity:course_concept:COCO_CONCEPT:Multi-level_marketing
9774	entity:course_concept:COCO_CONCEPT:MultiDimensional_eXpressions
9775	entity:course_concept:COCO_CONCEPT:Multimeter
9776	entity:course_concept:COCO_CONCEPT:Multiprotocol_Label_Switching
9777	entity:course_concept:COCO_CONCEPT:Multivariate_statistics
9778	entity:course_concept:COCO_CONCEPT:Muscle_hypertrophy
9779	entity:course_concept:COCO_CONCEPT:Music
9780	entity:course_concept:COCO_CONCEPT:Music_education
9781	entity:course_concept:COCO_CONCEPT:Music_genre
9782	entity:course_concept:COCO_CONCEPT:Music_theory
9783	entity:course_concept:COCO_CONCEPT:Music_video
9784	entity:course_concept:COCO_CONCEPT:MySQL
9785	entity:course_concept:COCO_CONCEPT:MySQLi
9786	entity:course_concept:COCO_CONCEPT:Mycenae
9787	entity:course_concept:COCO_CONCEPT:N._T._Wright
9788	entity:course_concept:COCO_CONCEPT:NUnit
9789	entity:course_concept:COCO_CONCEPT:Nagios
9790	entity:course_concept:COCO_CONCEPT:NativeScript
9791	entity:course_concept:COCO_CONCEPT:Natural_language_processing
9792	entity:course_concept:COCO_CONCEPT:Nature_photography
9793	entity:course_concept:COCO_CONCEPT:Negative_energy
9794	entity:course_concept:COCO_CONCEPT:Negotiation
9795	entity:course_concept:COCO_CONCEPT:Neo4j
9796	entity:course_concept:COCO_CONCEPT:Nestor_(mythology)
9797	entity:course_concept:COCO_CONCEPT:NetApp
9798	entity:course_concept:COCO_CONCEPT:Netscape
9799	entity:course_concept:COCO_CONCEPT:Network-attached_storage
9800	entity:course_concept:COCO_CONCEPT:Network_administrator
9801	entity:course_concept:COCO_CONCEPT:Network_forensics
9802	entity:course_concept:COCO_CONCEPT:Network_function_virtualization
9803	entity:course_concept:COCO_CONCEPT:Network_monitoring
9804	entity:course_concept:COCO_CONCEPT:Network_packet
9805	entity:course_concept:COCO_CONCEPT:Network_security
9806	entity:course_concept:COCO_CONCEPT:Network_traffic
9807	entity:course_concept:COCO_CONCEPT:Neural_network
9808	entity:course_concept:COCO_CONCEPT:Neuro-linguistic_programming
9809	entity:course_concept:COCO_CONCEPT:Neuromarketing
9810	entity:course_concept:COCO_CONCEPT:Neuroplasticity
9811	entity:course_concept:COCO_CONCEPT:New_Testament
9812	entity:course_concept:COCO_CONCEPT:News_media
9813	entity:course_concept:COCO_CONCEPT:Nginx
9814	entity:course_concept:COCO_CONCEPT:Nib_(pen)
9815	entity:course_concept:COCO_CONCEPT:Niche_(architecture)
9816	entity:course_concept:COCO_CONCEPT:Niche_market
9817	entity:course_concept:COCO_CONCEPT:Night_photography
9818	entity:course_concept:COCO_CONCEPT:Night_sky
9819	entity:course_concept:COCO_CONCEPT:Nio_ES6
9820	entity:course_concept:COCO_CONCEPT:Nir_Eyal
9821	entity:course_concept:COCO_CONCEPT:Nmap
9822	entity:course_concept:COCO_CONCEPT:NoSQL
9823	entity:course_concept:COCO_CONCEPT:Non-disclosure_agreement
9824	entity:course_concept:COCO_CONCEPT:Non-lethal_weapon
9825	entity:course_concept:COCO_CONCEPT:Non-player_character
9826	entity:course_concept:COCO_CONCEPT:Nonlinear_narrative
9827	entity:course_concept:COCO_CONCEPT:Nonverbal_communication
9828	entity:course_concept:COCO_CONCEPT:Normal_distribution
9829	entity:course_concept:COCO_CONCEPT:Npm_(software)
9830	entity:course_concept:COCO_CONCEPT:NumPy
9831	entity:course_concept:COCO_CONCEPT:Nutrition
9832	entity:course_concept:COCO_CONCEPT:OAuth
9833	entity:course_concept:COCO_CONCEPT:ONOS
9834	entity:course_concept:COCO_CONCEPT:ONTAP
9835	entity:course_concept:COCO_CONCEPT:OS_X_Mavericks
9836	entity:course_concept:COCO_CONCEPT:OS_X_Yosemite
9837	entity:course_concept:COCO_CONCEPT:OWASP
9838	entity:course_concept:COCO_CONCEPT:Object-oriented_design
9839	entity:course_concept:COCO_CONCEPT:Object-oriented_programming
9840	entity:course_concept:COCO_CONCEPT:Object_(computer_science)
9841	entity:course_concept:COCO_CONCEPT:Object_Pascal
9842	entity:course_concept:COCO_CONCEPT:Object_detection
9843	entity:course_concept:COCO_CONCEPT:Objective-C
9844	entity:course_concept:COCO_CONCEPT:Occupational_Safety_and_Health_Administration
9845	entity:course_concept:COCO_CONCEPT:Occupational_safety_and_health
9846	entity:course_concept:COCO_CONCEPT:Ocean_liner
9847	entity:course_concept:COCO_CONCEPT:Octalysis
9848	entity:course_concept:COCO_CONCEPT:Odoo
9849	entity:course_concept:COCO_CONCEPT:OneDrive
9850	entity:course_concept:COCO_CONCEPT:Onesimus
9851	entity:course_concept:COCO_CONCEPT:Online_advertising
9852	entity:course_concept:COCO_CONCEPT:Online_poker
9853	entity:course_concept:COCO_CONCEPT:Online_school
9854	entity:course_concept:COCO_CONCEPT:Online_shopping
9855	entity:course_concept:COCO_CONCEPT:Online_tutoring
9856	entity:course_concept:COCO_CONCEPT:Online_video_platform
9857	entity:course_concept:COCO_CONCEPT:OpenCart
9858	entity:course_concept:COCO_CONCEPT:OpenDaylight_Project
9859	entity:course_concept:COCO_CONCEPT:OpenFlow
9860	entity:course_concept:COCO_CONCEPT:OpenShift
9861	entity:course_concept:COCO_CONCEPT:OpenStack
9862	entity:course_concept:COCO_CONCEPT:OpenStreetMap
9863	entity:course_concept:COCO_CONCEPT:OpenUI5
9864	entity:course_concept:COCO_CONCEPT:Open_Shortest_Path_First
9865	entity:course_concept:COCO_CONCEPT:Openfiler
9866	entity:course_concept:COCO_CONCEPT:Operant_conditioning
9867	entity:course_concept:COCO_CONCEPT:Operating_system
9868	entity:course_concept:COCO_CONCEPT:Operations_management
9869	entity:course_concept:COCO_CONCEPT:Option_(finance)
9870	entity:course_concept:COCO_CONCEPT:Options_strategy
9871	entity:course_concept:COCO_CONCEPT:Oracle_Application_Express
9872	entity:course_concept:COCO_CONCEPT:Oracle_Certification_Program
9873	entity:course_concept:COCO_CONCEPT:Oracle_Corporation
9874	entity:course_concept:COCO_CONCEPT:Oracle_Data_Guard
9875	entity:course_concept:COCO_CONCEPT:Oracle_Database
9876	entity:course_concept:COCO_CONCEPT:Oracle_Media_Objects
9877	entity:course_concept:COCO_CONCEPT:Oracle_SQL_Developer
9878	entity:course_concept:COCO_CONCEPT:Oracle_VM_Server_for_x86
9879	entity:course_concept:COCO_CONCEPT:Oracle_WebLogic_Server
9880	entity:course_concept:COCO_CONCEPT:Oracle_ZFS
9881	entity:course_concept:COCO_CONCEPT:Order_(exchange)
9882	entity:course_concept:COCO_CONCEPT:Order_of_Sultan_Sharafuddin_Idris_Shah
9883	entity:course_concept:COCO_CONCEPT:Organization
9884	entity:course_concept:COCO_CONCEPT:Organization_of_American_States
9885	entity:course_concept:COCO_CONCEPT:Organizational_behavior
9886	entity:course_concept:COCO_CONCEPT:Organizational_learning
9887	entity:course_concept:COCO_CONCEPT:Organizational_theory
9888	entity:course_concept:COCO_CONCEPT:OrientDB
9889	entity:course_concept:COCO_CONCEPT:Origami
9890	entity:course_concept:COCO_CONCEPT:Origami_paper
9891	entity:course_concept:COCO_CONCEPT:Orofacial_myofunctional_disorders
9892	entity:course_concept:COCO_CONCEPT:Outline_(list)
9893	entity:course_concept:COCO_CONCEPT:Outsourcing
9894	entity:course_concept:COCO_CONCEPT:PDF
9895	entity:course_concept:COCO_CONCEPT:PEAR
9896	entity:course_concept:COCO_CONCEPT:PHP
9897	entity:course_concept:COCO_CONCEPT:PHPUnit
9898	entity:course_concept:COCO_CONCEPT:PRINCE2
9899	entity:course_concept:COCO_CONCEPT:Packet_Tracer
9900	entity:course_concept:COCO_CONCEPT:Packet_analyzer
9901	entity:course_concept:COCO_CONCEPT:Paganism
9902	entity:course_concept:COCO_CONCEPT:Pain
9903	entity:course_concept:COCO_CONCEPT:Paint
9904	entity:course_concept:COCO_CONCEPT:Painting
9905	entity:course_concept:COCO_CONCEPT:Paleolithic_diet
9906	entity:course_concept:COCO_CONCEPT:Palo_Alto,_California
9907	entity:course_concept:COCO_CONCEPT:Pandas_(software)
9908	entity:course_concept:COCO_CONCEPT:Pandora_(service)
9909	entity:course_concept:COCO_CONCEPT:Paradigm
9910	entity:course_concept:COCO_CONCEPT:Parallel_Extensions
9911	entity:course_concept:COCO_CONCEPT:Paramahansa_Yogananda
9912	entity:course_concept:COCO_CONCEPT:Particle
9913	entity:course_concept:COCO_CONCEPT:Particle_swarm_optimization
9914	entity:course_concept:COCO_CONCEPT:Particle_system
9915	entity:course_concept:COCO_CONCEPT:Pascal_(programming_language)
9916	entity:course_concept:COCO_CONCEPT:Passive_income
9917	entity:course_concept:COCO_CONCEPT:Passive_solar_building_design
9918	entity:course_concept:COCO_CONCEPT:Passive_voice
9919	entity:course_concept:COCO_CONCEPT:Password
9920	entity:course_concept:COCO_CONCEPT:Past_Life_Regression
9921	entity:course_concept:COCO_CONCEPT:Paul_Castro
9922	entity:course_concept:COCO_CONCEPT:Pay-per-click
9923	entity:course_concept:COCO_CONCEPT:PayPal
9924	entity:course_concept:COCO_CONCEPT:Payment
9925	entity:course_concept:COCO_CONCEPT:Pendulum
9926	entity:course_concept:COCO_CONCEPT:Penetration_test
9927	entity:course_concept:COCO_CONCEPT:Penny_stock
9928	entity:course_concept:COCO_CONCEPT:People_skills
9929	entity:course_concept:COCO_CONCEPT:Perfectionism_(psychology)
9930	entity:course_concept:COCO_CONCEPT:Performance_indicator
9931	entity:course_concept:COCO_CONCEPT:Periscope_(service)
9932	entity:course_concept:COCO_CONCEPT:Perl
9933	entity:course_concept:COCO_CONCEPT:Personal_assistant
9934	entity:course_concept:COCO_CONCEPT:Personal_branding
9935	entity:course_concept:COCO_CONCEPT:Personal_computer
9936	entity:course_concept:COCO_CONCEPT:Personal_development
9937	entity:course_concept:COCO_CONCEPT:Personal_finance
9938	entity:course_concept:COCO_CONCEPT:Perspective_(graphical)
9939	entity:course_concept:COCO_CONCEPT:Persuasion
9940	entity:course_concept:COCO_CONCEPT:Pet
9941	entity:course_concept:COCO_CONCEPT:PgMP
9942	entity:course_concept:COCO_CONCEPT:PhantomJS
9943	entity:course_concept:COCO_CONCEPT:Phantom_(unmanned_aerial_vehicle_series)
9944	entity:course_concept:COCO_CONCEPT:Pharmacy
9945	entity:course_concept:COCO_CONCEPT:Pharmacy_technician
9946	entity:course_concept:COCO_CONCEPT:Philip_B._Crosby
9947	entity:course_concept:COCO_CONCEPT:Photograph_manipulation
9948	entity:course_concept:COCO_CONCEPT:Photographer
9949	entity:course_concept:COCO_CONCEPT:Photography
9950	entity:course_concept:COCO_CONCEPT:Physical_attractiveness
9951	entity:course_concept:COCO_CONCEPT:Physical_fitness
9952	entity:course_concept:COCO_CONCEPT:Physics_engine
9953	entity:course_concept:COCO_CONCEPT:Piano
9954	entity:course_concept:COCO_CONCEPT:Pinterest
9955	entity:course_concept:COCO_CONCEPT:Pivot_(TV_network)
9956	entity:course_concept:COCO_CONCEPT:Pivot_table
9957	entity:course_concept:COCO_CONCEPT:Pixel
9958	entity:course_concept:COCO_CONCEPT:Pixel_art
9959	entity:course_concept:COCO_CONCEPT:Pixelmator
9960	entity:course_concept:COCO_CONCEPT:Pizza
9961	entity:course_concept:COCO_CONCEPT:Plant-based_diet
9962	entity:course_concept:COCO_CONCEPT:Platform_game
9963	entity:course_concept:COCO_CONCEPT:Play_Framework
9964	entity:course_concept:COCO_CONCEPT:Player_character
9965	entity:course_concept:COCO_CONCEPT:Playing_card
9966	entity:course_concept:COCO_CONCEPT:Podcast
9967	entity:course_concept:COCO_CONCEPT:Point-to-Point_Tunneling_Protocol
9968	entity:course_concept:COCO_CONCEPT:Pointer_(computer_programming)
9969	entity:course_concept:COCO_CONCEPT:Poker
9970	entity:course_concept:COCO_CONCEPT:Polynomial_regression
9971	entity:course_concept:COCO_CONCEPT:Polyphasic_sleep
9972	entity:course_concept:COCO_CONCEPT:Popular_music
9973	entity:course_concept:COCO_CONCEPT:Pornography
9974	entity:course_concept:COCO_CONCEPT:Pornography_addiction
9975	entity:course_concept:COCO_CONCEPT:Port_scanner
9976	entity:course_concept:COCO_CONCEPT:Portfolio_(finance)
9977	entity:course_concept:COCO_CONCEPT:Portrait_photography
9978	entity:course_concept:COCO_CONCEPT:Poshmark
9979	entity:course_concept:COCO_CONCEPT:Positive_feedback
9980	entity:course_concept:COCO_CONCEPT:Post-traumatic_stress_disorder
9981	entity:course_concept:COCO_CONCEPT:Postgraduate_education
9982	entity:course_concept:COCO_CONCEPT:PostgreSQL
9983	entity:course_concept:COCO_CONCEPT:Posture_(psychology)
9984	entity:course_concept:COCO_CONCEPT:PowerDirector
9985	entity:course_concept:COCO_CONCEPT:PowerPoint_animation
9986	entity:course_concept:COCO_CONCEPT:PowerShell
9987	entity:course_concept:COCO_CONCEPT:Power_Pivot
9988	entity:course_concept:COCO_CONCEPT:Powtoon
9989	entity:course_concept:COCO_CONCEPT:Pranayama
9990	entity:course_concept:COCO_CONCEPT:Prayer
9991	entity:course_concept:COCO_CONCEPT:Predictably_Irrational
9992	entity:course_concept:COCO_CONCEPT:Presentation
9993	entity:course_concept:COCO_CONCEPT:Presentation_program
9994	entity:course_concept:COCO_CONCEPT:Pressure
9995	entity:course_concept:COCO_CONCEPT:PrestaShop
9996	entity:course_concept:COCO_CONCEPT:Prezi
9997	entity:course_concept:COCO_CONCEPT:Price
9998	entity:course_concept:COCO_CONCEPT:Pricing
9999	entity:course_concept:COCO_CONCEPT:Principal_component_analysis
10000	entity:course_concept:COCO_CONCEPT:Print_on_demand
10001	entity:course_concept:COCO_CONCEPT:Printed_circuit_board
10002	entity:course_concept:COCO_CONCEPT:Privacy
10003	entity:course_concept:COCO_CONCEPT:Problem_solving
10004	entity:course_concept:COCO_CONCEPT:Procrastination
10005	entity:course_concept:COCO_CONCEPT:Procreate_(software)
10006	entity:course_concept:COCO_CONCEPT:Procurement
10007	entity:course_concept:COCO_CONCEPT:Product_(business)
10008	entity:course_concept:COCO_CONCEPT:Product_backlog
10009	entity:course_concept:COCO_CONCEPT:Product_design
10010	entity:course_concept:COCO_CONCEPT:Product_development
10011	entity:course_concept:COCO_CONCEPT:Product_management
10012	entity:course_concept:COCO_CONCEPT:Product_manager
10013	entity:course_concept:COCO_CONCEPT:Production_company
10014	entity:course_concept:COCO_CONCEPT:Productivity
10015	entity:course_concept:COCO_CONCEPT:Professional_audio
10016	entity:course_concept:COCO_CONCEPT:Profit_(economics)
10017	entity:course_concept:COCO_CONCEPT:Programmable_logic_controller
10018	entity:course_concept:COCO_CONCEPT:Programmer
10019	entity:course_concept:COCO_CONCEPT:Programming_language
10020	entity:course_concept:COCO_CONCEPT:Programming_paradigm
10021	entity:course_concept:COCO_CONCEPT:Progressive_web_app
10022	entity:course_concept:COCO_CONCEPT:Project
10023	entity:course_concept:COCO_CONCEPT:Project_Management_Body_of_Knowledge
10024	entity:course_concept:COCO_CONCEPT:Project_Management_Institute
10025	entity:course_concept:COCO_CONCEPT:Project_Management_Professional
10026	entity:course_concept:COCO_CONCEPT:Project_charter
10027	entity:course_concept:COCO_CONCEPT:Project_management
10028	entity:course_concept:COCO_CONCEPT:Project_management_software
10029	entity:course_concept:COCO_CONCEPT:Project_management_triangle
10030	entity:course_concept:COCO_CONCEPT:Project_manager
10031	entity:course_concept:COCO_CONCEPT:Protein
10032	entity:course_concept:COCO_CONCEPT:Prototype
10033	entity:course_concept:COCO_CONCEPT:Psychic
10034	entity:course_concept:COCO_CONCEPT:Psychic_reading
10035	entity:course_concept:COCO_CONCEPT:Psychological_stress
10036	entity:course_concept:COCO_CONCEPT:Psychological_trauma
10037	entity:course_concept:COCO_CONCEPT:Psychology
10038	entity:course_concept:COCO_CONCEPT:Psychology_of_self
10039	entity:course_concept:COCO_CONCEPT:Psychotherapy
10040	entity:course_concept:COCO_CONCEPT:PuTTY
10041	entity:course_concept:COCO_CONCEPT:Public-key_cryptography
10042	entity:course_concept:COCO_CONCEPT:Public_key_certificate
10043	entity:course_concept:COCO_CONCEPT:Public_speaking
10044	entity:course_concept:COCO_CONCEPT:Punctuation
10045	entity:course_concept:COCO_CONCEPT:Puppet_(software)
10046	entity:course_concept:COCO_CONCEPT:Puppet_Master_(film_series)
10047	entity:course_concept:COCO_CONCEPT:Pwersa_ng_Masang_Pilipino
10048	entity:course_concept:COCO_CONCEPT:PyCharm
10049	entity:course_concept:COCO_CONCEPT:PyQt
10050	entity:course_concept:COCO_CONCEPT:Pygame
10051	entity:course_concept:COCO_CONCEPT:Python_(codename)
10052	entity:course_concept:COCO_CONCEPT:Python_(programming_language)
10053	entity:course_concept:COCO_CONCEPT:Pythonidae
10054	entity:course_concept:COCO_CONCEPT:QGIS
10055	entity:course_concept:COCO_CONCEPT:Qi
10056	entity:course_concept:COCO_CONCEPT:Qi_(state)
10057	entity:course_concept:COCO_CONCEPT:Qigong
10058	entity:course_concept:COCO_CONCEPT:Qt_(software)
10059	entity:course_concept:COCO_CONCEPT:Quality_(business)
10060	entity:course_concept:COCO_CONCEPT:Quality_assurance
10061	entity:course_concept:COCO_CONCEPT:Quality_control
10062	entity:course_concept:COCO_CONCEPT:Quality_management
10063	entity:course_concept:COCO_CONCEPT:Quantitative_research
10064	entity:course_concept:COCO_CONCEPT:Question
10065	entity:course_concept:COCO_CONCEPT:QuickBooks
10066	entity:course_concept:COCO_CONCEPT:Quiz
10067	entity:course_concept:COCO_CONCEPT:Quora
10068	entity:course_concept:COCO_CONCEPT:RAC_Limited
10069	entity:course_concept:COCO_CONCEPT:RSpec
10070	entity:course_concept:COCO_CONCEPT:R_(programming_language)
10071	entity:course_concept:COCO_CONCEPT:Racing_game
10072	entity:course_concept:COCO_CONCEPT:Radio-frequency_identification
10073	entity:course_concept:COCO_CONCEPT:Ragdoll_physics
10074	entity:course_concept:COCO_CONCEPT:Rail_transport
10075	entity:course_concept:COCO_CONCEPT:Rama
10076	entity:course_concept:COCO_CONCEPT:Rapport
10077	entity:course_concept:COCO_CONCEPT:Raspberry_Pi
10078	entity:course_concept:COCO_CONCEPT:React_(software)
10079	entity:course_concept:COCO_CONCEPT:React_Native
10080	entity:course_concept:COCO_CONCEPT:ReactiveX
10081	entity:course_concept:COCO_CONCEPT:Reactive_Streams
10082	entity:course_concept:COCO_CONCEPT:Reactive_programming
10083	entity:course_concept:COCO_CONCEPT:Reading
10084	entity:course_concept:COCO_CONCEPT:Real_estate
10085	entity:course_concept:COCO_CONCEPT:Real_estate_investing
10086	entity:course_concept:COCO_CONCEPT:Real_estate_investment_trust
10087	entity:course_concept:COCO_CONCEPT:Reason_(magazine)
10088	entity:course_concept:COCO_CONCEPT:Recipe
10089	entity:course_concept:COCO_CONCEPT:Recommender_system
10090	entity:course_concept:COCO_CONCEPT:Recruitment
10091	entity:course_concept:COCO_CONCEPT:Red_Hat
10092	entity:course_concept:COCO_CONCEPT:Red_Hat_Enterprise_Linux
10093	entity:course_concept:COCO_CONCEPT:Redis
10094	entity:course_concept:COCO_CONCEPT:Redux_(JavaScript_library)
10095	entity:course_concept:COCO_CONCEPT:Reflexology
10096	entity:course_concept:COCO_CONCEPT:Regression_analysis
10097	entity:course_concept:COCO_CONCEPT:Regular_and_irregular_verbs
10098	entity:course_concept:COCO_CONCEPT:Reiki
10099	entity:course_concept:COCO_CONCEPT:Relational_database
10100	entity:course_concept:COCO_CONCEPT:Relaxation_technique
10101	entity:course_concept:COCO_CONCEPT:Religion
10102	entity:course_concept:COCO_CONCEPT:Remix
10103	entity:course_concept:COCO_CONCEPT:Remote_work
10104	entity:course_concept:COCO_CONCEPT:Report
10105	entity:course_concept:COCO_CONCEPT:Representational_state_transfer
10106	entity:course_concept:COCO_CONCEPT:Requirement
10107	entity:course_concept:COCO_CONCEPT:Research
10108	entity:course_concept:COCO_CONCEPT:Reserved_word
10109	entity:course_concept:COCO_CONCEPT:Respiratory_failure
10110	entity:course_concept:COCO_CONCEPT:Responsive_web_design
10111	entity:course_concept:COCO_CONCEPT:RethinkDB
10112	entity:course_concept:COCO_CONCEPT:Retouch
10113	entity:course_concept:COCO_CONCEPT:Retrogaming
10114	entity:course_concept:COCO_CONCEPT:Return_on_investment
10115	entity:course_concept:COCO_CONCEPT:Rhetoric
10116	entity:course_concept:COCO_CONCEPT:Robot
10117	entity:course_concept:COCO_CONCEPT:Robot_Framework
10118	entity:course_concept:COCO_CONCEPT:Romance_novel
10119	entity:course_concept:COCO_CONCEPT:Rootkit
10120	entity:course_concept:COCO_CONCEPT:Rotoscoping
10121	entity:course_concept:COCO_CONCEPT:Roundcube
10122	entity:course_concept:COCO_CONCEPT:Router_(computing)
10123	entity:course_concept:COCO_CONCEPT:Ruby_(programming_language)
10124	entity:course_concept:COCO_CONCEPT:Ruby_on_Rails
10125	entity:course_concept:COCO_CONCEPT:Russian_language
10126	entity:course_concept:COCO_CONCEPT:Rust_(programming_language)
10127	entity:course_concept:COCO_CONCEPT:SAP
10128	entity:course_concept:COCO_CONCEPT:SAP_BusinessObjects_Lumira
10129	entity:course_concept:COCO_CONCEPT:SAP_Business_Explorer
10130	entity:course_concept:COCO_CONCEPT:SAP_ERP
10131	entity:course_concept:COCO_CONCEPT:SAP_Graphical_User_Interface
10132	entity:course_concept:COCO_CONCEPT:SAP_HANA
10133	entity:course_concept:COCO_CONCEPT:SAP_NetWeaver_Business_Warehouse
10134	entity:course_concept:COCO_CONCEPT:SAS_(software)
10135	entity:course_concept:COCO_CONCEPT:SAS_Institute
10136	entity:course_concept:COCO_CONCEPT:SCADA
10137	entity:course_concept:COCO_CONCEPT:SMS
10138	entity:course_concept:COCO_CONCEPT:SOAP
10139	entity:course_concept:COCO_CONCEPT:SOLID
10140	entity:course_concept:COCO_CONCEPT:SPDY
10141	entity:course_concept:COCO_CONCEPT:SPSS
10142	entity:course_concept:COCO_CONCEPT:SQL
10143	entity:course_concept:COCO_CONCEPT:SQL_Server_Express
10144	entity:course_concept:COCO_CONCEPT:SQL_Server_Integration_Services
10145	entity:course_concept:COCO_CONCEPT:SQL_Server_Reporting_Services
10146	entity:course_concept:COCO_CONCEPT:SQLite
10147	entity:course_concept:COCO_CONCEPT:SSH_File_Transfer_Protocol
10148	entity:course_concept:COCO_CONCEPT:SVG
10149	entity:course_concept:COCO_CONCEPT:SVG_animation
10150	entity:course_concept:COCO_CONCEPT:SWOT_analysis
10151	entity:course_concept:COCO_CONCEPT:Sachin_Tendulkar
10152	entity:course_concept:COCO_CONCEPT:Safety
10153	entity:course_concept:COCO_CONCEPT:Safety_(gridiron_football_position)
10154	entity:course_concept:COCO_CONCEPT:Salary
10155	entity:course_concept:COCO_CONCEPT:Sales
10156	entity:course_concept:COCO_CONCEPT:Sales_process_engineering
10157	entity:course_concept:COCO_CONCEPT:Salesforce
10158	entity:course_concept:COCO_CONCEPT:Sanskrit
10159	entity:course_concept:COCO_CONCEPT:Sass_(style_sheet_language)
10160	entity:course_concept:COCO_CONCEPT:Sati_(Buddhism)
10161	entity:course_concept:COCO_CONCEPT:Saved_game
10162	entity:course_concept:COCO_CONCEPT:Scala_(club)
10163	entity:course_concept:COCO_CONCEPT:Scala_(programming_language)
10164	entity:course_concept:COCO_CONCEPT:Scenario_testing
10165	entity:course_concept:COCO_CONCEPT:SceneKit
10166	entity:course_concept:COCO_CONCEPT:Scrapy
10167	entity:course_concept:COCO_CONCEPT:ScreenFlow
10168	entity:course_concept:COCO_CONCEPT:Scripting_language
10169	entity:course_concept:COCO_CONCEPT:Scrum_(rugby)
10170	entity:course_concept:COCO_CONCEPT:Scrum_(software_development)
10171	entity:course_concept:COCO_CONCEPT:Search_algorithm
10172	entity:course_concept:COCO_CONCEPT:Search_engine
10173	entity:course_concept:COCO_CONCEPT:Search_engine_optimization
10174	entity:course_concept:COCO_CONCEPT:Secure_Shell
10175	entity:course_concept:COCO_CONCEPT:Security_hacker
10176	entity:course_concept:COCO_CONCEPT:Security_testing
10177	entity:course_concept:COCO_CONCEPT:Sed
10178	entity:course_concept:COCO_CONCEPT:Selenium
10179	entity:course_concept:COCO_CONCEPT:Selenium_(software)
10180	entity:course_concept:COCO_CONCEPT:Self
10181	entity:course_concept:COCO_CONCEPT:Self-awareness
10182	entity:course_concept:COCO_CONCEPT:Self-control
10183	entity:course_concept:COCO_CONCEPT:Self-defense
10184	entity:course_concept:COCO_CONCEPT:Self-efficacy
10185	entity:course_concept:COCO_CONCEPT:Self-esteem
10186	entity:course_concept:COCO_CONCEPT:Self-hypnosis
10187	entity:course_concept:COCO_CONCEPT:Self-publishing
10188	entity:course_concept:COCO_CONCEPT:Serenity_(band)
10189	entity:course_concept:COCO_CONCEPT:Serotonin
10190	entity:course_concept:COCO_CONCEPT:Server-side
10191	entity:course_concept:COCO_CONCEPT:Server_(computing)
10192	entity:course_concept:COCO_CONCEPT:Serverless_computing
10193	entity:course_concept:COCO_CONCEPT:ServiceNow
10194	entity:course_concept:COCO_CONCEPT:Sewing
10195	entity:course_concept:COCO_CONCEPT:Sewing_machine
10196	entity:course_concept:COCO_CONCEPT:Shape
10197	entity:course_concept:COCO_CONCEPT:SharePoint
10198	entity:course_concept:COCO_CONCEPT:Sheet_music
10199	entity:course_concept:COCO_CONCEPT:Shell_script
10200	entity:course_concept:COCO_CONCEPT:Shiatsu
10201	entity:course_concept:COCO_CONCEPT:Shift_work
10202	entity:course_concept:COCO_CONCEPT:Shopify
10203	entity:course_concept:COCO_CONCEPT:Short_story
10204	entity:course_concept:COCO_CONCEPT:Shutter_speed
10205	entity:course_concept:COCO_CONCEPT:Shyness
10206	entity:course_concept:COCO_CONCEPT:Siemens
10207	entity:course_concept:COCO_CONCEPT:Signal_processing
10208	entity:course_concept:COCO_CONCEPT:Silicon_Valley
10209	entity:course_concept:COCO_CONCEPT:Simple_and_Fast_Multimedia_Library
10210	entity:course_concept:COCO_CONCEPT:Simulink
10211	entity:course_concept:COCO_CONCEPT:Singing
10212	entity:course_concept:COCO_CONCEPT:Single-lens_reflex_camera
10213	entity:course_concept:COCO_CONCEPT:Single-page_application
10214	entity:course_concept:COCO_CONCEPT:Six_Sigma
10215	entity:course_concept:COCO_CONCEPT:Skill
10216	entity:course_concept:COCO_CONCEPT:Skillshare
10217	entity:course_concept:COCO_CONCEPT:Skype
10218	entity:course_concept:COCO_CONCEPT:Slack_(software)
10219	entity:course_concept:COCO_CONCEPT:Sleep
10220	entity:course_concept:COCO_CONCEPT:Sleep_deprivation
10221	entity:course_concept:COCO_CONCEPT:Small_and_medium-sized_enterprises
10222	entity:course_concept:COCO_CONCEPT:Small_business
10223	entity:course_concept:COCO_CONCEPT:Small_talk
10224	entity:course_concept:COCO_CONCEPT:Smart_contract
10225	entity:course_concept:COCO_CONCEPT:Smoking
10226	entity:course_concept:COCO_CONCEPT:Smoking_cessation
10227	entity:course_concept:COCO_CONCEPT:Smoothie
10228	entity:course_concept:COCO_CONCEPT:Soap
10229	entity:course_concept:COCO_CONCEPT:SoapUI
10230	entity:course_concept:COCO_CONCEPT:Social_engineering_(security)
10231	entity:course_concept:COCO_CONCEPT:Social_enterprise
10232	entity:course_concept:COCO_CONCEPT:Social_influence
10233	entity:course_concept:COCO_CONCEPT:Social_marketing
10234	entity:course_concept:COCO_CONCEPT:Social_media
10235	entity:course_concept:COCO_CONCEPT:Social_media_marketing
10236	entity:course_concept:COCO_CONCEPT:Social_network
10237	entity:course_concept:COCO_CONCEPT:Social_networking_service
10238	entity:course_concept:COCO_CONCEPT:Social_psychology
10239	entity:course_concept:COCO_CONCEPT:Social_skills
10240	entity:course_concept:COCO_CONCEPT:Social_web
10241	entity:course_concept:COCO_CONCEPT:Soft_skills
10242	entity:course_concept:COCO_CONCEPT:Software
10243	entity:course_concept:COCO_CONCEPT:Software-defined_networking
10244	entity:course_concept:COCO_CONCEPT:Software_company
10245	entity:course_concept:COCO_CONCEPT:Software_design
10246	entity:course_concept:COCO_CONCEPT:Software_design_pattern
10247	entity:course_concept:COCO_CONCEPT:Software_engineering
10248	entity:course_concept:COCO_CONCEPT:Software_framework
10249	entity:course_concept:COCO_CONCEPT:Software_performance_testing
10250	entity:course_concept:COCO_CONCEPT:Software_testing
10251	entity:course_concept:COCO_CONCEPT:Solar2D
10252	entity:course_concept:COCO_CONCEPT:Solar_power
10253	entity:course_concept:COCO_CONCEPT:Solidity
10254	entity:course_concept:COCO_CONCEPT:Solution_stack
10255	entity:course_concept:COCO_CONCEPT:Sony
10256	entity:course_concept:COCO_CONCEPT:Soul
10257	entity:course_concept:COCO_CONCEPT:Soul_music
10258	entity:course_concept:COCO_CONCEPT:Sound
10259	entity:course_concept:COCO_CONCEPT:Sound_design
10260	entity:course_concept:COCO_CONCEPT:Spa
10261	entity:course_concept:COCO_CONCEPT:Spain
10262	entity:course_concept:COCO_CONCEPT:Spanish_Empire
10263	entity:course_concept:COCO_CONCEPT:Spanish_language
10264	entity:course_concept:COCO_CONCEPT:Spanish_language_in_the_United_States
10265	entity:course_concept:COCO_CONCEPT:Special_Air_Service
10266	entity:course_concept:COCO_CONCEPT:Speech
10267	entity:course_concept:COCO_CONCEPT:Speed_reading
10268	entity:course_concept:COCO_CONCEPT:Splunk
10269	entity:course_concept:COCO_CONCEPT:Sponge_cake
10270	entity:course_concept:COCO_CONCEPT:Spread_Group
10271	entity:course_concept:COCO_CONCEPT:Spread_trade
10272	entity:course_concept:COCO_CONCEPT:Spreadsheet
10273	entity:course_concept:COCO_CONCEPT:Spring_(company)
10274	entity:course_concept:COCO_CONCEPT:Spring_Batch
10275	entity:course_concept:COCO_CONCEPT:Spring_Framework
10276	entity:course_concept:COCO_CONCEPT:Spring_Security
10277	entity:course_concept:COCO_CONCEPT:Sqoop
10278	entity:course_concept:COCO_CONCEPT:Squarespace
10279	entity:course_concept:COCO_CONCEPT:Stage_hypnosis
10280	entity:course_concept:COCO_CONCEPT:Stand-up_comedy
10281	entity:course_concept:COCO_CONCEPT:Standard_Template_Library
10282	entity:course_concept:COCO_CONCEPT:Start_menu
10283	entity:course_concept:COCO_CONCEPT:Startup_company
10284	entity:course_concept:COCO_CONCEPT:Statistics
10285	entity:course_concept:COCO_CONCEPT:Steemit
10286	entity:course_concept:COCO_CONCEPT:Steinberg_Cubase
10287	entity:course_concept:COCO_CONCEPT:Stencyl
10288	entity:course_concept:COCO_CONCEPT:Stock
10289	entity:course_concept:COCO_CONCEPT:Stock_exchange
10290	entity:course_concept:COCO_CONCEPT:Stock_market
10291	entity:course_concept:COCO_CONCEPT:Stock_market_crash
10292	entity:course_concept:COCO_CONCEPT:Stock_market_index_option
10293	entity:course_concept:COCO_CONCEPT:Stone_massage
10294	entity:course_concept:COCO_CONCEPT:Stored_procedure
10295	entity:course_concept:COCO_CONCEPT:Storytelling
10296	entity:course_concept:COCO_CONCEPT:Strategic_management
10297	entity:course_concept:COCO_CONCEPT:Streaming_media
10298	entity:course_concept:COCO_CONCEPT:Street_photography
10299	entity:course_concept:COCO_CONCEPT:Stress_(biology)
10300	entity:course_concept:COCO_CONCEPT:String_bending
10301	entity:course_concept:COCO_CONCEPT:Structural_equation_modeling
10302	entity:course_concept:COCO_CONCEPT:Strum
10303	entity:course_concept:COCO_CONCEPT:Student_debt
10304	entity:course_concept:COCO_CONCEPT:Stuttering
10305	entity:course_concept:COCO_CONCEPT:Sublime_Text
10306	entity:course_concept:COCO_CONCEPT:Subliminal_stimuli
10307	entity:course_concept:COCO_CONCEPT:Subnetwork
10308	entity:course_concept:COCO_CONCEPT:Subtitles
10309	entity:course_concept:COCO_CONCEPT:Sugar
10310	entity:course_concept:COCO_CONCEPT:Sun_Salutation
10311	entity:course_concept:COCO_CONCEPT:Supply_chain
10312	entity:course_concept:COCO_CONCEPT:Supply_chain_management
10313	entity:course_concept:COCO_CONCEPT:Support_and_resistance
10314	entity:course_concept:COCO_CONCEPT:Sustainability
10315	entity:course_concept:COCO_CONCEPT:Sustainable_Development_Goals
10316	entity:course_concept:COCO_CONCEPT:Swami_Rama
10317	entity:course_concept:COCO_CONCEPT:Sweepstake
10318	entity:course_concept:COCO_CONCEPT:Swift_(programming_language)
10319	entity:course_concept:COCO_CONCEPT:Swing_(Java)
10320	entity:course_concept:COCO_CONCEPT:Syllabus
10321	entity:course_concept:COCO_CONCEPT:Symfony
10322	entity:course_concept:COCO_CONCEPT:SystemVerilog
10323	entity:course_concept:COCO_CONCEPT:T-shirt
10324	entity:course_concept:COCO_CONCEPT:TED_(conference)
10325	entity:course_concept:COCO_CONCEPT:Tableau_Software
10326	entity:course_concept:COCO_CONCEPT:Tableau_vivant
10327	entity:course_concept:COCO_CONCEPT:Tablet_computer
10328	entity:course_concept:COCO_CONCEPT:Tai_chi
10329	entity:course_concept:COCO_CONCEPT:Tajine
10330	entity:course_concept:COCO_CONCEPT:Talk_radio
10331	entity:course_concept:COCO_CONCEPT:Tantra
10332	entity:course_concept:COCO_CONCEPT:Tantra_massage
10333	entity:course_concept:COCO_CONCEPT:Target_market
10334	entity:course_concept:COCO_CONCEPT:Tarot
10335	entity:course_concept:COCO_CONCEPT:Tarot_card_reading
10336	entity:course_concept:COCO_CONCEPT:Teacher
10337	entity:course_concept:COCO_CONCEPT:TeamCity
10338	entity:course_concept:COCO_CONCEPT:Technical_analysis
10339	entity:course_concept:COCO_CONCEPT:Teespring
10340	entity:course_concept:COCO_CONCEPT:Telephony
10341	entity:course_concept:COCO_CONCEPT:Teleseminars
10342	entity:course_concept:COCO_CONCEPT:Television_documentary
10343	entity:course_concept:COCO_CONCEPT:Template_(C++)
10344	entity:course_concept:COCO_CONCEPT:Teradata
10345	entity:course_concept:COCO_CONCEPT:Terraform_(software)
10346	entity:course_concept:COCO_CONCEPT:Test-driven_development
10347	entity:course_concept:COCO_CONCEPT:TestNG
10348	entity:course_concept:COCO_CONCEPT:Test_Assessing_Secondary_Completion
10349	entity:course_concept:COCO_CONCEPT:Test_automation
10350	entity:course_concept:COCO_CONCEPT:Test_case
10351	entity:course_concept:COCO_CONCEPT:Test_management
10352	entity:course_concept:COCO_CONCEPT:Test_of_English_as_a_Foreign_Language
10353	entity:course_concept:COCO_CONCEPT:Testimonial
10354	entity:course_concept:COCO_CONCEPT:Testosterone
10355	entity:course_concept:COCO_CONCEPT:Text_editor
10356	entity:course_concept:COCO_CONCEPT:Texture_mapping
10357	entity:course_concept:COCO_CONCEPT:Thai_massage
10358	entity:course_concept:COCO_CONCEPT:Tharman_Shanmugaratnam
10359	entity:course_concept:COCO_CONCEPT:The_Matrix_(franchise)
10360	entity:course_concept:COCO_CONCEPT:The_Open_Group_Architecture_Framework
10361	entity:course_concept:COCO_CONCEPT:The_gospel
10362	entity:course_concept:COCO_CONCEPT:Therapy
10363	entity:course_concept:COCO_CONCEPT:Thermal_insulation
10364	entity:course_concept:COCO_CONCEPT:Thread_(computing)
10365	entity:course_concept:COCO_CONCEPT:Thumbnail
10366	entity:course_concept:COCO_CONCEPT:Thymeleaf
10367	entity:course_concept:COCO_CONCEPT:Time
10368	entity:course_concept:COCO_CONCEPT:Time_management
10369	entity:course_concept:COCO_CONCEPT:Tkinter
10370	entity:course_concept:COCO_CONCEPT:Tone_mapping
10371	entity:course_concept:COCO_CONCEPT:Tonglen
10372	entity:course_concept:COCO_CONCEPT:Tool
10373	entity:course_concept:COCO_CONCEPT:Torque
10374	entity:course_concept:COCO_CONCEPT:Tosca
10375	entity:course_concept:COCO_CONCEPT:Touch_typing
10376	entity:course_concept:COCO_CONCEPT:Toyota
10377	entity:course_concept:COCO_CONCEPT:Trademark
10378	entity:course_concept:COCO_CONCEPT:Trader_(finance)
10379	entity:course_concept:COCO_CONCEPT:Trading_room
10380	entity:course_concept:COCO_CONCEPT:Trading_strategy
10381	entity:course_concept:COCO_CONCEPT:Traffic
10382	entity:course_concept:COCO_CONCEPT:Trailer_(promotion)
10383	entity:course_concept:COCO_CONCEPT:Training
10384	entity:course_concept:COCO_CONCEPT:Trance_music
10385	entity:course_concept:COCO_CONCEPT:Transact-SQL
10386	entity:course_concept:COCO_CONCEPT:Transcription_(biology)
10387	entity:course_concept:COCO_CONCEPT:Transmission_Control_Protocol
10388	entity:course_concept:COCO_CONCEPT:Transport_Layer_Security
10389	entity:course_concept:COCO_CONCEPT:Treadmill
10390	entity:course_concept:COCO_CONCEPT:Trello
10391	entity:course_concept:COCO_CONCEPT:Tricentis_Tosca
10392	entity:course_concept:COCO_CONCEPT:Trigonometry
10393	entity:course_concept:COCO_CONCEPT:Troubleshooting
10394	entity:course_concept:COCO_CONCEPT:Trust_law
10395	entity:course_concept:COCO_CONCEPT:Tumblr
10396	entity:course_concept:COCO_CONCEPT:Tutorial
10397	entity:course_concept:COCO_CONCEPT:Tutoring
10398	entity:course_concept:COCO_CONCEPT:TvOS
10399	entity:course_concept:COCO_CONCEPT:Twilio
10400	entity:course_concept:COCO_CONCEPT:Twitter
10401	entity:course_concept:COCO_CONCEPT:TypeScript
10402	entity:course_concept:COCO_CONCEPT:Typography
10403	entity:course_concept:COCO_CONCEPT:UV_mapping
10404	entity:course_concept:COCO_CONCEPT:Ubuntu
10405	entity:course_concept:COCO_CONCEPT:Udemy
10406	entity:course_concept:COCO_CONCEPT:Unified_Modeling_Language
10407	entity:course_concept:COCO_CONCEPT:Unit_testing
10408	entity:course_concept:COCO_CONCEPT:United_Federation_of_Teachers
10409	entity:course_concept:COCO_CONCEPT:Unity_(game_engine)
10410	entity:course_concept:COCO_CONCEPT:Unity_(user_interface)
10411	entity:course_concept:COCO_CONCEPT:Universal_Verification_Methodology
10412	entity:course_concept:COCO_CONCEPT:Universal_asynchronous_receiver-transmitter
10413	entity:course_concept:COCO_CONCEPT:University_don
10414	entity:course_concept:COCO_CONCEPT:Unix
10415	entity:course_concept:COCO_CONCEPT:Unreal_Engine
10416	entity:course_concept:COCO_CONCEPT:Upwork
10417	entity:course_concept:COCO_CONCEPT:Usability
10418	entity:course_concept:COCO_CONCEPT:Usability_testing
10419	entity:course_concept:COCO_CONCEPT:Use_case
10420	entity:course_concept:COCO_CONCEPT:User-defined_function
10421	entity:course_concept:COCO_CONCEPT:User-generated_content
10422	entity:course_concept:COCO_CONCEPT:User_(computing)
10423	entity:course_concept:COCO_CONCEPT:User_experience_design
10424	entity:course_concept:COCO_CONCEPT:User_interface
10425	entity:course_concept:COCO_CONCEPT:User_story
10426	entity:course_concept:COCO_CONCEPT:Utilitarianism
10427	entity:course_concept:COCO_CONCEPT:VCenter
10428	entity:course_concept:COCO_CONCEPT:VEX_Robotics
10429	entity:course_concept:COCO_CONCEPT:VHDL
10430	entity:course_concept:COCO_CONCEPT:VIX
10431	entity:course_concept:COCO_CONCEPT:VMware
10432	entity:course_concept:COCO_CONCEPT:VMware_ESXi
10433	entity:course_concept:COCO_CONCEPT:VMware_VMFS
10434	entity:course_concept:COCO_CONCEPT:VMware_Workstation_Player
10435	entity:course_concept:COCO_CONCEPT:VMware_vSphere
10436	entity:course_concept:COCO_CONCEPT:VSCO
10437	entity:course_concept:COCO_CONCEPT:Vacuum_fluorescent_display
10438	entity:course_concept:COCO_CONCEPT:Vagrant_Records
10439	entity:course_concept:COCO_CONCEPT:Valuation_(finance)
10440	entity:course_concept:COCO_CONCEPT:Value_investing
10441	entity:course_concept:COCO_CONCEPT:Variable-frequency_drive
10442	entity:course_concept:COCO_CONCEPT:Veganism
10443	entity:course_concept:COCO_CONCEPT:Vegas_Pro
10444	entity:course_concept:COCO_CONCEPT:Venture_capital
10445	entity:course_concept:COCO_CONCEPT:Verb
10446	entity:course_concept:COCO_CONCEPT:Version_control
10447	entity:course_concept:COCO_CONCEPT:Very_Large_Scale_Integration
10448	entity:course_concept:COCO_CONCEPT:Video
10449	entity:course_concept:COCO_CONCEPT:Video_clip
10450	entity:course_concept:COCO_CONCEPT:Video_editing
10451	entity:course_concept:COCO_CONCEPT:Video_editing_software
10452	entity:course_concept:COCO_CONCEPT:Video_game
10453	entity:course_concept:COCO_CONCEPT:Video_game_development
10454	entity:course_concept:COCO_CONCEPT:Video_production
10455	entity:course_concept:COCO_CONCEPT:Video_resume
10456	entity:course_concept:COCO_CONCEPT:Vim_(text_editor)
10457	entity:course_concept:COCO_CONCEPT:Violin
10458	entity:course_concept:COCO_CONCEPT:Viral_marketing
10459	entity:course_concept:COCO_CONCEPT:Viral_phenomenon
10460	entity:course_concept:COCO_CONCEPT:Viral_video
10461	entity:course_concept:COCO_CONCEPT:VirtualBox
10462	entity:course_concept:COCO_CONCEPT:Virtual_DOM
10463	entity:course_concept:COCO_CONCEPT:Virtual_assistant
10464	entity:course_concept:COCO_CONCEPT:Virtual_machine
10465	entity:course_concept:COCO_CONCEPT:Virtual_private_network
10466	entity:course_concept:COCO_CONCEPT:Virtual_private_server
10467	entity:course_concept:COCO_CONCEPT:Virtual_reality
10468	entity:course_concept:COCO_CONCEPT:Virtual_reality_headset
10469	entity:course_concept:COCO_CONCEPT:Virtual_team
10470	entity:course_concept:COCO_CONCEPT:Visual_Basic
10471	entity:course_concept:COCO_CONCEPT:Visual_Basic_for_Applications
10472	entity:course_concept:COCO_CONCEPT:Visual_Paradigm
10473	entity:course_concept:COCO_CONCEPT:Visual_Studio
10474	entity:course_concept:COCO_CONCEPT:Visual_effects
10475	entity:course_concept:COCO_CONCEPT:Visual_narrative
10476	entity:course_concept:COCO_CONCEPT:Visualization_(graphics)
10477	entity:course_concept:COCO_CONCEPT:Vocabulary
10478	entity:course_concept:COCO_CONCEPT:Vocal_coach
10479	entity:course_concept:COCO_CONCEPT:Voice_acting
10480	entity:course_concept:COCO_CONCEPT:Volatility_(finance)
10481	entity:course_concept:COCO_CONCEPT:Voltage
10482	entity:course_concept:COCO_CONCEPT:Vue.js
10483	entity:course_concept:COCO_CONCEPT:Vuforia_Augmented_Reality_SDK
10484	entity:course_concept:COCO_CONCEPT:W3C_Geolocation_API
10485	entity:course_concept:COCO_CONCEPT:WYSIWYG
10486	entity:course_concept:COCO_CONCEPT:Wacom
10487	entity:course_concept:COCO_CONCEPT:Weather
10488	entity:course_concept:COCO_CONCEPT:Weather_forecasting
10489	entity:course_concept:COCO_CONCEPT:WebRTC
10490	entity:course_concept:COCO_CONCEPT:Web_API
10491	entity:course_concept:COCO_CONCEPT:Web_accessibility
10492	entity:course_concept:COCO_CONCEPT:Web_analytics
10493	entity:course_concept:COCO_CONCEPT:Web_application
10494	entity:course_concept:COCO_CONCEPT:Web_browser
10495	entity:course_concept:COCO_CONCEPT:Web_design
10496	entity:course_concept:COCO_CONCEPT:Web_developer
10497	entity:course_concept:COCO_CONCEPT:Web_development
10498	entity:course_concept:COCO_CONCEPT:Web_development_tools
10499	entity:course_concept:COCO_CONCEPT:Web_framework
10500	entity:course_concept:COCO_CONCEPT:Web_hosting_service
10501	entity:course_concept:COCO_CONCEPT:Web_page
10502	entity:course_concept:COCO_CONCEPT:Web_part
10503	entity:course_concept:COCO_CONCEPT:Web_scraping
10504	entity:course_concept:COCO_CONCEPT:Web_server
10505	entity:course_concept:COCO_CONCEPT:Web_service
10506	entity:course_concept:COCO_CONCEPT:Web_traffic
10507	entity:course_concept:COCO_CONCEPT:Webcam
10508	entity:course_concept:COCO_CONCEPT:Webflow
10509	entity:course_concept:COCO_CONCEPT:Webpack
10510	entity:course_concept:COCO_CONCEPT:Website
10511	entity:course_concept:COCO_CONCEPT:Website_wireframe
10512	entity:course_concept:COCO_CONCEPT:Wedding
10513	entity:course_concept:COCO_CONCEPT:Wedding_photography
10514	entity:course_concept:COCO_CONCEPT:Wedding_videography
10515	entity:course_concept:COCO_CONCEPT:Weight
10516	entity:course_concept:COCO_CONCEPT:Wheatgrass
10517	entity:course_concept:COCO_CONCEPT:White_hat_(computer_security)
10518	entity:course_concept:COCO_CONCEPT:Whiteboard_animation
10519	entity:course_concept:COCO_CONCEPT:Wholesaling
10520	entity:course_concept:COCO_CONCEPT:Wi-Fi
10521	entity:course_concept:COCO_CONCEPT:Wi-Fi_Protected_Access
10522	entity:course_concept:COCO_CONCEPT:WildFly
10523	entity:course_concept:COCO_CONCEPT:Will_(philosophy)
10524	entity:course_concept:COCO_CONCEPT:Windows_10
10525	entity:course_concept:COCO_CONCEPT:Windows_7
10526	entity:course_concept:COCO_CONCEPT:Windows_8
10527	entity:course_concept:COCO_CONCEPT:Windows_Communication_Foundation
10528	entity:course_concept:COCO_CONCEPT:Windows_Deployment_Services
10529	entity:course_concept:COCO_CONCEPT:Windows_Forms
10530	entity:course_concept:COCO_CONCEPT:Windows_Presentation_Foundation
10531	entity:course_concept:COCO_CONCEPT:Windows_Server
10532	entity:course_concept:COCO_CONCEPT:Windows_Server_2012
10533	entity:course_concept:COCO_CONCEPT:Windows_Server_2016
10534	entity:course_concept:COCO_CONCEPT:Wing_Chun
10535	entity:course_concept:COCO_CONCEPT:Wired_Equivalent_Privacy
10536	entity:course_concept:COCO_CONCEPT:Wireless_LAN
10537	entity:course_concept:COCO_CONCEPT:Wireless_network
10538	entity:course_concept:COCO_CONCEPT:Wireshark
10539	entity:course_concept:COCO_CONCEPT:Wix.com
10540	entity:course_concept:COCO_CONCEPT:Women's_rights
10541	entity:course_concept:COCO_CONCEPT:WooCommerce
10542	entity:course_concept:COCO_CONCEPT:WordPress
10543	entity:course_concept:COCO_CONCEPT:Workflow
10544	entity:course_concept:COCO_CONCEPT:Workshop
10545	entity:course_concept:COCO_CONCEPT:World
10546	entity:course_concept:COCO_CONCEPT:World_Wide_Web
10547	entity:course_concept:COCO_CONCEPT:Worldview
10548	entity:course_concept:COCO_CONCEPT:Writer
10549	entity:course_concept:COCO_CONCEPT:Writing
10550	entity:course_concept:COCO_CONCEPT:X86
10551	entity:course_concept:COCO_CONCEPT:X86_assembly_language
10552	entity:course_concept:COCO_CONCEPT:XAMPP
10553	entity:course_concept:COCO_CONCEPT:XML
10554	entity:course_concept:COCO_CONCEPT:XML_Schema_(W3C)
10555	entity:course_concept:COCO_CONCEPT:XPath
10556	entity:course_concept:COCO_CONCEPT:Xamarin
10557	entity:course_concept:COCO_CONCEPT:Xcode
10558	entity:course_concept:COCO_CONCEPT:Xilinx
10559	entity:course_concept:COCO_CONCEPT:Yoast_SEO
10560	entity:course_concept:COCO_CONCEPT:Yoga
10561	entity:course_concept:COCO_CONCEPT:YouTube
10562	entity:course_concept:COCO_CONCEPT:Youth_ministry
10563	entity:course_concept:COCO_CONCEPT:Yu-kai_Chou
10564	entity:course_concept:COCO_CONCEPT:ZFS
10565	entity:course_concept:COCO_CONCEPT:Z_shell
10566	entity:course_concept:COCO_CONCEPT:Zabbix
10567	entity:course_concept:COCO_CONCEPT:Zapier
10568	entity:course_concept:COCO_CONCEPT:Zohar
10569	entity:course_concept:COCO_CONCEPT:Zoho_Corporation
10570	entity:course_concept:tok_32c329019a8c
10571	entity:course_concept:tok_3b43bc549f6b
10572	entity:course_concept:tok_581dd66cb71f
10573	entity:course_concept:tok_ab0a48b8badf
10574	entity:course_concept:tok_bf1b55e28c8d
10575	entity:course_concept:tok_cb941839166e
10576	entity:course_concept:tok_de5dfe1099ad
10577	entity:course_concept:tok_e3a76ca8d653
10578	entity:item_category:COCO_CATEGORY:3d-and-animation
10579	entity:item_category:COCO_CATEGORY:academics
10580	entity:item_category:COCO_CATEGORY:advertising
10581	entity:item_category:COCO_CATEGORY:affiliate-marketing
10582	entity:item_category:COCO_CATEGORY:analytics-and-automation
10583	entity:item_category:COCO_CATEGORY:apple
10584	entity:item_category:COCO_CATEGORY:arabic
10585	entity:item_category:COCO_CATEGORY:architectural-design
10586	entity:item_category:COCO_CATEGORY:arts-and-crafts
10587	entity:item_category:COCO_CATEGORY:beauty-and-makeup
10588	entity:item_category:COCO_CATEGORY:black-and-white
10589	entity:item_category:COCO_CATEGORY:branding
10590	entity:item_category:COCO_CATEGORY:business
10591	entity:item_category:COCO_CATEGORY:business-law
10592	entity:item_category:COCO_CATEGORY:career-development
10593	entity:item_category:COCO_CATEGORY:chinese
10594	entity:item_category:COCO_CATEGORY:college-entry-exam
10595	entity:item_category:COCO_CATEGORY:commercial-photography
10596	entity:item_category:COCO_CATEGORY:communications
10597	entity:item_category:COCO_CATEGORY:content-marketing
10598	entity:item_category:COCO_CATEGORY:creativity
10599	entity:item_category:COCO_CATEGORY:dance
10600	entity:item_category:COCO_CATEGORY:data-and-analytics
10601	entity:item_category:COCO_CATEGORY:databases
10602	entity:item_category:COCO_CATEGORY:design
10603	entity:item_category:COCO_CATEGORY:design-thinking
10604	entity:item_category:COCO_CATEGORY:design-tools
10605	entity:item_category:COCO_CATEGORY:development
10606	entity:item_category:COCO_CATEGORY:development-tools
10607	entity:item_category:COCO_CATEGORY:dieting
10608	entity:item_category:COCO_CATEGORY:digital-marketing
10609	entity:item_category:COCO_CATEGORY:digital-photography
10610	entity:item_category:COCO_CATEGORY:e-commerce
10611	entity:item_category:COCO_CATEGORY:educational-development
10612	entity:item_category:COCO_CATEGORY:english
10613	entity:item_category:COCO_CATEGORY:entrepreneurship
10614	entity:item_category:COCO_CATEGORY:fashion
10615	entity:item_category:COCO_CATEGORY:finance
10616	entity:item_category:COCO_CATEGORY:fitness
10617	entity:item_category:COCO_CATEGORY:food-and-beverage
10618	entity:item_category:COCO_CATEGORY:french
10619	entity:item_category:COCO_CATEGORY:game-design
10620	entity:item_category:COCO_CATEGORY:game-development
10621	entity:item_category:COCO_CATEGORY:gaming
10622	entity:item_category:COCO_CATEGORY:general-health
10623	entity:item_category:COCO_CATEGORY:german
10624	entity:item_category:COCO_CATEGORY:google
10625	entity:item_category:COCO_CATEGORY:grad-entry-exam
10626	entity:item_category:COCO_CATEGORY:graphic-design
10627	entity:item_category:COCO_CATEGORY:growth-hacking
10628	entity:item_category:COCO_CATEGORY:happiness
10629	entity:item_category:COCO_CATEGORY:hardware
10630	entity:item_category:COCO_CATEGORY:health-and-fitness
10631	entity:item_category:COCO_CATEGORY:hebrew
10632	entity:item_category:COCO_CATEGORY:home-business
10633	entity:item_category:COCO_CATEGORY:home-improvement
10634	entity:item_category:COCO_CATEGORY:human-resources
10635	entity:item_category:COCO_CATEGORY:humanities
10636	entity:item_category:COCO_CATEGORY:industry
10637	entity:item_category:COCO_CATEGORY:influence
10638	entity:item_category:COCO_CATEGORY:instructional-design
10639	entity:item_category:COCO_CATEGORY:instruments
10640	entity:item_category:COCO_CATEGORY:interior-design
10641	entity:item_category:COCO_CATEGORY:international-high-school
10642	entity:item_category:COCO_CATEGORY:intuit
10643	entity:item_category:COCO_CATEGORY:it-and-software
10644	entity:item_category:COCO_CATEGORY:it-certification
10645	entity:item_category:COCO_CATEGORY:italian
10646	entity:item_category:COCO_CATEGORY:japanese
10647	entity:item_category:COCO_CATEGORY:landscape
10648	entity:item_category:COCO_CATEGORY:language
10649	entity:item_category:COCO_CATEGORY:leadership
10650	entity:item_category:COCO_CATEGORY:lifestyle
10651	entity:item_category:COCO_CATEGORY:management
10652	entity:item_category:COCO_CATEGORY:marketing
10653	entity:item_category:COCO_CATEGORY:marketing-fundamentals
10654	entity:item_category:COCO_CATEGORY:math-and-science
10655	entity:item_category:COCO_CATEGORY:media
10656	entity:item_category:COCO_CATEGORY:meditation
10657	entity:item_category:COCO_CATEGORY:memory
10658	entity:item_category:COCO_CATEGORY:mental-health
10659	entity:item_category:COCO_CATEGORY:microsoft
10660	entity:item_category:COCO_CATEGORY:mobile-apps
10661	entity:item_category:COCO_CATEGORY:mobile-photography
10662	entity:item_category:COCO_CATEGORY:motivation
10663	entity:item_category:COCO_CATEGORY:music
10664	entity:item_category:COCO_CATEGORY:music-fundamentals
10665	entity:item_category:COCO_CATEGORY:music-software
10666	entity:item_category:COCO_CATEGORY:music-techniques
10667	entity:item_category:COCO_CATEGORY:network-and-security
10668	entity:item_category:COCO_CATEGORY:non-digital-marketing
10669	entity:item_category:COCO_CATEGORY:nutrition
10670	entity:item_category:COCO_CATEGORY:office-productivity
10671	entity:item_category:COCO_CATEGORY:operating-systems
10672	entity:item_category:COCO_CATEGORY:operations
10673	entity:item_category:COCO_CATEGORY:oracle
10674	entity:item_category:COCO_CATEGORY:other
10675	entity:item_category:COCO_CATEGORY:parenting-and-relationships
10676	entity:item_category:COCO_CATEGORY:personal-brand-building
10677	entity:item_category:COCO_CATEGORY:personal-development
10678	entity:item_category:COCO_CATEGORY:personal-finance
10679	entity:item_category:COCO_CATEGORY:personal-transformation
10680	entity:item_category:COCO_CATEGORY:pet-care-and-training
10681	entity:item_category:COCO_CATEGORY:photography
10682	entity:item_category:COCO_CATEGORY:photography-fundamentals
10683	entity:item_category:COCO_CATEGORY:photography-tools
10684	entity:item_category:COCO_CATEGORY:portraits
10685	entity:item_category:COCO_CATEGORY:portuguese
10686	entity:item_category:COCO_CATEGORY:product-marketing
10687	entity:item_category:COCO_CATEGORY:production
10688	entity:item_category:COCO_CATEGORY:productivity
10689	entity:item_category:COCO_CATEGORY:programming-languages
10690	entity:item_category:COCO_CATEGORY:project-management
10691	entity:item_category:COCO_CATEGORY:public-relations
10692	entity:item_category:COCO_CATEGORY:real-estate
10693	entity:item_category:COCO_CATEGORY:religion-and-spirituality
10694	entity:item_category:COCO_CATEGORY:russian
10695	entity:item_category:COCO_CATEGORY:safety-and-first-aid
10696	entity:item_category:COCO_CATEGORY:sales
10697	entity:item_category:COCO_CATEGORY:salesforce
10698	entity:item_category:COCO_CATEGORY:sap
10699	entity:item_category:COCO_CATEGORY:search-engine-optimization
10700	entity:item_category:COCO_CATEGORY:self-defense
10701	entity:item_category:COCO_CATEGORY:self-esteem
10702	entity:item_category:COCO_CATEGORY:social-media-marketing
10703	entity:item_category:COCO_CATEGORY:social-science
10704	entity:item_category:COCO_CATEGORY:software-engineering
10705	entity:item_category:COCO_CATEGORY:software-testing
10706	entity:item_category:COCO_CATEGORY:spanish
10707	entity:item_category:COCO_CATEGORY:sports
10708	entity:item_category:COCO_CATEGORY:strategy
10709	entity:item_category:COCO_CATEGORY:stress-management
10710	entity:item_category:COCO_CATEGORY:teacher-training
10711	entity:item_category:COCO_CATEGORY:teaching-tools
10712	entity:item_category:COCO_CATEGORY:test-prep
10713	entity:item_category:COCO_CATEGORY:test-taking-skills
10714	entity:item_category:COCO_CATEGORY:travel
10715	entity:item_category:COCO_CATEGORY:travel-photography
10716	entity:item_category:COCO_CATEGORY:user-experience
10717	entity:item_category:COCO_CATEGORY:video-and-mobile-marketing
10718	entity:item_category:COCO_CATEGORY:video-design
10719	entity:item_category:COCO_CATEGORY:vocal
10720	entity:item_category:COCO_CATEGORY:web-design
10721	entity:item_category:COCO_CATEGORY:web-development
10722	entity:item_category:COCO_CATEGORY:wedding-photography
10723	entity:item_category:COCO_CATEGORY:yoga
