0 0 8223
0 0 8339
0 0 10123
0 0 10124
1 0 8199
1 0 8270
1 0 8416
2 0 8223
2 0 8339
2 0 8478
3 0 8208
3 0 8308
3 0 10025
4 0 8220
4 0 8338
4 0 10539
5 0 8223
5 0 8238
6 0 8223
6 0 8339
6 0 9762
6 0 9761
7 0 8266
7 0 8324
7 0 9061
8 0 8261
8 0 8285
8 0 10077
9 0 8220
9 0 8338
10 0 8223
10 0 8339
10 0 10510
11 0 8223
11 0 8278
11 0 8467
12 0 8210
12 0 8295
12 0 9518
12 0 9605
13 0 8247
13 0 8261
14 0 8261
14 0 8292
14 0 8484
15 0 8270
15 0 8335
16 0 8256
16 0 8328
17 0 8208
17 0 8218
17 0 8950
17 0 8964
18 0 8261
18 0 8292
18 0 8828
18 0 8832
19 0 8223
19 0 8224
19 0 9032
19 0 9284
20 0 8255
20 0 8295
20 0 10076
21 0 8295
21 0 8306
22 0 8204
22 0 8268
22 0 8719
22 0 9549
23 0 8223
23 0 8238
23 0 8423
23 0 10409
24 0 8208
24 0 8269
25 0 8223
25 0 8307
25 0 9501
26 0 8223
26 0 8339
26 0 8457
26 0 9038
27 0 8261
27 0 8262
27 0 8824
28 0 8261
28 0 8262
28 0 8824
29 0 8261
29 0 8262
29 0 8824
30 0 8208
30 0 8231
30 0 9238
31 0 8220
31 0 8338
31 0 8395
32 0 8223
32 0 8339
33 0 8295
33 0 8306
34 0 8220
34 0 8222
34 0 8806
34 0 8807
35 0 8261
35 0 8262
36 0 8223
36 0 8307
37 0 8223
37 0 8307
37 0 10019
37 0 10123
38 0 8223
38 0 8339
38 0 8478
38 0 10124
39 0 8220
39 0 8221
39 0 9719
40 0 8223
40 0 8278
40 0 8478
40 0 9790
41 0 8223
41 0 8339
42 0 8261
42 0 8292
42 0 8467
42 0 10146
43 0 8208
43 0 8308
43 0 10004
44 0 8295
44 0 8306
44 0 10014
45 0 8261
45 0 8292
45 0 8627
46 0 8261
46 0 8289
47 0 8277
47 0 8288
47 0 9704
47 0 9713
48 0 8208
48 0 8233
49 0 8196
49 0 8220
49 0 8390
49 0 8399
50 0 8208
50 0 8218
50 0 8964
50 0 10265
51 0 8223
51 0 8339
51 0 9205
52 0 8199
52 0 8270
52 0 8416
53 0 8223
53 0 8339
53 0 10078
54 0 8208
54 0 8218
54 0 8678
54 0 8950
55 0 8208
55 0 8214
55 0 9652
56 0 8261
56 0 8292
56 0 9003
56 0 9557
57 0 8261
57 0 8262
57 0 9607
58 0 8295
58 0 8297
58 0 9738
59 0 8268
59 0 8332
59 0 9016
60 0 8230
60 0 8266
60 0 8657
60 0 9316
61 0 8223
61 0 8339
61 0 8641
62 0 8220
62 0 8338
62 0 10542
63 0 8208
63 0 8231
63 0 8444
64 0 8196
64 0 8220
64 0 8403
64 0 8480
65 0 8295
65 0 8306
66 0 8261
66 0 8262
66 0 8360
67 0 8247
67 0 8261
67 0 8833
67 0 9000
68 0 8292
68 0 8299
68 0 8939
68 0 9943
69 0 8223
69 0 8339
69 0 8478
70 0 8220
70 0 8334
70 0 9744
70 0 10009
71 0 8223
71 0 8339
71 0 8354
72 0 8295
72 0 8306
73 0 8223
73 0 8339
73 0 8478
74 0 8281
74 0 8284
74 0 8830
74 0 9192
75 0 8261
75 0 8285
75 0 8916
76 0 8220
76 0 8338
76 0 10542
77 0 8223
77 0 8339
77 0 10542
78 0 8208
78 0 8250
79 0 8223
79 0 8278
79 0 9404
80 0 8223
80 0 8224
80 0 9038
81 0 8261
81 0 8262
81 0 10405
82 0 8208
82 0 8233
82 0 9090
82 0 10380
83 0 8223
83 0 8339
83 0 8641
84 0 8208
84 0 8218
84 0 8603
84 0 9643
85 0 8261
85 0 8292
85 0 9873
85 0 10099
86 0 8223
86 0 8339
87 0 8270
87 0 8320
87 0 9167
88 0 8220
88 0 8338
88 0 9221
88 0 9422
89 0 8226
89 0 8270
89 0 9014
89 0 9659
90 0 8208
90 0 8250
91 0 8223
91 0 8339
91 0 8366
92 0 8223
92 0 8323
92 0 8354
93 0 8263
93 0 8266
93 0 9483
94 0 8220
94 0 8244
94 0 8399
94 0 8401
95 0 8275
95 0 8295
96 0 8223
96 0 8228
96 0 9063
96 0 10541
97 0 8266
97 0 8324
98 0 8295
98 0 8297
99 0 8261
99 0 8292
99 0 10127
99 0 10131
100 0 8223
100 0 8307
100 0 8844
100 0 9268
101 0 8328
101 0 8329
102 0 8223
102 0 8339
102 0 10078
103 0 8215
103 0 8270
103 0 8871
103 0 9381
104 0 8295
104 0 8297
104 0 10331
104 0 10332
105 0 8261
105 0 8285
105 0 9461
105 0 9462
106 0 8230
106 0 8266
107 0 8220
107 0 8244
107 0 8403
107 0 9744
108 0 8208
108 0 8218
108 0 8970
108 0 9723
109 0 8270
109 0 8335
109 0 10405
110 0 8223
110 0 8278
110 0 10066
111 0 8261
111 0 8285
111 0 10431
111 0 10435
112 0 8223
112 0 8238
112 0 9031
112 0 9074
113 0 8223
113 0 8339
113 0 10078
114 0 8226
114 0 8270
115 0 8261
115 0 8262
115 0 8690
115 0 8766
116 0 8223
116 0 8307
116 0 8698
116 0 9763
117 0 8208
117 0 8233
117 0 8887
117 0 9194
118 0 8223
118 0 8278
118 0 8513
118 0 9404
119 0 8223
119 0 8339
119 0 9338
119 0 9339
120 0 8248
120 0 8287
120 0 10516
121 0 8223
121 0 8339
121 0 9896
122 0 8281
122 0 8283
122 0 8557
122 0 8559
123 0 8328
123 0 8329
124 0 8208
124 0 8233
124 0 9237
125 0 8223
125 0 8339
125 0 9503
126 0 8223
126 0 8339
127 0 8295
127 0 8297
127 0 9940
127 0 10098
128 0 8223
128 0 8224
128 0 9284
129 0 8208
129 0 8218
130 0 8270
130 0 8320
130 0 9954
131 0 8223
131 0 8339
131 0 9034
131 0 10052
132 0 8270
132 0 8320
133 0 8246
133 0 8295
134 0 8223
134 0 8228
134 0 9063
134 0 10541
135 0 8261
135 0 8262
136 0 8223
136 0 8323
136 0 8501
136 0 10178
137 0 8261
137 0 8289
137 0 10191
138 0 8281
138 0 8283
138 0 9267
139 0 8248
139 0 8276
139 0 9973
139 0 9974
140 0 8223
140 0 8339
140 0 10213
140 0 10493
141 0 8223
141 0 8307
142 0 8223
142 0 8307
143 0 8246
143 0 8295
143 0 9388
144 0 8255
144 0 8295
145 0 8223
145 0 8339
145 0 9503
146 0 8261
146 0 8262
147 0 8223
147 0 8238
148 0 8328
148 0 8329
149 0 8223
149 0 8339
149 0 10482
150 0 8275
150 0 8295
150 0 9919
151 0 8230
151 0 8266
151 0 9117
151 0 9119
152 0 8208
152 0 8250
152 0 8386
153 0 8261
153 0 8292
153 0 8354
153 0 8355
154 0 8261
154 0 8292
154 0 10450
155 0 8223
155 0 8339
155 0 8446
155 0 10192
156 0 8208
156 0 8250
157 0 8288
157 0 8291
157 0 9873
157 0 9874
158 0 8223
158 0 8339
158 0 9570
159 0 8223
159 0 8339
159 0 9896
160 0 8220
160 0 8244
160 0 9421
161 0 8261
161 0 8285
161 0 10122
162 0 8220
162 0 8338
162 0 8640
163 0 8223
163 0 8339
163 0 8478
163 0 10213
164 0 8281
164 0 8305
164 0 8560
164 0 9779
165 0 8208
165 0 8250
166 0 8208
166 0 8250
166 0 8639
167 0 8223
167 0 8339
168 0 8208
168 0 8308
168 0 8711
168 0 10023
169 0 8223
169 0 8339
170 0 8223
170 0 8339
171 0 8208
171 0 8308
171 0 9067
172 0 8208
172 0 8326
173 0 8261
173 0 8262
173 0 8824
174 0 8208
174 0 8218
175 0 8223
175 0 8307
176 0 8223
176 0 8238
176 0 8564
176 0 10483
177 0 8270
177 0 8317
177 0 10173
178 0 8223
178 0 8339
179 0 8261
179 0 8285
179 0 8627
180 0 8220
180 0 8244
180 0 9627
181 0 8299
181 0 8336
181 0 10454
182 0 8270
182 0 8320
182 0 9167
183 0 8223
183 0 8339
184 0 8223
184 0 8339
184 0 8640
185 0 8270
185 0 8320
186 0 8248
186 0 8276
187 0 8223
187 0 8339
187 0 8354
187 0 10488
188 0 8267
188 0 8295
188 0 9677
189 0 8328
189 0 8329
190 0 8208
190 0 8233
190 0 10338
190 0 10380
191 0 8223
191 0 8228
191 0 10202
192 0 8261
192 0 8262
192 0 8783
192 0 8784
193 0 8240
193 0 8248
193 0 9351
194 0 8219
194 0 8223
194 0 8354
194 0 8970
195 0 8223
195 0 8339
195 0 8353
195 0 8640
196 0 8208
196 0 8231
197 0 8208
197 0 8308
197 0 10170
198 0 8277
198 0 8288
198 0 9713
198 0 10471
199 0 8223
199 0 8339
199 0 8354
199 0 9305
200 0 8241
200 0 8266
200 0 9279
200 0 9280
201 0 8223
201 0 8339
202 0 8247
202 0 8261
202 0 9183
202 0 10558
203 0 8261
203 0 8285
203 0 8764
203 0 8873
204 0 8223
204 0 8339
204 0 8640
205 0 8208
205 0 8250
205 0 10202
206 0 8295
206 0 8297
207 0 8328
207 0 8329
208 0 8223
208 0 8339
208 0 10275
209 0 8295
209 0 8297
209 0 8610
210 0 8223
210 0 8307
210 0 10019
210 0 10396
211 0 8261
211 0 8292
212 0 8261
212 0 8285
212 0 8627
213 0 8223
213 0 8307
213 0 9023
213 0 9186
214 0 8295
214 0 8297
215 0 8223
215 0 8224
215 0 10456
216 0 8223
216 0 8307
216 0 8467
216 0 9501
217 0 8220
217 0 8222
217 0 8390
217 0 10474
218 0 8261
218 0 8285
218 0 8824
219 0 8277
219 0 8288
219 0 9719
220 0 8261
220 0 8285
220 0 8849
220 0 8936
221 0 8220
221 0 8334
221 0 8401
221 0 8405
222 0 8223
222 0 8339
222 0 8846
222 0 10019
223 0 8223
223 0 8339
223 0 10542
224 0 8270
224 0 8320
224 0 9613
224 0 10297
225 0 8223
225 0 8339
225 0 8457
226 0 8261
226 0 8285
227 0 8223
227 0 8307
228 0 8223
228 0 8224
228 0 8873
228 0 9003
229 0 8257
229 0 8281
229 0 9204
230 0 8204
230 0 8268
230 0 10194
230 0 10195
231 0 8208
231 0 8214
232 0 8223
232 0 8224
233 0 8208
233 0 8231
234 0 8208
234 0 8233
234 0 10052
235 0 8223
235 0 8238
235 0 9129
235 0 10415
236 0 8223
236 0 8307
236 0 9785
236 0 9896
237 0 8261
237 0 8292
237 0 8853
238 0 8208
238 0 8231
238 0 9614
239 0 8261
239 0 8285
239 0 8726
240 0 8295
240 0 8306
241 0 8295
241 0 8297
241 0 8610
242 0 8223
242 0 8339
242 0 9127
243 0 8223
243 0 8339
243 0 8354
243 0 10105
244 0 8208
244 0 8214
244 0 9386
244 0 10043
245 0 8223
245 0 8339
245 0 9570
246 0 8299
246 0 8336
246 0 10255
246 0 10443
247 0 8208
247 0 8218
247 0 10142
248 0 8223
248 0 8238
249 0 8261
249 0 8285
250 0 8292
250 0 8328
250 0 10405
251 0 8281
251 0 8305
251 0 9087
252 0 8247
252 0 8261
252 0 8824
253 0 8328
253 0 8329
254 0 8208
254 0 8308
254 0 8422
254 0 8423
255 0 8277
255 0 8288
255 0 8545
255 0 8992
256 0 8295
256 0 8319
257 0 8223
257 0 8339
257 0 10509
258 0 8295
258 0 8306
258 0 8555
259 0 8220
259 0 8222
259 0 8403
260 0 8230
260 0 8266
260 0 8657
260 0 9117
261 0 8208
261 0 8214
261 0 9979
262 0 8261
262 0 8285
262 0 8727
263 0 8227
263 0 8299
264 0 8220
264 0 8338
264 0 8394
264 0 8401
265 0 8220
265 0 8258
265 0 8348
265 0 8625
266 0 8223
266 0 8323
266 0 9490
266 0 10407
267 0 8223
267 0 8278
267 0 9404
268 0 8223
268 0 8339
268 0 10509
269 0 8223
269 0 8339
269 0 10093
270 0 8227
270 0 8299
271 0 8226
271 0 8270
271 0 10405
272 0 8270
272 0 8335
272 0 10561
273 0 8226
273 0 8270
274 0 8223
274 0 8323
274 0 10346
274 0 10372
275 0 8295
275 0 8297
275 0 9292
276 0 8208
276 0 8218
276 0 8439
276 0 8464
277 0 8223
277 0 8307
277 0 8605
277 0 10503
278 0 8248
278 0 8325
279 0 8223
279 0 8278
279 0 8516
279 0 8517
280 0 8223
280 0 8339
281 0 8208
281 0 8218
281 0 8986
281 0 9124
282 0 8223
282 0 8339
282 0 8640
283 0 8198
283 0 8270
283 0 8412
283 0 9167
284 0 8270
284 0 8335
284 0 10561
285 0 8223
285 0 8228
285 0 10541
285 0 10542
286 0 8270
286 0 8320
287 0 8261
287 0 8285
287 0 9926
288 0 8223
288 0 8307
288 0 10123
288 0 10124
289 0 8248
289 0 8276
289 0 9736
289 0 10571
290 0 8223
290 0 8307
290 0 9034
290 0 9035
291 0 8219
291 0 8223
291 0 10142
292 0 8261
292 0 8262
292 0 8824
292 0 9411
293 0 8261
293 0 8289
293 0 8595
293 0 9607
294 0 8266
294 0 8324
294 0 10263
294 0 10264
295 0 8277
295 0 8288
295 0 9706
295 0 10471
296 0 8204
296 0 8268
296 0 9052
297 0 8261
297 0 8289
297 0 10461
298 0 8223
298 0 8228
299 0 8248
299 0 8287
299 0 8879
299 0 10088
300 0 8220
300 0 8338
300 0 9092
301 0 8275
301 0 8295
301 0 9316
301 0 9568
302 0 8223
302 0 8339
303 0 8223
303 0 8224
303 0 9449
303 0 10275
304 0 8208
304 0 8231
305 0 8208
305 0 8231
305 0 8444
306 0 8220
306 0 8244
306 0 8403
307 0 8208
307 0 8233
307 0 10380
308 0 8208
308 0 8231
308 0 8444
308 0 8450
309 0 8270
309 0 8335
309 0 10449
309 0 10454
310 0 8208
310 0 8233
311 0 8208
311 0 8250
312 0 8295
312 0 8306
312 0 9291
312 0 9292
313 0 8226
313 0 8270
313 0 8871
313 0 9014
314 0 8299
314 0 8301
315 0 8208
315 0 8250
316 0 8223
316 0 8238
317 0 8261
317 0 8285
317 0 10192
318 0 8266
318 0 8312
319 0 8220
319 0 8244
319 0 10196
320 0 8220
320 0 8244
320 0 8403
320 0 8757
321 0 8261
321 0 8262
322 0 8223
322 0 8339
322 0 10482
323 0 8197
323 0 8253
323 0 9132
323 0 9787
324 0 8197
324 0 8253
324 0 8420
324 0 8912
325 0 8197
325 0 8253
325 0 8382
325 0 8510
326 0 8270
326 0 8335
327 0 8220
327 0 8338
327 0 8877
327 0 8994
328 0 8208
328 0 8231
329 0 8196
329 0 8220
329 0 8346
329 0 8348
330 0 8223
330 0 8339
331 0 8223
331 0 8339
332 0 8261
332 0 8292
332 0 8362
332 0 8457
333 0 8220
333 0 8338
333 0 10542
334 0 8223
334 0 8339
334 0 8628
335 0 8261
335 0 8292
336 0 8223
336 0 8339
337 0 8223
337 0 8339
338 0 8223
338 0 8307
338 0 9567
339 0 8208
339 0 8231
340 0 8208
340 0 8233
341 0 8223
341 0 8339
341 0 9338
342 0 8208
342 0 8231
343 0 8261
343 0 8285
343 0 10042
343 0 10388
344 0 8208
344 0 8214
344 0 10043
344 0 10324
345 0 8270
345 0 8317
345 0 9307
345 0 10172
346 0 8219
346 0 8223
346 0 9761
347 0 8223
347 0 8307
347 0 8852
347 0 10019
348 0 8223
348 0 8339
349 0 8208
349 0 8218
349 0 9644
349 0 10265
350 0 8295
350 0 8306
351 0 8223
351 0 8339
352 0 8299
352 0 8300
352 0 9628
353 0 8270
353 0 8317
353 0 8871
353 0 9540
354 0 8261
354 0 8292
354 0 8643
354 0 9690
355 0 8247
355 0 8261
355 0 10017
356 0 8268
356 0 8292
357 0 8292
357 0 8330
357 0 9456
358 0 8223
358 0 8339
359 0 8277
359 0 8288
359 0 9728
360 0 8208
360 0 8250
360 0 8444
360 0 8450
361 0 8261
361 0 8289
361 0 9649
362 0 8208
362 0 8231
363 0 8261
363 0 8292
363 0 9713
364 0 8223
364 0 8339
364 0 9896
364 0 10019
365 0 8270
365 0 8304
366 0 8223
366 0 8339
366 0 8693
366 0 10110
367 0 8197
367 0 8321
368 0 8223
368 0 8339
368 0 9570
369 0 8223
369 0 8307
369 0 8950
369 0 8954
370 0 8207
370 0 8270
371 0 8280
371 0 8295
372 0 8223
372 0 8278
372 0 8492
372 0 8906
373 0 8270
373 0 8304
374 0 8248
374 0 8274
374 0 9683
375 0 8223
375 0 8307
375 0 10171
376 0 8208
376 0 8231
376 0 8680
376 0 8891
377 0 8299
377 0 8336
377 0 8703
377 0 10450
378 0 8261
378 0 8289
378 0 10431
378 0 10435
379 0 8208
379 0 8231
380 0 8295
380 0 8297
381 0 8220
381 0 8338
381 0 10542
382 0 8208
382 0 8231
382 0 8628
382 0 8871
383 0 8235
383 0 8268
383 0 8594
383 0 8713
384 0 8208
384 0 8231
384 0 10202
385 0 8223
385 0 8307
385 0 8464
385 0 8950
386 0 8220
386 0 8222
386 0 8403
387 0 8295
387 0 8311
387 0 9050
387 0 9925
388 0 8208
388 0 8214
389 0 8261
389 0 8292
390 0 8328
390 0 8329
390 0 8703
391 0 8223
391 0 8307
391 0 8698
391 0 10473
392 0 8261
392 0 8262
392 0 8524
392 0 8532
393 0 8270
393 0 8320
393 0 9167
394 0 8220
394 0 8338
395 0 8219
395 0 8223
395 0 9882
396 0 8223
396 0 8339
397 0 8328
397 0 8329
398 0 8223
398 0 8339
398 0 9363
399 0 8208
399 0 8308
399 0 8422
399 0 8423
400 0 8208
400 0 8314
401 0 8277
401 0 8288
402 0 8261
402 0 8289
402 0 10431
402 0 10432
403 0 8223
403 0 8278
403 0 9404
403 0 9405
404 0 8248
404 0 8287
405 0 8223
405 0 8339
405 0 10542
406 0 8223
406 0 8278
407 0 8281
407 0 8305
408 0 8223
408 0 8339
408 0 8896
409 0 8270
409 0 8304
409 0 9246
409 0 9565
410 0 8223
410 0 8228
410 0 8444
410 0 9063
411 0 8223
411 0 8339
412 0 8208
412 0 8308
413 0 8204
413 0 8268
413 0 9052
414 0 8223
414 0 8339
414 0 9486
415 0 8241
415 0 8266
415 0 9280
416 0 8281
416 0 8284
416 0 9089
416 0 9190
417 0 8280
417 0 8295
418 0 8223
418 0 8339
419 0 8270
419 0 8317
420 0 8210
420 0 8295
421 0 8208
421 0 8214
421 0 8632
421 0 9566
422 0 8220
422 0 8338
422 0 10542
423 0 8261
423 0 8289
424 0 8219
424 0 8223
424 0 8488
424 0 8502
425 0 8220
425 0 8244
425 0 8417
426 0 8246
426 0 8295
426 0 9346
426 0 10426
427 0 8255
427 0 8295
427 0 9391
427 0 9392
428 0 8328
428 0 8329
429 0 8223
429 0 8307
429 0 10123
430 0 8208
430 0 8231
430 0 9086
430 0 9436
431 0 8223
431 0 8307
431 0 8698
431 0 10473
432 0 8220
432 0 8334
432 0 8403
432 0 9744
433 0 8220
433 0 8334
433 0 9744
434 0 8220
434 0 8244
434 0 9627
435 0 8208
435 0 8233
435 0 10430
435 0 10480
436 0 8223
436 0 8278
436 0 10078
436 0 10079
437 0 8223
437 0 8278
437 0 8478
437 0 9475
438 0 8223
438 0 8224
438 0 8445
439 0 8208
439 0 8273
440 0 8208
440 0 8233
440 0 10052
441 0 8230
441 0 8266
442 0 8223
442 0 8339
443 0 8204
443 0 8268
443 0 9052
443 0 9185
444 0 8208
444 0 8269
444 0 10060
444 0 10061
445 0 8223
445 0 8278
445 0 8467
445 0 9744
446 0 8223
446 0 8238
447 0 8223
447 0 8307
447 0 9489
447 0 9503
448 0 8197
448 0 8272
448 0 8950
448 0 10284
449 0 8196
449 0 8220
449 0 8348
450 0 8277
450 0 8288
450 0 9704
450 0 9713
451 0 8270
451 0 8335
452 0 8223
452 0 8339
453 0 8270
453 0 8317
453 0 9096
453 0 10172
454 0 8220
454 0 8237
454 0 10242
454 0 10409
455 0 8208
455 0 8214
455 0 9054
456 0 8220
456 0 8338
457 0 8220
457 0 8222
457 0 8404
458 0 8223
458 0 8339
459 0 8220
459 0 8338
460 0 8295
460 0 8306
461 0 8219
461 0 8223
461 0 8500
462 0 8223
462 0 8322
463 0 8223
463 0 8339
463 0 9489
464 0 8261
464 0 8292
464 0 10561
465 0 8223
465 0 8339
465 0 10509
466 0 8261
466 0 8262
466 0 9419
467 0 8261
467 0 8292
467 0 9873
467 0 9878
468 0 8223
468 0 8339
469 0 8208
469 0 8214
470 0 8234
470 0 8248
471 0 8210
471 0 8295
472 0 8208
472 0 8314
472 0 10503
473 0 8261
473 0 8292
473 0 9861
474 0 8292
474 0 8330
474 0 9456
475 0 8292
475 0 8330
475 0 9456
475 0 10352
476 0 8223
476 0 8339
477 0 8210
477 0 8295
478 0 8196
478 0 8220
478 0 8390
478 0 8403
479 0 8261
479 0 8292
479 0 8627
479 0 10224
480 0 8261
480 0 8292
480 0 8627
480 0 9144
481 0 8208
481 0 8231
481 0 8639
482 0 8223
482 0 8339
482 0 9503
483 0 8292
483 0 8295
484 0 8223
484 0 8339
485 0 8270
485 0 8271
485 0 9096
485 0 9099
486 0 8277
486 0 8288
486 0 9719
487 0 8223
487 0 8278
488 0 8207
488 0 8270
489 0 8223
489 0 8339
489 0 10078
490 0 8223
490 0 8307
490 0 8846
490 0 9839
491 0 8223
491 0 8339
491 0 9060
492 0 8223
492 0 8307
492 0 10052
493 0 8223
493 0 8339
493 0 10305
494 0 8223
494 0 8339
494 0 8693
494 0 9338
495 0 8295
495 0 8311
495 0 9873
495 0 9876
496 0 8261
496 0 8262
497 0 8295
497 0 8297
497 0 8790
498 0 8208
498 0 8218
498 0 8541
498 0 8986
499 0 8208
499 0 8233
499 0 8621
499 0 9010
500 0 8267
500 0 8295
500 0 9576
501 0 8261
501 0 8262
501 0 8690
501 0 8770
502 0 8261
502 0 8262
502 0 8690
502 0 8691
503 0 8261
503 0 8285
503 0 9343
503 0 10042
504 0 8230
504 0 8266
504 0 9316
505 0 8220
505 0 8222
505 0 9412
505 0 10005
506 0 8295
506 0 8297
507 0 8223
507 0 8322
507 0 8501
507 0 8873
508 0 8261
508 0 8292
508 0 8629
509 0 8270
509 0 8304
510 0 8270
510 0 8317
510 0 9307
510 0 9604
511 0 8295
511 0 8306
512 0 8223
512 0 8339
512 0 10124
513 0 8270
513 0 8335
513 0 10365
514 0 8266
514 0 8324
514 0 10044
515 0 8261
515 0 8292
515 0 8982
515 0 9144
516 0 8270
516 0 8317
517 0 8208
517 0 8231
518 0 8299
518 0 8336
518 0 8806
518 0 8809
519 0 8223
519 0 8224
520 0 8261
520 0 8285
520 0 8690
520 0 8766
521 0 8223
521 0 8339
521 0 8658
521 0 8759
522 0 8261
522 0 8292
522 0 9091
522 0 9775
523 0 8270
523 0 8320
524 0 8275
524 0 8295
524 0 9629
524 0 9685
525 0 8261
525 0 8289
525 0 9607
525 0 10404
526 0 8223
526 0 8307
526 0 10019
527 0 8210
527 0 8295
528 0 8223
528 0 8339
529 0 8220
529 0 8244
529 0 8399
530 0 8223
530 0 8307
531 0 8223
531 0 8278
531 0 9404
532 0 8208
532 0 8231
532 0 8444
533 0 8223
533 0 8238
533 0 8476
533 0 8772
534 0 8235
534 0 8268
534 0 9320
534 0 9372
535 0 8227
535 0 8299
535 0 8806
535 0 8808
536 0 8223
536 0 8307
536 0 10052
537 0 8261
537 0 8289
537 0 9607
537 0 10091
538 0 8242
538 0 8288
538 0 9299
538 0 10498
539 0 8295
539 0 8311
539 0 8701
540 0 8219
540 0 8223
540 0 9003
541 0 8223
541 0 8339
542 0 8270
542 0 8335
543 0 8270
543 0 8320
544 0 8208
544 0 8233
544 0 10380
545 0 8247
545 0 8261
545 0 8533
546 0 8245
546 0 8270
546 0 10234
546 0 10235
547 0 8261
547 0 8292
547 0 8950
547 0 8968
548 0 8223
548 0 8339
548 0 10541
549 0 8277
549 0 8288
549 0 8371
549 0 8950
550 0 8295
550 0 8296
550 0 10380
551 0 8277
551 0 8288
551 0 9706
551 0 10471
552 0 8248
552 0 8276
552 0 8798
553 0 8208
553 0 8231
554 0 8208
554 0 8250
555 0 8208
555 0 8308
555 0 8422
555 0 8423
556 0 8261
556 0 8262
556 0 9419
557 0 8261
557 0 8292
557 0 8947
557 0 8987
558 0 8261
558 0 8292
559 0 8328
559 0 8329
560 0 8223
560 0 8339
561 0 8223
561 0 8339
561 0 9339
562 0 8208
562 0 8254
562 0 8444
562 0 9064
563 0 8208
563 0 8292
564 0 8223
564 0 8307
564 0 8991
565 0 8208
565 0 8269
565 0 8678
565 0 9721
566 0 8240
566 0 8248
566 0 10219
566 0 10220
567 0 8261
567 0 8285
567 0 8524
567 0 8784
568 0 8295
568 0 8296
568 0 9430
568 0 9916
569 0 8223
569 0 8238
569 0 10409
570 0 8288
570 0 8316
570 0 8710
571 0 8220
571 0 8244
571 0 8403
572 0 8223
572 0 8339
572 0 8354
572 0 10105
573 0 8220
573 0 8292
574 0 8288
574 0 8291
574 0 9877
574 0 10142
575 0 8261
575 0 8289
575 0 9046
575 0 9047
576 0 8261
576 0 8292
576 0 9034
577 0 8208
577 0 8214
578 0 8223
578 0 8278
578 0 9672
579 0 8277
579 0 8288
579 0 9704
579 0 9715
580 0 8270
580 0 8317
580 0 9539
580 0 9540
581 0 8277
581 0 8288
581 0 9713
582 0 8196
582 0 8220
583 0 8270
583 0 8320
583 0 8540
584 0 8270
584 0 8335
585 0 8295
585 0 8297
586 0 8220
586 0 8244
586 0 8708
587 0 8268
587 0 8292
587 0 8610
587 0 9901
588 0 8275
588 0 8295
588 0 10083
588 0 10267
589 0 8270
589 0 8335
589 0 9744
589 0 9745
590 0 8220
590 0 8338
591 0 8270
591 0 8271
592 0 8295
592 0 8296
592 0 8547
592 0 9471
593 0 8261
593 0 8285
593 0 8663
594 0 8261
594 0 8262
595 0 8234
595 0 8248
596 0 8223
596 0 8322
597 0 8223
597 0 8339
597 0 8478
597 0 9672
598 0 8208
598 0 8250
599 0 8223
599 0 8339
599 0 8693
599 0 9338
600 0 8223
600 0 8339
601 0 8196
601 0 8220
601 0 8390
601 0 9545
602 0 8220
602 0 8338
602 0 10511
603 0 8230
603 0 8266
603 0 8657
603 0 9117
604 0 8223
604 0 8339
604 0 9570
604 0 9896
605 0 8208
605 0 8250
606 0 8210
606 0 8295
607 0 8223
607 0 8278
607 0 9475
607 0 10401
608 0 8261
608 0 8262
609 0 8261
609 0 8262
610 0 8223
610 0 8339
610 0 9896
611 0 8257
611 0 8281
612 0 8223
612 0 8307
612 0 9819
613 0 8270
613 0 8320
614 0 8226
614 0 8270
615 0 8223
615 0 8307
616 0 8261
616 0 8292
616 0 8970
616 0 9505
617 0 8220
617 0 8244
617 0 8994
617 0 9323
618 0 8223
618 0 8339
618 0 9570
619 0 8223
619 0 8278
619 0 9404
619 0 9405
620 0 8277
620 0 8288
620 0 9713
621 0 8267
621 0 8295
621 0 9808
622 0 8208
622 0 8250
623 0 8275
623 0 8295
623 0 9685
624 0 8261
624 0 8292
624 0 9284
624 0 10405
625 0 8223
625 0 8339
625 0 9761
626 0 8270
626 0 8317
626 0 10173
627 0 8261
627 0 8289
627 0 9724
627 0 9727
628 0 8223
628 0 8339
628 0 8478
629 0 8219
629 0 8223
630 0 8208
630 0 8233
630 0 8374
631 0 8196
631 0 8220
631 0 8390
631 0 9769
632 0 8208
632 0 8308
632 0 10025
633 0 8223
633 0 8339
633 0 9570
634 0 8223
634 0 8339
634 0 9570
635 0 8220
635 0 8338
635 0 10542
635 0 10559
636 0 8223
636 0 8339
637 0 8220
637 0 8237
638 0 8223
638 0 8339
638 0 9321
638 0 10078
639 0 8261
639 0 8285
639 0 8849
639 0 8935
640 0 8223
640 0 8307
641 0 8223
641 0 8238
642 0 8299
642 0 8336
642 0 10454
643 0 8208
643 0 8250
644 0 8261
644 0 8292
644 0 10127
644 0 10130
645 0 8223
645 0 8339
646 0 8223
646 0 8238
646 0 10409
647 0 8261
647 0 8292
647 0 9703
648 0 8208
648 0 8231
649 0 8223
649 0 8339
649 0 9486
650 0 8208
650 0 8250
650 0 10007
650 0 10333
651 0 8223
651 0 8339
652 0 8223
652 0 8339
652 0 8693
652 0 9486
653 0 8220
653 0 8338
653 0 9995
654 0 8208
654 0 8214
654 0 9386
655 0 8295
655 0 8311
655 0 10384
656 0 8223
656 0 8322
656 0 9065
656 0 9489
657 0 8281
657 0 8305
658 0 8223
658 0 8307
658 0 10052
659 0 8223
659 0 8307
659 0 8698
660 0 8223
660 0 8339
661 0 8261
661 0 8262
662 0 8223
662 0 8339
662 0 9486
663 0 8223
663 0 8339
663 0 10078
664 0 8198
664 0 8270
664 0 9295
665 0 8295
665 0 8306
666 0 8208
666 0 8218
666 0 8617
666 0 8954
667 0 8257
667 0 8281
668 0 8223
668 0 8307
668 0 8524
668 0 9290
669 0 8223
669 0 8339
669 0 8693
669 0 9338
670 0 8280
670 0 8295
670 0 10184
671 0 8220
671 0 8338
671 0 8403
671 0 8693
672 0 8220
672 0 8338
673 0 8223
673 0 8307
673 0 8697
673 0 8826
674 0 8261
674 0 8285
674 0 8824
675 0 8223
675 0 8339
676 0 8223
676 0 8307
676 0 10052
677 0 8261
677 0 8292
677 0 9713
677 0 10471
678 0 8220
678 0 8244
678 0 8994
678 0 9627
679 0 8208
679 0 8273
679 0 8628
680 0 8248
680 0 8276
681 0 8261
681 0 8285
681 0 9821
682 0 8270
682 0 8320
682 0 9954
683 0 8261
683 0 8285
683 0 8345
683 0 8688
684 0 8295
684 0 8327
684 0 9101
684 0 9103
685 0 8226
685 0 8270
685 0 9922
685 0 10173
686 0 8223
686 0 8307
686 0 9896
687 0 8208
687 0 8308
688 0 8223
688 0 8224
688 0 8423
688 0 9516
689 0 8270
689 0 8320
689 0 9444
690 0 8261
690 0 8262
690 0 8690
690 0 8766
691 0 8196
691 0 8220
691 0 8625
692 0 8220
692 0 8244
692 0 8708
692 0 8840
693 0 8220
693 0 8292
693 0 8403
693 0 9249
694 0 8223
694 0 8224
695 0 8261
695 0 8285
695 0 8426
695 0 9527
696 0 8223
696 0 8322
696 0 9038
697 0 8223
697 0 8307
697 0 9839
698 0 8223
698 0 8224
698 0 10124
699 0 8223
699 0 8339
699 0 9339
699 0 9744
700 0 8223
700 0 8339
700 0 8970
700 0 9723
701 0 8208
701 0 8218
701 0 10268
702 0 8220
702 0 8338
702 0 10110
702 0 10495
703 0 8223
703 0 8339
703 0 8629
704 0 8208
704 0 8218
704 0 9603
704 0 9625
705 0 8208
705 0 8218
705 0 9171
705 0 9999
706 0 8270
706 0 8320
707 0 8266
707 0 8292
707 0 9226
707 0 9566
708 0 8223
708 0 8278
708 0 8492
708 0 8512
709 0 8261
709 0 8292
709 0 10438
710 0 8277
710 0 8288
710 0 9713
711 0 8292
711 0 8328
711 0 10405
712 0 8292
712 0 8295
712 0 10368
713 0 8261
713 0 8292
713 0 8784
714 0 8223
714 0 8339
714 0 9497
714 0 9498
715 0 8277
715 0 8288
715 0 9713
716 0 8223
716 0 8238
716 0 9826
717 0 8288
717 0 8292
717 0 10375
718 0 8277
718 0 8288
718 0 9706
718 0 10471
719 0 8261
719 0 8285
719 0 8663
720 0 8223
720 0 8339
720 0 8478
720 0 10082
721 0 8208
721 0 8218
721 0 8964
722 0 8197
722 0 8253
722 0 8485
722 0 8993
723 0 8223
723 0 8339
723 0 9503
724 0 8261
724 0 8292
724 0 9338
725 0 8223
725 0 8307
725 0 8595
725 0 8617
726 0 8208
726 0 8214
726 0 10155
727 0 8223
727 0 8224
728 0 8223
728 0 8339
729 0 8261
729 0 8285
729 0 8410
729 0 8849
730 0 8261
730 0 8292
730 0 8346
730 0 10409
731 0 8223
731 0 8307
731 0 8698
731 0 10080
732 0 8223
732 0 8339
732 0 9570
733 0 8197
733 0 8272
733 0 8432
733 0 9136
734 0 8295
734 0 8306
734 0 9659
735 0 8226
735 0 8270
735 0 9048
735 0 9216
736 0 8261
736 0 8262
736 0 9419
737 0 8295
737 0 8297
738 0 8226
738 0 8270
739 0 8261
739 0 8285
740 0 8223
740 0 8339
740 0 8354
740 0 9547
741 0 8215
741 0 8270
741 0 8871
741 0 9659
742 0 8208
742 0 8250
743 0 8215
743 0 8270
743 0 8628
743 0 8871
744 0 8261
744 0 8285
744 0 9144
744 0 10224
745 0 8248
745 0 8276
746 0 8223
746 0 8238
746 0 10529
747 0 8223
747 0 8322
747 0 8423
747 0 10250
748 0 8220
748 0 8222
748 0 8403
749 0 8223
749 0 8278
749 0 9413
749 0 9744
750 0 8270
750 0 8271
750 0 9815
750 0 9816
751 0 8261
751 0 8285
751 0 8779
751 0 9376
752 0 8223
752 0 8307
753 0 8230
753 0 8266
754 0 8261
754 0 8292
754 0 9038
755 0 8223
755 0 8307
756 0 8223
756 0 8323
756 0 10229
756 0 10505
757 0 8257
757 0 8281
758 0 8223
758 0 8307
759 0 8220
759 0 8244
759 0 9590
760 0 8226
760 0 8270
760 0 9096
760 0 9099
761 0 8261
761 0 8292
762 0 8277
762 0 8288
762 0 9713
763 0 8277
763 0 8288
763 0 9706
764 0 8270
764 0 8317
764 0 10173
765 0 8277
765 0 8288
766 0 8277
766 0 8288
766 0 9719
767 0 8277
767 0 8288
767 0 9728
768 0 8210
768 0 8295
768 0 9719
769 0 8261
769 0 8285
769 0 9527
769 0 9926
770 0 8261
770 0 8285
771 0 8223
771 0 8339
772 0 8223
772 0 8339
773 0 8223
773 0 8339
773 0 9896
774 0 8261
774 0 8292
775 0 8199
775 0 8270
776 0 8267
776 0 8295
776 0 10180
777 0 8210
777 0 8295
777 0 9653
777 0 10242
778 0 8223
778 0 8238
778 0 10409
779 0 8223
779 0 8339
779 0 8693
780 0 8261
780 0 8262
781 0 8220
781 0 8292
781 0 9249
782 0 8223
782 0 8307
783 0 8261
783 0 8292
783 0 10019
784 0 8261
784 0 8285
784 0 9144
784 0 10224
785 0 8219
785 0 8223
785 0 9761
786 0 8223
786 0 8307
787 0 8277
787 0 8288
787 0 8953
787 0 9713
788 0 8230
788 0 8266
788 0 8657
788 0 9117
789 0 8208
789 0 8218
789 0 8986
789 0 9533
790 0 8197
790 0 8272
790 0 9240
791 0 8261
791 0 8262
791 0 8690
792 0 8223
792 0 8224
793 0 8223
793 0 8307
793 0 9896
794 0 8223
794 0 8278
794 0 10078
794 0 10079
795 0 8261
795 0 8285
795 0 10387
796 0 8270
796 0 8320
796 0 9605
797 0 8223
797 0 8307
798 0 8265
798 0 8299
799 0 8261
799 0 8292
799 0 10105
800 0 8223
800 0 8339
800 0 9503
800 0 10401
801 0 8223
801 0 8339
801 0 9343
801 0 10042
802 0 8202
802 0 8266
803 0 8223
803 0 8238
803 0 10050
803 0 10052
804 0 8223
804 0 8339
804 0 9299
804 0 10498
805 0 8295
805 0 8297
805 0 9574
806 0 8261
806 0 8285
806 0 8833
806 0 8845
807 0 8208
807 0 8218
807 0 8986
808 0 8295
808 0 8311
808 0 9736
809 0 8223
809 0 8322
810 0 8261
810 0 8292
810 0 8500
810 0 8507
811 0 8223
811 0 8307
811 0 10428
812 0 8230
812 0 8266
812 0 8596
812 0 9115
813 0 8292
813 0 8295
813 0 10215
813 0 10241
814 0 8223
814 0 8339
814 0 8478
814 0 8896
815 0 8223
815 0 8224
815 0 10254
815 0 10552
816 0 8261
816 0 8292
817 0 8198
817 0 8270
817 0 9167
818 0 8223
818 0 8339
818 0 8693
818 0 10495
819 0 8199
819 0 8270
819 0 8416
820 0 8295
820 0 8297
820 0 9808
821 0 8223
821 0 8339
822 0 8270
822 0 8271
822 0 8892
823 0 8223
823 0 8307
823 0 10503
824 0 8223
824 0 8307
824 0 10052
825 0 8223
825 0 8322
826 0 8248
826 0 8276
826 0 9734
827 0 8295
827 0 8311
828 0 8223
828 0 8339
828 0 8478
829 0 8199
829 0 8270
830 0 8223
830 0 8278
830 0 8478
830 0 8512
831 0 8220
831 0 8244
831 0 9434
832 0 8223
832 0 8339
832 0 9503
833 0 8223
833 0 8278
833 0 8467
833 0 10556
834 0 8261
834 0 8292
835 0 8270
835 0 8271
836 0 8208
836 0 8308
836 0 9941
837 0 8223
837 0 8307
837 0 8698
838 0 8270
838 0 8317
838 0 10173
839 0 8295
839 0 8297
840 0 8248
840 0 8276
840 0 8554
841 0 8223
841 0 8339
842 0 8219
842 0 8223
842 0 8970
842 0 9784
843 0 8270
843 0 8317
843 0 9540
843 0 10173
844 0 8223
844 0 8339
844 0 9038
845 0 8223
845 0 8339
846 0 8261
846 0 8292
846 0 9342
846 0 9615
847 0 8281
847 0 8282
847 0 9089
847 0 9779
848 0 8199
848 0 8270
848 0 8444
849 0 8197
849 0 8253
849 0 9361
849 0 9786
850 0 8223
850 0 8307
851 0 8223
851 0 8278
851 0 10556
852 0 8223
852 0 8307
852 0 8698
852 0 8994
853 0 8197
853 0 8272
853 0 8432
854 0 8208
854 0 8233
854 0 9472
854 0 9869
855 0 8223
855 0 8224
855 0 9038
855 0 9285
856 0 8261
856 0 8292
856 0 8433
856 0 8540
857 0 8223
857 0 8339
858 0 8261
858 0 8285
858 0 8849
859 0 8277
859 0 8288
859 0 9713
860 0 8261
860 0 8292
861 0 8223
861 0 8339
861 0 8640
861 0 8693
862 0 8208
862 0 8308
863 0 8277
863 0 8288
863 0 9706
864 0 8261
864 0 8292
864 0 8621
864 0 8622
865 0 8295
865 0 8306
866 0 8248
866 0 8287
866 0 9177
866 0 9351
867 0 8270
867 0 8320
868 0 8208
868 0 8218
869 0 8270
869 0 8320
869 0 10234
869 0 10235
870 0 8261
870 0 8289
871 0 8261
871 0 8262
872 0 8220
872 0 8338
873 0 8223
873 0 8322
873 0 9788
873 0 10250
874 0 8208
874 0 8308
874 0 9722
874 0 10405
875 0 8208
875 0 8231
876 0 8295
876 0 8297
877 0 8208
877 0 8231
877 0 9208
878 0 8208
878 0 8218
879 0 8223
879 0 8307
879 0 8533
879 0 8534
880 0 8198
880 0 8270
880 0 9167
880 0 9692
881 0 8295
881 0 8296
881 0 9430
881 0 9916
882 0 8223
882 0 8339
883 0 8208
883 0 8269
883 0 9440
884 0 8208
884 0 8233
884 0 8680
884 0 9200
885 0 8270
885 0 8320
885 0 9167
885 0 9463
886 0 8223
886 0 8339
886 0 8478
887 0 8223
887 0 8307
887 0 8846
887 0 9839
888 0 8261
888 0 8292
888 0 9542
889 0 8261
889 0 8285
889 0 9926
889 0 10230
890 0 8223
890 0 8339
891 0 8223
891 0 8238
891 0 10409
891 0 10452
892 0 8220
892 0 8338
892 0 8693
892 0 9338
893 0 8223
893 0 8322
894 0 8208
894 0 8273
894 0 10155
895 0 8208
895 0 8250
896 0 8220
896 0 8244
896 0 8403
896 0 8806
897 0 8223
897 0 8339
897 0 8478
898 0 8295
898 0 8297
899 0 8223
899 0 8278
900 0 8208
900 0 8214
900 0 9794
901 0 8295
901 0 8297
901 0 8790
902 0 8295
902 0 8297
903 0 8295
903 0 8297
904 0 8223
904 0 8339
905 0 8223
905 0 8339
905 0 9338
905 0 9339
906 0 8208
906 0 8290
907 0 8328
907 0 8329
908 0 8295
908 0 8296
908 0 9471
909 0 8223
909 0 8339
909 0 8478
909 0 8477
910 0 8220
910 0 8338
910 0 8403
910 0 9565
911 0 8261
911 0 8262
911 0 8449
911 0 8784
912 0 8223
912 0 8322
912 0 8531
913 0 8208
913 0 8231
914 0 8208
914 0 8326
915 0 8208
915 0 8233
915 0 8725
916 0 8261
916 0 8289
916 0 9727
916 0 10526
917 0 8261
917 0 8292
917 0 8697
917 0 9968
918 0 8223
918 0 8238
918 0 9260
918 0 9261
919 0 8261
919 0 8285
920 0 8223
920 0 8278
920 0 8467
920 0 8472
921 0 8261
921 0 8262
921 0 8457
922 0 8216
922 0 8295
922 0 8893
922 0 8898
923 0 8197
923 0 8272
924 0 8270
924 0 8317
925 0 8208
925 0 8308
926 0 8275
926 0 8295
926 0 8538
926 0 9685
927 0 8208
927 0 8214
927 0 9115
928 0 8261
928 0 8285
928 0 8726
928 0 10175
929 0 8295
929 0 8297
930 0 8247
930 0 8261
930 0 8836
930 0 8848
931 0 8220
931 0 8338
931 0 8399
931 0 8994
932 0 8197
932 0 8253
932 0 9227
932 0 9228
933 0 8208
933 0 8231
934 0 8226
934 0 8270
935 0 8223
935 0 8228
935 0 10202
936 0 8223
936 0 8339
937 0 8261
937 0 8292
937 0 8541
937 0 8986
938 0 8255
938 0 8295
938 0 9391
938 0 10279
939 0 8261
939 0 8262
939 0 10157
939 0 10405
940 0 8196
940 0 8220
941 0 8281
941 0 8292
941 0 8561
942 0 8220
942 0 8292
942 0 10242
943 0 8196
943 0 8220
943 0 8480
943 0 8730
944 0 8196
944 0 8220
945 0 8208
945 0 8250
946 0 8268
946 0 8292
946 0 8628
947 0 8223
947 0 8339
947 0 8640
947 0 8693
948 0 8208
948 0 8326
948 0 10405
949 0 8247
949 0 8261
949 0 10077
950 0 8216
950 0 8295
950 0 8349
951 0 8196
951 0 8220
951 0 8834
951 0 8995
952 0 8248
952 0 8274
952 0 9076
952 0 9683
953 0 8248
953 0 8276
953 0 8798
954 0 8197
954 0 8272
954 0 8787
954 0 9625
955 0 8223
955 0 8228
955 0 10542
956 0 8328
956 0 8329
956 0 9853
957 0 8223
957 0 8322
957 0 9643
958 0 8295
958 0 8306
959 0 8223
959 0 8307
959 0 9501
959 0 9505
960 0 8261
960 0 8262
961 0 8247
961 0 8261
961 0 10429
962 0 8247
962 0 8261
962 0 8438
962 0 9183
963 0 8223
963 0 8339
963 0 9896
964 0 8223
964 0 8278
964 0 10401
965 0 8261
965 0 8292
966 0 8223
966 0 8278
966 0 9475
966 0 10401
967 0 8261
967 0 8285
968 0 8223
968 0 8339
969 0 8223
969 0 8339
969 0 10510
970 0 8223
970 0 8339
970 0 9339
971 0 8261
971 0 8285
971 0 8488
971 0 8491
972 0 8220
972 0 8244
973 0 8220
973 0 8334
973 0 10423
974 0 8270
974 0 8320
974 0 9167
975 0 8208
975 0 8231
976 0 8270
976 0 8320
977 0 8208
977 0 8231
977 0 8435
978 0 8288
978 0 8291
978 0 8971
978 0 9875
979 0 8208
979 0 8233
979 0 8434
980 0 8255
980 0 8295
981 0 8248
981 0 8274
981 0 9109
981 0 9113
982 0 8261
982 0 8285
982 0 9144
983 0 8265
983 0 8299
983 0 9949
984 0 8223
984 0 8238
984 0 9912
984 0 9914
985 0 8208
985 0 8308
985 0 10027
986 0 8227
986 0 8299
986 0 9817
987 0 8223
987 0 8307
988 0 8197
988 0 8272
989 0 8261
989 0 8292
990 0 8295
990 0 8297
991 0 8223
991 0 8339
991 0 9896
992 0 8223
992 0 8224
993 0 8261
993 0 8262
994 0 8261
994 0 8292
994 0 10464
995 0 8223
995 0 8307
995 0 8627
995 0 9144
996 0 8270
996 0 8317
996 0 9208
997 0 8223
997 0 8278
997 0 10078
997 0 10079
998 0 8226
998 0 8270
998 0 10381
998 0 10506
999 0 8295
999 0 8311
999 0 8479
1000 0 8223
1000 0 8238
1000 0 9258
1000 0 10452
1001 0 8223
1001 0 8339
1001 0 9289
1002 0 8197
1002 0 8321
1003 0 8261
1003 0 8285
1003 0 10520
1003 0 10537
1004 0 8227
1004 0 8299
1005 0 8197
1005 0 8272
1006 0 8208
1006 0 8218
1007 0 8198
1007 0 8270
1007 0 9167
1007 0 9692
1008 0 8295
1008 0 8297
1009 0 8223
1009 0 8339
1010 0 8261
1010 0 8262
1010 0 10007
1010 0 10011
1011 0 8261
1011 0 8285
1011 0 8449
1011 0 8784
1012 0 8208
1012 0 8231
1012 0 8910
1013 0 8223
1013 0 8307
1013 0 8697
1013 0 9243
1014 0 8223
1014 0 8339
1014 0 8693
1015 0 8261
1015 0 8289
1015 0 9607
1016 0 8234
1016 0 8248
1016 0 9961
1016 0 10442
1017 0 8295
1017 0 8297
1017 0 8919
1017 0 9113
1018 0 8230
1018 0 8266
1018 0 8657
1018 0 9117
1019 0 8223
1019 0 8238
1019 0 9432
1019 0 10409
1020 0 8295
1020 0 8311
1020 0 9920
1021 0 8277
1021 0 8288
1021 0 9706
1022 0 8223
1022 0 8339
1022 0 10498
1023 0 8223
1023 0 8339
1023 0 10542
1024 0 8261
1024 0 8292
1024 0 8540
1024 0 8983
1025 0 8261
1025 0 8285
1025 0 8766
1025 0 8769
1026 0 8208
1026 0 8231
1026 0 10202
1027 0 8247
1027 0 8261
1027 0 10017
1028 0 8261
1028 0 8262
1028 0 9365
1028 0 9700
1029 0 8208
1029 0 8231
1029 0 10202
1030 0 8197
1030 0 8272
1031 0 8230
1031 0 8266
1032 0 8223
1032 0 8339
1032 0 8478
1033 0 8223
1033 0 8339
1033 0 9040
1033 0 9338
1034 0 8208
1034 0 8231
1034 0 10202
1035 0 8295
1035 0 8311
1035 0 9965
1035 0 10573
1036 0 8270
1036 0 8320
1036 0 10561
1037 0 8248
1037 0 8276
1037 0 8554
1038 0 8261
1038 0 8292
1038 0 8506
1038 0 10191
1039 0 8240
1039 0 8248
1040 0 8223
1040 0 8339
1040 0 8354
1040 0 8478
1041 0 8223
1041 0 8339
1041 0 9484
1042 0 8223
1042 0 8339
1042 0 10321
1042 0 10500
1043 0 8223
1043 0 8339
1043 0 9894
1043 0 9896
1044 0 8223
1044 0 8278
1044 0 9404
1044 0 10557
1045 0 8208
1045 0 8250
1045 0 8628
1046 0 8281
1046 0 8337
1047 0 8208
1047 0 8218
1047 0 8678
1047 0 9721
1048 0 8220
1048 0 8334
1048 0 8512
1048 0 9744
1049 0 8281
1049 0 8337
1050 0 8261
1050 0 8292
1051 0 8255
1051 0 8295
1051 0 8632
1052 0 8223
1052 0 8339
1052 0 9635
1053 0 8208
1053 0 8250
1054 0 8268
1054 0 8332
1055 0 8270
1055 0 8317
1055 0 9540
1056 0 8261
1056 0 8285
1056 0 9038
1056 0 9858
1057 0 8223
1057 0 8238
1057 0 8625
1057 0 10409
1058 0 8261
1058 0 8262
1058 0 9708
1059 0 8223
1059 0 8238
1059 0 9503
1059 0 9962
1060 0 8223
1060 0 8339
1060 0 10542
1061 0 8220
1061 0 8338
1061 0 8693
1061 0 9338
1062 0 8219
1062 0 8223
1062 0 8970
1062 0 9723
1063 0 8223
1063 0 8224
1063 0 8872
1063 0 8873
1064 0 8261
1064 0 8285
1064 0 9600
1065 0 8223
1065 0 8278
1065 0 8467
1066 0 8199
1066 0 8270
1066 0 8416
1067 0 8223
1067 0 8339
1068 0 8248
1068 0 8341
1068 0 9683
1068 0 10560
1069 0 8295
1069 0 8297
1069 0 8544
1070 0 8223
1070 0 8339
1071 0 8270
1071 0 8335
1072 0 8208
1072 0 8233
1072 0 8621
1072 0 8627
1073 0 8223
1073 0 8238
1073 0 9249
1074 0 8196
1074 0 8220
1075 0 8208
1075 0 8269
1075 0 9331
1075 0 10405
1076 0 8208
1076 0 8269
1076 0 9710
1077 0 8223
1077 0 8307
1077 0 8427
1077 0 9486
1078 0 8223
1078 0 8278
1078 0 8467
1079 0 8223
1079 0 8278
1080 0 8295
1080 0 8306
1080 0 10014
1081 0 8223
1081 0 8224
1081 0 8576
1082 0 8196
1082 0 8220
1082 0 10518
1083 0 8223
1083 0 8307
1083 0 9501
1083 0 9505
1084 0 8261
1084 0 8292
1084 0 9723
1084 0 10144
1085 0 8223
1085 0 8322
1085 0 9788
1085 0 10250
1086 0 8223
1086 0 8339
1086 0 8478
1086 0 8477
1087 0 8261
1087 0 8262
1087 0 9501
1087 0 10019
1088 0 8223
1088 0 8307
1089 0 8261
1089 0 8285
1089 0 8449
1089 0 8457
1090 0 8220
1090 0 8338
1090 0 8693
1090 0 9338
1091 0 8223
1091 0 8307
1091 0 10124
1091 0 10493
1092 0 8223
1092 0 8307
1092 0 9839
1092 0 10019
1093 0 8277
1093 0 8288
1093 0 9704
1093 0 9722
1094 0 8223
1094 0 8238
1094 0 10073
1095 0 8270
1095 0 8320
1096 0 8223
1096 0 8339
1096 0 8693
1096 0 9338
1097 0 8208
1097 0 8231
1098 0 8277
1098 0 8288
1098 0 9704
1098 0 9706
1099 0 8261
1099 0 8289
1100 0 8223
1100 0 8339
1101 0 8213
1101 0 8299
1101 0 9222
1102 0 8223
1102 0 8322
1102 0 8627
1102 0 9144
1103 0 8223
1103 0 8278
1103 0 9474
1103 0 10541
1104 0 8223
1104 0 8307
1104 0 9273
1104 0 10343
1105 0 8208
1105 0 8250
1106 0 8208
1106 0 8326
1106 0 8444
1107 0 8295
1107 0 8311
1107 0 8358
1107 0 9377
1108 0 8223
1108 0 8339
1108 0 10509
1109 0 8261
1109 0 8292
1109 0 9704
1109 0 9722
1110 0 8220
1110 0 8244
1110 0 8399
1110 0 8401
1111 0 8226
1111 0 8270
1111 0 9605
1111 0 10234
1112 0 8261
1112 0 8262
1112 0 8457
1113 0 8261
1113 0 8292
1113 0 8950
1113 0 8962
1114 0 8223
1114 0 8307
1114 0 9840
1114 0 10052
1115 0 8223
1115 0 8339
1115 0 10121
1116 0 8220
1116 0 8338
1117 0 8223
1117 0 8238
1118 0 8261
1118 0 8285
1119 0 8223
1119 0 8238
1119 0 10453
1120 0 8208
1120 0 8231
1121 0 8223
1121 0 8339
1121 0 8456
1122 0 8255
1122 0 8295
1122 0 9939
1123 0 8223
1123 0 8224
1124 0 8270
1124 0 8317
1124 0 10173
1124 0 10559
1125 0 8223
1125 0 8307
1125 0 9896
1126 0 8223
1126 0 8339
1126 0 9084
1127 0 8261
1127 0 8262
1127 0 8690
1127 0 8766
1128 0 8223
1128 0 8339
1128 0 8478
1129 0 8223
1129 0 8339
1130 0 8220
1130 0 8338
1131 0 8220
1131 0 8338
1132 0 8223
1132 0 8339
1132 0 8478
1133 0 8223
1133 0 8224
1133 0 9284
1134 0 8227
1134 0 8299
1134 0 8806
1134 0 8809
1135 0 8208
1135 0 8233
1136 0 8198
1136 0 8270
1136 0 9167
1137 0 8216
1137 0 8295
1137 0 8444
1137 0 8450
1138 0 8261
1138 0 8262
1138 0 8690
1138 0 8766
1139 0 8223
1139 0 8339
1140 0 8223
1140 0 8339
1141 0 8208
1141 0 8250
1142 0 8223
1142 0 8339
1142 0 8478
1143 0 8328
1143 0 8329
1143 0 8703
1143 0 10405
1144 0 8223
1144 0 8224
1144 0 9003
1145 0 8197
1145 0 8272
1145 0 8463
1145 0 8950
1146 0 8220
1146 0 8338
1146 0 8399
1146 0 8401
1147 0 8208
1147 0 8250
1148 0 8261
1148 0 8262
1148 0 8578
1148 0 8642
1149 0 8223
1149 0 8339
1149 0 8401
1149 0 8405
1150 0 8255
1150 0 8295
1151 0 8223
1151 0 8278
1151 0 9475
1152 0 8295
1152 0 8311
1153 0 8220
1153 0 8338
1153 0 8693
1153 0 9338
1154 0 8223
1154 0 8278
1155 0 8223
1155 0 8278
1155 0 9555
1156 0 8223
1156 0 8307
1157 0 8220
1157 0 8237
1158 0 8277
1158 0 8288
1158 0 10197
1159 0 8223
1159 0 8278
1159 0 9404
1159 0 9405
1160 0 8208
1160 0 8218
1160 0 8678
1160 0 9721
1161 0 8223
1161 0 8339
1161 0 8478
1161 0 9503
1162 0 8220
1162 0 8237
1162 0 8625
1162 0 8626
1163 0 8223
1163 0 8339
1164 0 8261
1164 0 8292
1164 0 8484
1165 0 8208
1165 0 8233
1166 0 8208
1166 0 8290
1167 0 8223
1167 0 8238
1167 0 10410
1167 0 10452
1168 0 8208
1168 0 8233
1168 0 9090
1168 0 10380
1169 0 8223
1169 0 8238
1169 0 10415
1170 0 8223
1170 0 8339
1170 0 8693
1170 0 9338
1171 0 8223
1171 0 8307
1172 0 8223
1172 0 8278
1172 0 9474
1172 0 9475
1173 0 8223
1173 0 8339
1174 0 8208
1174 0 8218
1175 0 8223
1175 0 8323
1175 0 9653
1175 0 10349
1176 0 8295
1176 0 8319
1177 0 8266
1177 0 8324
1178 0 8223
1178 0 8307
1178 0 9907
1178 0 10052
1179 0 8223
1179 0 8278
1179 0 8467
1179 0 8474
1180 0 8223
1180 0 8238
1181 0 8223
1181 0 8307
1181 0 8698
1182 0 8208
1182 0 8250
1182 0 10234
1182 0 10235
1183 0 8208
1183 0 8254
1183 0 9109
1183 0 9112
1184 0 8227
1184 0 8299
1184 0 10204
1185 0 8223
1185 0 8339
1186 0 8277
1186 0 8288
1186 0 9720
1186 0 9744
1187 0 8207
1187 0 8270
1187 0 10561
1188 0 8208
1188 0 8231
1189 0 8261
1189 0 8285
1190 0 8261
1190 0 8285
1190 0 8449
1190 0 8457
1191 0 8223
1191 0 8307
1192 0 8223
1192 0 8339
1192 0 10495
1193 0 8223
1193 0 8339
1193 0 10078
1193 0 10467
1194 0 8208
1194 0 8250
1194 0 9978
1195 0 8208
1195 0 8233
1196 0 8223
1196 0 8339
1196 0 9503
1197 0 8277
1197 0 8288
1197 0 9713
1197 0 9722
1198 0 8208
1198 0 8250
1199 0 8208
1199 0 8308
1200 0 8208
1200 0 8218
1200 0 8540
1201 0 8210
1201 0 8295
1202 0 8270
1202 0 8317
1202 0 9540
1203 0 8270
1203 0 8317
1203 0 10173
1204 0 8208
1204 0 8231
1205 0 8261
1205 0 8285
1205 0 8484
1205 0 8576
1206 0 8295
1206 0 8297
1206 0 9429
1207 0 8220
1207 0 8237
1207 0 8480
1207 0 8730
1208 0 8208
1208 0 8231
1209 0 8248
1209 0 8276
1209 0 8790
1209 0 8798
1210 0 8223
1210 0 8238
1210 0 10209
1210 0 10453
1211 0 8220
1211 0 8338
1211 0 8693
1211 0 8694
1212 0 8223
1212 0 8278
1212 0 9744
1213 0 8208
1213 0 8231
1213 0 8803
1213 0 9096
1214 0 8208
1214 0 8231
1214 0 8914
1215 0 8261
1215 0 8292
1216 0 8215
1216 0 8270
1216 0 8884
1217 0 8223
1217 0 8323
1217 0 10347
1218 0 8261
1218 0 8262
1218 0 10431
1218 0 10432
1219 0 8261
1219 0 8292
1220 0 8270
1220 0 8317
1221 0 8261
1221 0 8285
1221 0 9477
1222 0 8220
1222 0 8244
1222 0 8403
1223 0 8270
1223 0 8335
1223 0 10507
1224 0 8208
1224 0 8218
1224 0 8937
1224 0 9721
1225 0 8223
1225 0 8339
1225 0 8693
1225 0 9338
1226 0 8223
1226 0 8339
1226 0 8478
1226 0 10078
1227 0 8223
1227 0 8278
1227 0 8474
1227 0 9555
1228 0 8261
1228 0 8285
1229 0 8261
1229 0 8285
1229 0 8987
1230 0 8299
1230 0 8301
1231 0 8220
1231 0 8338
1231 0 8403
1232 0 8277
1232 0 8288
1233 0 8223
1233 0 8307
1233 0 8467
1233 0 9501
1234 0 8261
1234 0 8285
1234 0 8849
1235 0 8223
1235 0 8307
1235 0 8467
1235 0 9555
1236 0 8277
1236 0 8288
1236 0 9706
1236 0 10471
1237 0 8277
1237 0 8288
1237 0 9713
1237 0 10471
1238 0 8248
1238 0 8318
1238 0 9771
1239 0 8223
1239 0 8322
1240 0 8295
1240 0 8297
1240 0 10098
1241 0 8223
1241 0 8278
1241 0 8384
1241 0 9744
1242 0 8208
1242 0 8231
1243 0 8220
1243 0 8222
1243 0 8401
1244 0 8261
1244 0 8285
1244 0 8766
1245 0 8208
1245 0 8290
1246 0 8223
1246 0 8307
1246 0 10052
1247 0 8261
1247 0 8289
1247 0 9867
1248 0 8208
1248 0 8214
1249 0 8223
1249 0 8224
1250 0 8223
1250 0 8307
1251 0 8277
1251 0 8288
1251 0 9704
1251 0 9715
1252 0 8223
1252 0 8339
1252 0 8640
1253 0 8208
1253 0 8290
1253 0 10234
1254 0 8270
1254 0 8320
1255 0 8261
1255 0 8262
1255 0 10078
1255 0 10079
1256 0 8261
1256 0 8262
1257 0 8223
1257 0 8339
1257 0 10078
1258 0 8223
1258 0 8322
1258 0 10139
1259 0 8223
1259 0 8238
1259 0 9255
1260 0 8261
1260 0 8289
1260 0 8524
1260 0 9038
1261 0 8223
1261 0 8228
1262 0 8208
1262 0 8250
1262 0 8444
1263 0 8223
1263 0 8339
1264 0 8268
1264 0 8332
1265 0 8223
1265 0 8307
1265 0 10006
1265 0 10022
1266 0 8223
1266 0 8278
1267 0 8220
1267 0 8237
1267 0 9904
1268 0 8270
1268 0 8320
1268 0 9444
1269 0 8208
1269 0 8269
1269 0 8672
1269 0 8687
1270 0 8208
1270 0 8273
1270 0 8639
1270 0 10155
1271 0 8328
1271 0 8329
1271 0 10405
1272 0 8208
1272 0 8231
1273 0 8208
1273 0 8310
1274 0 8248
1274 0 8318
1274 0 9476
1274 0 10534
1275 0 8226
1275 0 8270
1275 0 9659
1275 0 9660
1276 0 8208
1276 0 8231
1276 0 9704
1276 0 9710
1277 0 8223
1277 0 8224
1278 0 8223
1278 0 8339
1278 0 8362
1278 0 8457
1279 0 8299
1279 0 8336
1279 0 10450
1279 0 10451
1280 0 8295
1280 0 8297
1280 0 9558
1280 0 9559
1281 0 8223
1281 0 8339
1281 0 9127
1281 0 9486
1282 0 8223
1282 0 8278
1282 0 9404
1282 0 9406
1283 0 8223
1283 0 8224
1283 0 8595
1283 0 8644
1284 0 8223
1284 0 8278
1284 0 9403
1284 0 9404
1285 0 8223
1285 0 8278
1285 0 9404
1285 0 9405
1286 0 8223
1286 0 8238
1286 0 8467
1287 0 8223
1287 0 8278
1287 0 9404
1287 0 9405
1288 0 8223
1288 0 8339
1288 0 9513
1289 0 8261
1289 0 8285
1289 0 8908
1290 0 8223
1290 0 8307
1291 0 8223
1291 0 8339
1292 0 8208
1292 0 8218
1293 0 8223
1293 0 8278
1293 0 9475
1294 0 8223
1294 0 8339
1294 0 8640
1295 0 8223
1295 0 8339
1295 0 8640
1296 0 8220
1296 0 8292
1297 0 8219
1297 0 8223
1297 0 9079
1297 0 9542
1298 0 8223
1298 0 8278
1298 0 9404
1298 0 9744
1299 0 8208
1299 0 8233
1299 0 9144
1300 0 8223
1300 0 8278
1301 0 8223
1301 0 8322
1302 0 8223
1302 0 8339
1303 0 8208
1303 0 8231
1304 0 8223
1304 0 8322
1304 0 10170
1305 0 8208
1305 0 8233
1305 0 8914
1305 0 8915
1306 0 8219
1306 0 8223
1306 0 8815
1306 0 8963
1307 0 8208
1307 0 8231
1307 0 8827
1307 0 9580
1308 0 8257
1308 0 8281
1309 0 8223
1309 0 8339
1310 0 8223
1310 0 8322
1311 0 8223
1311 0 8339
1311 0 8640
1312 0 8277
1312 0 8288
1313 0 8223
1313 0 8339
1313 0 9284
1313 0 9285
1314 0 8223
1314 0 8339
1314 0 9504
1315 0 8223
1315 0 8339
1315 0 10401
1316 0 8261
1316 0 8262
1316 0 8576
1316 0 9531
1317 0 8223
1317 0 8339
1317 0 9570
1318 0 8223
1318 0 8307
1318 0 10123
1319 0 8208
1319 0 8218
1319 0 9079
1319 0 9542
1320 0 8223
1320 0 8339
1320 0 10094
1321 0 8208
1321 0 8214
1321 0 9179
1322 0 8223
1322 0 8339
1322 0 8640
1322 0 10110
1323 0 8223
1323 0 8339
1323 0 10078
1324 0 8223
1324 0 8278
1325 0 8223
1325 0 8322
1325 0 8846
1325 0 8848
1326 0 8248
1326 0 8274
1326 0 9683
1327 0 8223
1327 0 8339
1327 0 8693
1327 0 9338
1328 0 8223
1328 0 8339
1329 0 8223
1329 0 8339
1330 0 8223
1330 0 8339
1330 0 10078
1331 0 8295
1331 0 8297
1331 0 9574
1332 0 8208
1332 0 8218
1332 0 8497
1333 0 8223
1333 0 8322
1334 0 8223
1334 0 8323
1335 0 8261
1335 0 8285
1335 0 10575
1335 0 8845
1336 0 8223
1336 0 8238
1336 0 8631
1336 0 9258
1337 0 8230
1337 0 8266
1338 0 8223
1338 0 8339
1338 0 9503
1339 0 8208
1339 0 8252
1340 0 8270
1340 0 8317
1340 0 10173
1341 0 8223
1341 0 8307
1342 0 8223
1342 0 8339
1342 0 10542
1343 0 8220
1343 0 8338
1343 0 10542
1344 0 8223
1344 0 8278
1344 0 8564
1344 0 9404
1345 0 8220
1345 0 8292
1346 0 8261
1346 0 8292
1346 0 8986
1346 0 9643
1347 0 8223
1347 0 8323
1347 0 10242
1347 0 10250
1348 0 8208
1348 0 8231
1349 0 8223
1349 0 8339
1350 0 8248
1350 0 8318
1350 0 10534
1351 0 8288
1351 0 8291
1351 0 8970
1351 0 9875
1352 0 8208
1352 0 8214
1353 0 8230
1353 0 8266
1353 0 9115
1353 0 9121
1354 0 8223
1354 0 8278
1354 0 9404
1354 0 9405
1355 0 8292
1355 0 8299
1356 0 8208
1356 0 8214
1356 0 9214
1357 0 8223
1357 0 8307
1357 0 8846
1357 0 10019
1358 0 8277
1358 0 8288
1358 0 8838
1358 0 9706
1359 0 8261
1359 0 8285
1359 0 8627
1359 0 10224
1360 0 8261
1360 0 8292
1360 0 9337
1360 0 9703
1361 0 8248
1361 0 8292
1362 0 8223
1362 0 8278
1362 0 8512
1362 0 9404
1363 0 8277
1363 0 8288
1363 0 9704
1363 0 9706
1364 0 8208
1364 0 8231
1365 0 8295
1365 0 8297
1365 0 8798
1366 0 8223
1366 0 8307
1367 0 8208
1367 0 8231
1367 0 8444
1368 0 8223
1368 0 8322
1368 0 8872
1368 0 8874
1369 0 8220
1369 0 8334
1369 0 9820
1370 0 8223
1370 0 8307
1371 0 8223
1371 0 8307
1372 0 8220
1372 0 8338
1373 0 8223
1373 0 8307
1374 0 8223
1374 0 8278
1374 0 9753
1375 0 8223
1375 0 8307
1376 0 8208
1376 0 8233
1376 0 9090
1376 0 9869
1377 0 8223
1377 0 8339
1378 0 8277
1378 0 8288
1378 0 9722
1378 0 10027
1379 0 8277
1379 0 8288
1379 0 9713
1380 0 8220
1380 0 8338
1380 0 10542
1381 0 8208
1381 0 8231
1381 0 8666
1381 0 8687
1382 0 8223
1382 0 8307
1383 0 8226
1383 0 8270
1383 0 9014
1384 0 8207
1384 0 8270
1385 0 8270
1385 0 8320
1385 0 9014
1385 0 9167
1386 0 8223
1386 0 8278
1387 0 8295
1387 0 8297
1387 0 10098
1388 0 8208
1388 0 8290
1388 0 10214
1389 0 8208
1389 0 8231
1390 0 8295
1390 0 8306
1390 0 10014
1391 0 8208
1391 0 8231
1392 0 8270
1392 0 8320
1392 0 9444
1393 0 8226
1393 0 8270
1394 0 8295
1394 0 8311
1395 0 8223
1395 0 8278
1395 0 9404
1396 0 8230
1396 0 8266
1396 0 9118
1396 0 9754
1397 0 8223
1397 0 8307
1397 0 9839
1398 0 8247
1398 0 8261
1398 0 9066
1399 0 8208
1399 0 8250
1400 0 8275
1400 0 8295
1400 0 9629
1400 0 9684
1401 0 8295
1401 0 8296
1401 0 8621
1401 0 8914
1402 0 8270
1402 0 8320
1402 0 9014
1402 0 9167
1403 0 8223
1403 0 8307
1403 0 9501
1404 0 8223
1404 0 8339
1405 0 8261
1405 0 8262
1405 0 8845
1405 0 10052
1406 0 8223
1406 0 8339
1406 0 8478
1406 0 9205
1407 0 8208
1407 0 8218
1408 0 8220
1408 0 8244
1409 0 8261
1409 0 8285
1409 0 8457
1409 0 8784
1410 0 8223
1410 0 8339
1410 0 9048
1410 0 9188
1411 0 8219
1411 0 8223
1411 0 8617
1411 0 8950
1412 0 8223
1412 0 8278
1412 0 9475
1413 0 8223
1413 0 8278
1414 0 8223
1414 0 8278
1414 0 9404
1414 0 9406
1415 0 8260
1415 0 8288
1416 0 8208
1416 0 8214
1416 0 10043
1417 0 8270
1417 0 8320
1418 0 8219
1418 0 8223
1418 0 9707
1418 0 9723
1419 0 8208
1419 0 8218
1419 0 8986
1419 0 9643
1420 0 8208
1420 0 8250
1420 0 9208
1421 0 8223
1421 0 8307
1421 0 8478
1422 0 8219
1422 0 8223
1422 0 9723
1422 0 10143
1423 0 8208
1423 0 8233
1424 0 8240
1424 0 8248
1424 0 8487
1425 0 8208
1425 0 8233
1425 0 8621
1425 0 8914
1426 0 8208
1426 0 8231
1427 0 8230
1427 0 8266
1428 0 8223
1428 0 8278
1428 0 8467
1428 0 8470
1429 0 8219
1429 0 8223
1429 0 8617
1429 0 8970
1430 0 8197
1430 0 8272
1430 0 8893
1431 0 8197
1431 0 8272
1432 0 8223
1432 0 8339
1432 0 8640
1432 0 9338
1433 0 8197
1433 0 8253
1434 0 8261
1434 0 8289
1434 0 10173
1434 0 10542
1435 0 8223
1435 0 8238
1435 0 9254
1435 0 9260
1436 0 8230
1436 0 8266
1437 0 8220
1437 0 8244
1437 0 8403
1437 0 9947
1438 0 8220
1438 0 8338
1438 0 10542
1439 0 8219
1439 0 8223
1439 0 9704
1439 0 9709
1440 0 8234
1440 0 8248
1441 0 8208
1441 0 8231
1441 0 8444
1442 0 8245
1442 0 8270
1443 0 8223
1443 0 8278
1443 0 8467
1443 0 8474
1444 0 8270
1444 0 8317
1445 0 8220
1445 0 8237
1445 0 9413
1446 0 8223
1446 0 8339
1446 0 10078
1446 0 10094
1447 0 8223
1447 0 8307
1447 0 9503
1448 0 8270
1448 0 8320
1449 0 8288
1449 0 8291
1449 0 8970
1449 0 9875
1450 0 8223
1450 0 8339
1450 0 9284
1450 0 9285
1451 0 8208
1451 0 8273
1452 0 8208
1452 0 8290
1452 0 9579
1452 0 10376
1453 0 8197
1453 0 8253
1454 0 8199
1454 0 8270
1454 0 9096
1454 0 9099
1455 0 8223
1455 0 8339
1455 0 8640
1455 0 10110
1456 0 8223
1456 0 8278
1457 0 8220
1457 0 8338
1457 0 10542
1458 0 8223
1458 0 8339
1458 0 8640
1459 0 8208
1459 0 8273
1460 0 8261
1460 0 8292
1460 0 8998
1460 0 10246
1461 0 8208
1461 0 8269
1461 0 10007
1461 0 10010
1462 0 8223
1462 0 8339
1462 0 8693
1462 0 10159
1463 0 8223
1463 0 8339
1463 0 8427
1463 0 8950
1464 0 8219
1464 0 8223
1464 0 8970
1464 0 9784
1465 0 8230
1465 0 8266
1465 0 10477
1466 0 8210
1466 0 8295
1467 0 8245
1467 0 8270
1467 0 9444
1468 0 8197
1468 0 8272
1469 0 8204
1469 0 8268
1470 0 8208
1470 0 8233
1470 0 8914
1471 0 8223
1471 0 8339
1471 0 10078
1472 0 8208
1472 0 8218
1472 0 8500
1473 0 8223
1473 0 8278
1473 0 9205
1473 0 9475
1474 0 8197
1474 0 8272
1474 0 8527
1474 0 9382
1475 0 8255
1475 0 8295
1476 0 8293
1476 0 8295
1476 0 8743
1476 0 8744
1477 0 8223
1477 0 8339
1478 0 8208
1478 0 8314
1479 0 8219
1479 0 8223
1479 0 9784
1480 0 8223
1480 0 8307
1480 0 9895
1480 0 9896
1481 0 8223
1481 0 8278
1481 0 9404
1481 0 9406
1482 0 8223
1482 0 8278
1482 0 9474
1482 0 9475
1483 0 8208
1483 0 8250
1484 0 8208
1484 0 8233
1485 0 8208
1485 0 8269
1486 0 8270
1486 0 8320
1486 0 8650
1487 0 8223
1487 0 8339
1488 0 8220
1488 0 8292
1489 0 8220
1489 0 8244
1489 0 8537
1490 0 8220
1490 0 8244
1491 0 8208
1491 0 8218
1491 0 8673
1491 0 9451
1492 0 8261
1492 0 8262
1492 0 9607
1492 0 10092
1493 0 8223
1493 0 8339
1493 0 8838
1493 0 9896
1494 0 8223
1494 0 8339
1495 0 8267
1495 0 8295
1495 0 8380
1496 0 8223
1496 0 8323
1496 0 8497
1496 0 8784
1497 0 8197
1497 0 8321
1497 0 8990
1498 0 8223
1498 0 8339
1498 0 9896
1499 0 8223
1499 0 8278
1499 0 8467
1499 0 9744
1500 0 8270
1500 0 8335
1501 0 8223
1501 0 8322
1501 0 9505
1501 0 9510
1502 0 8208
1502 0 8231
1502 0 8914
1503 0 8208
1503 0 8314
1503 0 9659
1503 0 9773
1504 0 8223
1504 0 8278
1504 0 8513
1504 0 9744
1505 0 8275
1505 0 8295
1505 0 9685
1505 0 9687
1506 0 8208
1506 0 8326
1506 0 10296
1507 0 8261
1507 0 8292
1507 0 8627
1508 0 8223
1508 0 8339
1509 0 8261
1509 0 8262
1509 0 8824
1510 0 8208
1510 0 8233
1510 0 8374
1511 0 8223
1511 0 8307
1511 0 9494
1511 0 9495
1512 0 8208
1512 0 8231
1512 0 9208
1513 0 8223
1513 0 8339
1514 0 8261
1514 0 8289
1515 0 8208
1515 0 8290
1515 0 8825
1515 0 9868
1516 0 8208
1516 0 8231
1517 0 8270
1517 0 8320
1517 0 10285
1518 0 8208
1518 0 8231
1518 0 10285
1519 0 8208
1519 0 8233
1519 0 8621
1519 0 8914
1520 0 8208
1520 0 8308
1520 0 10157
1521 0 8223
1521 0 8339
1521 0 9034
1521 0 9035
1522 0 8208
1522 0 8273
1523 0 8208
1523 0 8231
1524 0 8223
1524 0 8339
1524 0 8457
1524 0 9615
1525 0 8208
1525 0 8231
1526 0 8204
1526 0 8268
1526 0 8377
1526 0 9903
1527 0 8223
1527 0 8238
1527 0 9739
1528 0 8230
1528 0 8266
1528 0 9117
1529 0 8223
1529 0 8278
1529 0 9555
1530 0 8223
1530 0 8307
1530 0 9338
1531 0 8261
1531 0 8292
1531 0 9160
1532 0 8270
1532 0 8320
1533 0 8295
1533 0 8306
1534 0 8200
1534 0 8270
1534 0 8464
1534 0 9014
1535 0 8247
1535 0 8261
1535 0 10429
1536 0 8223
1536 0 8339
1536 0 8477
1536 0 10401
1537 0 8223
1537 0 8339
1537 0 10401
1538 0 8223
1538 0 8339
1538 0 9896
1538 0 10248
1539 0 8270
1539 0 8320
1539 0 8627
1539 0 8914
1540 0 8277
1540 0 8288
1540 0 9713
1541 0 8223
1541 0 8307
1541 0 9505
1542 0 8223
1542 0 8307
1542 0 9290
1542 0 10019
1543 0 8261
1543 0 8285
1544 0 8223
1544 0 8339
1545 0 8223
1545 0 8278
1545 0 9744
1546 0 8220
1546 0 8244
1546 0 8390
1547 0 8208
1547 0 8231
1547 0 8725
1548 0 8270
1548 0 8292
1548 0 10155
1549 0 8223
1549 0 8224
1550 0 8223
1550 0 8339
1551 0 8295
1551 0 8297
1551 0 8662
1551 0 9683
1552 0 8223
1552 0 8278
1552 0 8512
1552 0 9404
1553 0 8268
1553 0 8292
1554 0 8223
1554 0 8339
1554 0 9092
1555 0 8223
1555 0 8339
1555 0 8640
1556 0 8223
1556 0 8339
1556 0 8478
1557 0 8216
1557 0 8295
1558 0 8299
1558 0 8336
1558 0 10382
1559 0 8223
1559 0 8339
1559 0 10078
1560 0 8223
1560 0 8339
1560 0 10078
1560 0 10094
1561 0 8223
1561 0 8224
1561 0 8872
1561 0 9003
1562 0 8275
1562 0 8295
1563 0 8223
1563 0 8278
1563 0 9205
1563 0 9404
1564 0 8223
1564 0 8228
1564 0 9063
1564 0 9854
1565 0 8223
1565 0 8322
1566 0 8270
1566 0 8317
1566 0 10173
1567 0 8208
1567 0 8231
1568 0 8275
1568 0 8295
1568 0 9582
1569 0 8223
1569 0 8278
1569 0 9744
1570 0 8219
1570 0 8223
1570 0 8423
1571 0 8270
1571 0 8320
1572 0 8223
1572 0 8278
1572 0 8467
1572 0 9555
1573 0 8220
1573 0 8244
1574 0 8226
1574 0 8270
1574 0 8416
1574 0 9014
1575 0 8275
1575 0 8295
1575 0 10004
1576 0 8247
1576 0 8261
1577 0 8223
1577 0 8339
1577 0 8640
1578 0 8223
1578 0 8307
1578 0 8467
1578 0 9555
1579 0 8223
1579 0 8307
1579 0 10078
1580 0 8223
1580 0 8339
1580 0 9829
1581 0 8223
1581 0 8339
1581 0 10078
1581 0 10094
1582 0 8223
1582 0 8278
1582 0 9404
1582 0 10557
1583 0 8220
1583 0 8338
1584 0 8219
1584 0 8223
1584 0 8970
1584 0 9875
1585 0 8220
1585 0 8244
1586 0 8261
1586 0 8292
1587 0 8261
1587 0 8292
1587 0 9284
1588 0 8261
1588 0 8292
1588 0 8484
1589 0 8261
1589 0 8292
1589 0 9038
1590 0 8223
1590 0 8307
1590 0 8698
1591 0 8295
1591 0 8306
1592 0 8223
1592 0 8224
1593 0 8223
1593 0 8339
1594 0 8223
1594 0 8307
1594 0 9501
1594 0 9505
1595 0 8240
1595 0 8248
1596 0 8223
1596 0 8278
1596 0 8467
1596 0 8474
1597 0 8208
1597 0 8218
1597 0 10325
1598 0 8223
1598 0 8323
1598 0 8354
1599 0 8261
1599 0 8262
1599 0 10574
1599 0 8727
1600 0 8220
1600 0 8292
1601 0 8208
1601 0 8231
1601 0 10202
1602 0 8223
1602 0 8339
1602 0 9144
1602 0 10253
1603 0 8223
1603 0 8238
1604 0 8275
1604 0 8295
1604 0 9582
1605 0 8220
1605 0 8237
1606 0 8223
1606 0 8307
1606 0 8467
1606 0 8474
1607 0 8208
1607 0 8214
1608 0 8223
1608 0 8307
1608 0 8986
1608 0 9297
1609 0 8223
1609 0 8307
1609 0 9510
1609 0 9873
1610 0 8295
1610 0 8319
1610 0 10239
1611 0 8295
1611 0 8319
1611 0 10215
1611 0 10239
1612 0 8223
1612 0 8238
1613 0 8215
1613 0 8270
1613 0 8628
1614 0 8223
1614 0 8224
1614 0 8488
1614 0 8505
1615 0 8223
1615 0 8307
1615 0 9896
1616 0 8223
1616 0 8339
1616 0 9503
1616 0 10021
1617 0 8261
1617 0 8285
1618 0 8196
1618 0 8220
1619 0 8295
1619 0 8297
1619 0 8621
1619 0 8627
1620 0 8223
1620 0 8307
1621 0 8215
1621 0 8270
1622 0 8223
1622 0 8307
1622 0 9486
1623 0 8275
1623 0 8295
1624 0 8220
1624 0 8292
1624 0 10258
1625 0 8261
1625 0 8292
1625 0 8361
1625 0 8449
1626 0 8223
1626 0 8339
1627 0 8208
1627 0 8214
1628 0 8223
1628 0 8322
1628 0 10274
1628 0 10275
1629 0 8261
1629 0 8292
1629 0 9038
1630 0 8223
1630 0 8339
1630 0 9503
1631 0 8208
1631 0 8231
1631 0 10202
1632 0 8208
1632 0 8269
1633 0 8226
1633 0 8270
1633 0 9014
1633 0 9659
1634 0 8277
1634 0 8288
1634 0 9719
1635 0 8208
1635 0 8214
1635 0 10405
1636 0 8197
1636 0 8321
1636 0 8374
1637 0 8223
1637 0 8339
1637 0 10509
1638 0 8208
1638 0 8214
1638 0 10043
1639 0 8208
1639 0 8233
1640 0 8208
1640 0 8233
1641 0 8295
1641 0 8319
1642 0 8223
1642 0 8339
1642 0 9624
1643 0 8295
1643 0 8297
1643 0 9791
1643 0 9808
1644 0 8295
1644 0 8306
1644 0 10014
1645 0 8248
1645 0 8292
1646 0 8223
1646 0 8278
1646 0 8564
1646 0 9404
1647 0 8197
1647 0 8321
1648 0 8261
1648 0 8292
1648 0 8361
1648 0 8457
1649 0 8248
1649 0 8287
1649 0 9905
1650 0 8223
1650 0 8339
1650 0 8640
1651 0 8216
1651 0 8295
1652 0 8223
1652 0 8339
1653 0 8223
1653 0 8339
1654 0 8223
1654 0 8339
1654 0 8427
1654 0 9489
1655 0 8261
1655 0 8285
1655 0 9527
1655 0 9607
1656 0 8223
1656 0 8323
1656 0 8607
1656 0 8922
1657 0 8223
1657 0 8339
1657 0 8627
1657 0 9144
1658 0 8261
1658 0 8262
1658 0 8784
1658 0 9294
1659 0 8208
1659 0 8214
1660 0 8261
1660 0 8262
1660 0 9570
1661 0 8295
1661 0 8327
1661 0 9350
1662 0 8223
1662 0 8307
1662 0 9501
1662 0 9505
1663 0 8208
1663 0 8231
1663 0 10202
1664 0 8199
1664 0 8270
1664 0 8416
1665 0 8223
1665 0 8339
1665 0 10078
1666 0 8261
1666 0 8292
1666 0 8950
1666 0 8969
1667 0 8223
1667 0 8307
1668 0 8223
1668 0 8307
1668 0 10081
1668 0 10275
1669 0 8295
1669 0 8297
1670 0 8295
1670 0 8311
1671 0 8295
1671 0 8296
1671 0 8621
1671 0 8914
1672 0 8223
1672 0 8238
1672 0 9825
1673 0 8223
1673 0 8307
1673 0 9896
1674 0 8270
1674 0 8317
1674 0 10173
1675 0 8223
1675 0 8224
1675 0 8782
1675 0 9557
1676 0 8223
1676 0 8307
1677 0 8261
1677 0 8262
1677 0 9294
1677 0 9301
1678 0 8223
1678 0 8339
1679 0 8261
1679 0 8292
1680 0 8197
1680 0 8272
1680 0 9818
1681 0 8223
1681 0 8339
1682 0 8223
1682 0 8228
1682 0 10542
1683 0 8295
1683 0 8311
1683 0 10334
1684 0 8261
1684 0 8285
1684 0 8907
1684 0 8908
1685 0 8261
1685 0 8289
1685 0 10040
1685 0 10147
1686 0 8220
1686 0 8244
1687 0 8223
1687 0 8339
1687 0 9339
1688 0 8208
1688 0 8218
1688 0 8850
1689 0 8208
1689 0 8218
1690 0 8223
1690 0 8339
1690 0 9363
1691 0 8261
1691 0 8292
1691 0 9761
1691 0 10052
1692 0 8261
1692 0 8262
1692 0 10052
1693 0 8261
1693 0 8292
1693 0 8838
1693 0 9713
1694 0 8223
1694 0 8307
1694 0 9501
1694 0 9838
1695 0 8223
1695 0 8307
1695 0 9501
1695 0 9505
1696 0 8223
1696 0 8307
1696 0 10078
1697 0 8216
1697 0 8295
1697 0 8537
1697 0 8539
1698 0 8208
1698 0 8250
1699 0 8223
1699 0 8322
1699 0 9636
1699 0 10210
1700 0 8223
1700 0 8224
1700 0 8484
1700 0 9003
1701 0 8220
1701 0 8244
1701 0 10234
1702 0 8208
1702 0 8214
1703 0 8261
1703 0 8289
1703 0 9607
1704 0 8204
1704 0 8268
1705 0 8208
1705 0 8214
1706 0 8277
1706 0 8288
1707 0 8261
1707 0 8289
1707 0 9607
1708 0 8223
1708 0 8339
1708 0 8784
1708 0 9703
1709 0 8223
1709 0 8339
1709 0 10078
1709 0 10094
1710 0 8227
1710 0 8299
1710 0 9756
1710 0 10204
1711 0 8223
1711 0 8339
1711 0 8488
1711 0 8505
1712 0 8197
1712 0 8272
1713 0 8281
1713 0 8282
1713 0 9779
1713 0 9780
1714 0 8208
1714 0 8214
1714 0 8820
1714 0 10324
1715 0 8208
1715 0 8214
1716 0 8255
1716 0 8295
1717 0 8223
1717 0 8224
1717 0 9466
1718 0 8223
1718 0 8339
1718 0 8353
1718 0 9486
1719 0 8223
1719 0 8339
1720 0 8223
1720 0 8339
1720 0 9896
1721 0 8223
1721 0 8339
1721 0 9092
1722 0 8223
1722 0 8278
1722 0 9744
1723 0 8208
1723 0 8231
1723 0 10444
1724 0 8255
1724 0 8295
1724 0 8632
1725 0 8223
1725 0 8339
1726 0 8261
1726 0 8285
1726 0 8379
1726 0 9727
1727 0 8288
1727 0 8316
1727 0 8351
1727 0 10127
1728 0 8277
1728 0 8288
1728 0 9728
1729 0 8220
1729 0 8338
1729 0 9048
1729 0 10500
1730 0 8230
1730 0 8266
1730 0 9456
1731 0 8248
1731 0 8318
1732 0 8261
1732 0 8262
1732 0 9459
1733 0 8213
1733 0 8299
1734 0 8223
1734 0 8307
1734 0 8698
1734 0 10019
1735 0 8295
1735 0 8297
1736 0 8277
1736 0 8288
1736 0 9713
1736 0 10471
1737 0 8270
1737 0 8317
1737 0 10173
1738 0 8223
1738 0 8339
1739 0 8208
1739 0 8214
1739 0 10043
1739 0 10280
1740 0 8223
1740 0 8307
1740 0 9503
1741 0 8248
1741 0 8274
1741 0 9110
1741 0 9793
1742 0 8223
1742 0 8307
1742 0 8698
1742 0 8970
1743 0 8281
1743 0 8305
1743 0 9491
1744 0 8223
1744 0 8307
1744 0 9895
1744 0 9896
1745 0 8223
1745 0 8322
1745 0 8996
1745 0 10246
1746 0 8261
1746 0 8262
1746 0 8766
1747 0 8270
1747 0 8335
1747 0 10448
1747 0 10454
1748 0 8266
1748 0 8312
1748 0 10125
1749 0 8208
1749 0 8231
1750 0 8215
1750 0 8270
1750 0 8871
1750 0 9668
1751 0 8223
1751 0 8278
1751 0 8467
1752 0 8208
1752 0 8314
1753 0 8281
1753 0 8337
1753 0 10211
1753 0 10478
1754 0 8223
1754 0 8307
1754 0 9494
1754 0 9497
1755 0 8197
1755 0 8253
1755 0 10203
1756 0 8261
1756 0 8285
1757 0 8220
1757 0 8222
1757 0 8399
1757 0 8401
1758 0 8223
1758 0 8339
1758 0 9503
1759 0 8261
1759 0 8289
1759 0 9607
1759 0 9867
1760 0 8208
1760 0 8250
1760 0 9208
1761 0 8295
1761 0 8297
1762 0 8208
1762 0 8250
1762 0 8444
1762 0 9064
1763 0 8223
1763 0 8307
1763 0 9503
1764 0 8208
1764 0 8310
1765 0 8220
1765 0 8338
1765 0 10542
1766 0 8223
1766 0 8339
1766 0 9503
1767 0 8219
1767 0 8223
1767 0 9761
1768 0 8257
1768 0 8281
1769 0 8261
1769 0 8289
1770 0 8219
1770 0 8223
1770 0 8970
1770 0 9784
1771 0 8261
1771 0 8262
1771 0 10405
1772 0 8208
1772 0 8231
1772 0 8931
1772 0 9137
1773 0 8270
1773 0 8320
1773 0 9605
1774 0 8208
1774 0 8218
1774 0 8787
1774 0 9368
1775 0 8208
1775 0 8231
1775 0 9128
1776 0 8211
1776 0 8266
1776 0 8749
1776 0 9581
1777 0 8208
1777 0 8233
1777 0 9202
1777 0 9673
1778 0 8223
1778 0 8339
1778 0 9751
1778 0 10110
1779 0 8294
1779 0 8295
1779 0 8650
1779 0 9934
1780 0 8220
1780 0 8338
1781 0 8251
1781 0 8268
1781 0 8526
1782 0 8223
1782 0 8339
1782 0 8693
1782 0 9338
1783 0 8219
1783 0 8223
1783 0 10142
1783 0 10151
1784 0 8292
1784 0 8295
1784 0 9929
1785 0 8208
1785 0 8269
1785 0 9576
1786 0 8208
1786 0 8233
1786 0 8374
1786 0 8666
1787 0 8213
1787 0 8299
1787 0 8403
1788 0 8299
1788 0 8300
1788 0 9949
1789 0 8242
1789 0 8288
1789 0 9289
1790 0 8261
1790 0 8285
1791 0 8270
1791 0 8320
1791 0 9167
1792 0 8247
1792 0 8261
1792 0 10322
1793 0 8220
1793 0 8244
1794 0 8220
1794 0 8222
1794 0 8403
1795 0 8268
1795 0 8332
1795 0 9241
1796 0 8220
1796 0 8338
1796 0 10542
1797 0 8277
1797 0 8288
1798 0 8261
1798 0 8285
1798 0 8849
1798 0 10175
1799 0 8256
1799 0 8328
1800 0 8208
1800 0 8250
1801 0 8223
1801 0 8339
1801 0 8693
1801 0 9338
1802 0 8223
1802 0 8339
1802 0 9242
1802 0 9338
1803 0 8223
1803 0 8339
1803 0 9896
1803 0 9923
1804 0 8223
1804 0 8339
1804 0 10542
1805 0 8208
1805 0 8214
1806 0 8223
1806 0 8322
1806 0 9074
1806 0 9582
1807 0 8208
1807 0 8273
1807 0 9412
1808 0 8229
1808 0 8328
1809 0 8299
1809 0 8340
1810 0 8223
1810 0 8339
1810 0 8353
1811 0 8219
1811 0 8223
1811 0 8970
1811 0 9784
1812 0 8197
1812 0 8272
1812 0 8476
1813 0 8295
1813 0 8297
1813 0 10181
1814 0 8223
1814 0 8339
1814 0 9520
1815 0 8220
1815 0 8338
1815 0 10542
1816 0 8242
1816 0 8288
1816 0 10272
1817 0 8223
1817 0 8307
1817 0 9708
1818 0 8223
1818 0 8307
1819 0 8208
1819 0 8314
1819 0 9014
1819 0 9659
1820 0 8261
1820 0 8262
1820 0 8691
1821 0 8261
1821 0 8285
1821 0 8642
1822 0 8223
1822 0 8339
1822 0 8477
1823 0 8208
1823 0 8269
1823 0 8685
1823 0 8686
1824 0 8208
1824 0 8250
1825 0 8295
1825 0 8297
1826 0 8197
1826 0 8253
1826 0 8601
1826 0 8602
1827 0 8197
1827 0 8253
1827 0 9634
1827 0 9846
1828 0 8223
1828 0 8307
1828 0 9501
1828 0 9506
1829 0 8208
1829 0 8292
1830 0 8223
1830 0 8339
1830 0 10321
1831 0 8208
1831 0 8233
1831 0 8434
1831 0 10290
1832 0 8208
1832 0 8290
1833 0 8270
1833 0 8271
1834 0 8208
1834 0 8231
1835 0 8223
1835 0 8307
1836 0 8242
1836 0 8288
1836 0 9299
1836 0 10494
1837 0 8223
1837 0 8339
1837 0 10052
1838 0 8229
1838 0 8328
1839 0 8210
1839 0 8295
1840 0 8220
1840 0 8222
1841 0 8210
1841 0 8295
1842 0 8215
1842 0 8270
1842 0 9966
1843 0 8261
1843 0 8285
1843 0 10405
1844 0 8293
1844 0 8295
1844 0 9467
1845 0 8223
1845 0 8339
1845 0 10542
1846 0 8225
1846 0 8248
1846 0 8979
1846 0 9223
1847 0 8223
1847 0 8307
1848 0 8208
1848 0 8314
1848 0 10155
1849 0 8208
1849 0 8250
1850 0 8208
1850 0 8326
1850 0 8684
1851 0 8208
1851 0 8269
1852 0 8270
1852 0 8271
1853 0 8270
1853 0 8271
1853 0 8684
1853 0 9659
1854 0 8220
1854 0 8338
1854 0 10542
1855 0 8261
1855 0 8285
1855 0 8642
1856 0 8295
1856 0 8297
1856 0 9101
1857 0 8208
1857 0 8214
1858 0 8223
1858 0 8339
1858 0 10355
1859 0 8208
1859 0 8231
1859 0 8684
1859 0 10283
1860 0 8219
1860 0 8223
1860 0 8970
1860 0 8973
1861 0 8220
1861 0 8222
1861 0 8403
1862 0 8295
1862 0 8297
1863 0 8215
1863 0 8270
1864 0 8220
1864 0 8244
1864 0 9052
1864 0 9185
1865 0 8277
1865 0 8288
1865 0 9728
1866 0 8223
1866 0 8339
1867 0 8223
1867 0 8339
1868 0 8230
1868 0 8266
1868 0 10044
1869 0 8277
1869 0 8288
1869 0 8970
1869 0 9704
1870 0 8223
1870 0 8228
1870 0 10541
1870 0 10542
1871 0 8223
1871 0 8228
1871 0 10541
1871 0 10542
1872 0 8270
1872 0 8320
1872 0 9231
1873 0 8223
1873 0 8307
1873 0 8697
1874 0 8242
1874 0 8288
1874 0 9294
1874 0 9304
1875 0 8277
1875 0 8288
1875 0 9714
1876 0 8219
1876 0 8223
1876 0 9982
1876 0 10099
1877 0 8223
1877 0 8339
1877 0 9339
1878 0 8204
1878 0 8268
1878 0 8377
1878 0 8810
1879 0 8220
1879 0 8338
1879 0 8537
1879 0 8693
1880 0 8219
1880 0 8223
1880 0 8970
1880 0 10146
1881 0 8208
1881 0 8231
1882 0 8208
1882 0 8231
1883 0 8295
1883 0 8297
1883 0 9025
1883 0 10523
1884 0 8220
1884 0 8338
1884 0 9060
1885 0 8295
1885 0 8306
1886 0 8288
1886 0 8316
1886 0 10127
1887 0 8223
1887 0 8339
1887 0 8477
1888 0 8220
1888 0 8244
1889 0 8208
1889 0 8292
1890 0 8261
1890 0 8285
1890 0 9640
1890 0 9776
1891 0 8261
1891 0 8292
1891 0 9930
1892 0 8208
1892 0 8326
1893 0 8277
1893 0 8288
1893 0 8342
1893 0 9127
1894 0 8240
1894 0 8248
1894 0 9902
1894 0 9983
1895 0 8270
1895 0 8320
1895 0 9167
1896 0 8299
1896 0 8340
1896 0 10513
1897 0 8235
1897 0 8268
1898 0 8270
1898 0 8335
1899 0 8295
1899 0 8311
1900 0 8230
1900 0 8266
1901 0 8261
1901 0 8285
1901 0 9694
1901 0 9926
1902 0 8208
1902 0 8250
1902 0 9056
1902 0 9064
1903 0 8261
1903 0 8262
1903 0 8824
1904 0 8277
1904 0 8288
1904 0 9956
1905 0 8223
1905 0 8307
1905 0 9501
1905 0 9505
1906 0 8204
1906 0 8268
1906 0 9646
1907 0 8288
1907 0 8292
1907 0 9996
1908 0 8223
1908 0 8323
1908 0 9490
1909 0 8219
1909 0 8223
1909 0 8497
1909 0 9654
1910 0 8295
1910 0 8297
1911 0 8204
1911 0 8268
1911 0 9651
1912 0 8223
1912 0 8339
1912 0 9486
1913 0 8223
1913 0 8339
1914 0 8217
1914 0 8248
1915 0 8295
1915 0 8319
1916 0 8227
1916 0 8299
1917 0 8220
1917 0 8222
1917 0 8403
1917 0 9428
1918 0 8223
1918 0 8339
1918 0 8693
1918 0 9338
1919 0 8245
1919 0 8270
1919 0 8416
1919 0 9014
1920 0 8208
1920 0 8209
1920 0 10377
1921 0 8299
1921 0 8301
1922 0 8247
1922 0 8261
1922 0 10411
1923 0 8223
1923 0 8307
1924 0 8261
1924 0 8262
1924 0 8642
1924 0 8689
1925 0 8277
1925 0 8288
1925 0 9713
1926 0 8270
1926 0 8317
1926 0 10173
1927 0 8223
1927 0 8339
1928 0 8261
1928 0 8262
1928 0 10157
1929 0 8261
1929 0 8285
1929 0 10191
1929 0 10504
1930 0 8261
1930 0 8285
1931 0 8270
1931 0 8320
1931 0 10561
1932 0 8204
1932 0 8268
1932 0 8814
1932 0 8817
1933 0 8270
1933 0 8317
1933 0 10173
1934 0 8199
1934 0 8270
1934 0 8416
1934 0 9659
1935 0 8281
1935 0 8282
1935 0 8365
1935 0 8945
1936 0 8223
1936 0 8307
1936 0 9501
1936 0 9505
1937 0 8247
1937 0 8261
1937 0 10437
1937 0 10441
1938 0 8223
1938 0 8323
1938 0 10374
1938 0 10391
1939 0 8208
1939 0 8231
1940 0 8208
1940 0 8326
1940 0 9668
1940 0 10234
1941 0 8295
1941 0 8296
1941 0 9471
1941 0 10290
1942 0 8223
1942 0 8238
1942 0 9339
1942 0 9747
1943 0 8223
1943 0 8339
1944 0 8223
1944 0 8339
1944 0 9379
1944 0 10542
1945 0 8219
1945 0 8223
1945 0 9822
1946 0 8328
1946 0 8329
1947 0 8295
1947 0 8306
1948 0 8208
1948 0 8269
1949 0 8208
1949 0 8314
1949 0 10155
1950 0 8208
1950 0 8233
1950 0 9748
1950 0 9924
1951 0 8235
1951 0 8268
1951 0 10088
1952 0 8220
1952 0 8334
1952 0 8640
1953 0 8208
1953 0 8233
1953 0 8374
1953 0 9457
1954 0 8295
1954 0 8297
1954 0 9469
1955 0 8295
1955 0 8297
1956 0 8210
1956 0 8295
1956 0 9419
1957 0 8197
1957 0 8253
1958 0 8223
1958 0 8323
1958 0 10347
1959 0 8261
1959 0 8285
1959 0 8845
1959 0 9800
1960 0 8208
1960 0 8233
1960 0 8374
1960 0 9395
1961 0 8219
1961 0 8223
1961 0 10142
1962 0 8208
1962 0 8233
1962 0 9666
1962 0 10288
1963 0 8255
1963 0 8295
1964 0 8208
1964 0 8290
1964 0 10214
1965 0 8281
1965 0 8283
1965 0 9908
1966 0 8270
1966 0 8320
1966 0 10400
1967 0 8208
1967 0 8233
1967 0 10290
1967 0 10380
1968 0 8261
1968 0 8285
1969 0 8270
1969 0 8320
1969 0 10400
1970 0 8223
1970 0 8339
1970 0 9339
1970 0 9486
1971 0 8220
1971 0 8338
1971 0 10542
1972 0 8288
1972 0 8292
1973 0 8227
1973 0 8299
1973 0 9019
1974 0 8223
1974 0 8339
1974 0 9060
1975 0 8261
1975 0 8262
1975 0 10307
1976 0 8208
1976 0 8214
1977 0 8257
1977 0 8281
1978 0 8270
1978 0 8320
1978 0 9167
1978 0 9168
1979 0 8208
1979 0 8273
1979 0 8444
1980 0 8220
1980 0 8338
1980 0 9520
1981 0 8220
1981 0 8338
1981 0 8640
1982 0 8295
1982 0 8306
1983 0 8223
1983 0 8278
1983 0 9744
1984 0 8223
1984 0 8339
1984 0 9784
1984 0 9896
1985 0 8223
1985 0 8339
1985 0 10542
1986 0 8197
1986 0 8272
1987 0 8208
1987 0 8214
1988 0 8223
1988 0 8307
1988 0 9127
1989 0 8208
1989 0 8214
1989 0 8820
1990 0 8255
1990 0 8295
1991 0 8197
1991 0 8272
1991 0 9587
1991 0 9588
1992 0 8227
1992 0 8299
1993 0 8223
1993 0 8339
1994 0 8223
1994 0 8238
1994 0 9260
1994 0 9747
1995 0 8223
1995 0 8339
1995 0 9503
1996 0 8223
1996 0 8278
1996 0 9404
1996 0 9413
1997 0 8223
1997 0 8339
1997 0 9339
1998 0 8219
1998 0 8223
1998 0 9723
1998 0 10385
1999 0 8200
1999 0 8270
2000 0 8257
2000 0 8281
2001 0 8257
2001 0 8281
2001 0 8376
2001 0 9335
2002 0 8230
2002 0 8266
2003 0 8248
2003 0 8274
2004 0 8208
2004 0 8233
2004 0 10016
2004 0 10290
2005 0 8208
2005 0 8233
2005 0 8374
2005 0 8988
2006 0 8288
2006 0 8315
2007 0 8257
2007 0 8281
2008 0 8223
2008 0 8339
2008 0 10400
2009 0 8223
2009 0 8307
2009 0 9489
2010 0 8295
2010 0 8297
2010 0 9382
2010 0 9909
2011 0 8208
2011 0 8314
2011 0 8677
2012 0 8223
2012 0 8307
2013 0 8270
2013 0 8320
2014 0 8223
2014 0 8339
2014 0 9497
2014 0 9498
2015 0 8223
2015 0 8307
2016 0 8197
2016 0 8253
2017 0 8295
2017 0 8311
2017 0 10033
2017 0 10034
2018 0 8223
2018 0 8307
2018 0 10550
2018 0 10551
2019 0 8281
2019 0 8284
2019 0 8753
2020 0 8270
2020 0 8317
2020 0 10173
2021 0 8288
2021 0 8291
2021 0 9875
2021 0 10068
2022 0 8288
2022 0 8316
2022 0 10127
2023 0 8299
2023 0 8336
2024 0 8210
2024 0 8295
2025 0 8200
2025 0 8270
2025 0 9294
2025 0 9296
2026 0 8295
2026 0 8306
2027 0 8288
2027 0 8316
2027 0 8351
2028 0 8223
2028 0 8278
2028 0 8512
2028 0 9404
2029 0 8295
2029 0 8296
2029 0 9471
2029 0 10440
2030 0 8275
2030 0 8295
2031 0 8208
2031 0 8314
2031 0 9096
2032 0 8220
2032 0 8244
2032 0 9627
2033 0 8223
2033 0 8307
2033 0 10052
2034 0 8295
2034 0 8296
2035 0 8288
2035 0 8315
2036 0 8281
2036 0 8284
2036 0 8376
2036 0 8630
2037 0 8208
2037 0 8250
2038 0 8210
2038 0 8295
2038 0 9238
2039 0 8223
2039 0 8307
2039 0 9251
2039 0 9315
2040 0 8261
2040 0 8289
2040 0 8818
2040 0 9607
2041 0 8213
2041 0 8299
2042 0 8277
2042 0 8288
2042 0 9713
2042 0 10470
2043 0 8206
2043 0 8299
2043 0 8403
2044 0 8277
2044 0 8288
2045 0 8219
2045 0 8223
2046 0 8277
2046 0 8288
2046 0 9713
2047 0 8208
2047 0 8314
2047 0 8677
2047 0 10155
2048 0 8248
2048 0 8313
2048 0 8715
2049 0 8208
2049 0 8214
2049 0 10043
2049 0 10215
2050 0 8295
2050 0 8306
2050 0 10003
2051 0 8295
2051 0 8296
2052 0 8277
2052 0 8288
2052 0 9704
2052 0 9706
2053 0 8223
2053 0 8307
2054 0 8208
2054 0 8214
2054 0 10043
2055 0 8277
2055 0 8288
2055 0 9706
2055 0 10470
2056 0 8197
2056 0 8321
2056 0 8745
2056 0 9385
2057 0 8220
2057 0 8237
2057 0 10409
2057 0 10453
2058 0 8208
2058 0 8273
2058 0 10000
2058 0 10187
2059 0 8270
2059 0 8309
2060 0 8270
2060 0 8317
2060 0 9014
2060 0 9307
2061 0 8248
2061 0 8318
2062 0 8270
2062 0 8271
2062 0 9565
2063 0 8261
2063 0 8262
2063 0 8690
2063 0 8766
2064 0 8223
2064 0 8238
2064 0 9596
2065 0 8223
2065 0 8238
2065 0 10409
2066 0 8277
2066 0 8288
2066 0 9718
2067 0 8204
2067 0 8268
2068 0 8215
2068 0 8270
2068 0 8628
2069 0 8223
2069 0 8307
2069 0 8467
2069 0 8473
2070 0 8281
2070 0 8337
2071 0 8219
2071 0 8223
2071 0 8464
2071 0 8497
2072 0 8223
2072 0 8238
2072 0 9914
2072 0 10409
2073 0 8294
2073 0 8295
2074 0 8204
2074 0 8268
2074 0 8733
2074 0 8734
2075 0 8223
2075 0 8339
2075 0 8693
2076 0 8223
2076 0 8339
2076 0 9284
2076 0 10305
2077 0 8223
2077 0 8339
2078 0 8223
2078 0 8339
2079 0 8223
2079 0 8339
2079 0 10346
2079 0 10407
2080 0 8223
2080 0 8307
2080 0 9503
2081 0 8223
2081 0 8339
2081 0 9363
2081 0 10190
2082 0 8219
2082 0 8223
2082 0 9761
2082 0 9822
2083 0 8223
2083 0 8339
2084 0 8213
2084 0 8299
2085 0 8223
2085 0 8339
2085 0 9338
2085 0 9339
2086 0 8219
2086 0 8223
2086 0 8970
2086 0 9875
2087 0 8240
2087 0 8248
2088 0 8223
2088 0 8307
2088 0 10052
2089 0 8223
2089 0 8339
2089 0 8395
2089 0 8403
2090 0 8208
2090 0 8218
2090 0 10106
2091 0 8208
2091 0 8233
2091 0 9869
2091 0 9870
2092 0 8206
2092 0 8299
2092 0 9764
2093 0 8220
2093 0 8222
2093 0 8399
2093 0 8401
2094 0 8261
2094 0 8285
2094 0 9541
2095 0 8223
2095 0 8307
2095 0 9505
2095 0 9506
2096 0 8208
2096 0 8218
2097 0 8208
2097 0 8233
2098 0 8220
2098 0 8338
2099 0 8277
2099 0 8288
2100 0 8208
2100 0 8231
2101 0 8223
2101 0 8307
2101 0 9566
2101 0 10019
2102 0 8197
2102 0 8272
2103 0 8223
2103 0 8323
2103 0 10178
2104 0 8263
2104 0 8266
2104 0 9483
2105 0 8208
2105 0 8233
2105 0 8374
2105 0 9455
2106 0 8277
2106 0 8288
2107 0 8223
2107 0 8339
2107 0 9041
2107 0 10553
2108 0 8223
2108 0 8238
2109 0 8223
2109 0 8339
2109 0 10396
2110 0 8208
2110 0 8250
2110 0 9916
2111 0 8208
2111 0 8231
2111 0 10463
2112 0 8277
2112 0 8288
2112 0 8678
2112 0 8950
2113 0 8268
2113 0 8332
2114 0 8197
2114 0 8272
2115 0 8223
2115 0 8224
2115 0 9284
2115 0 10446
2116 0 8223
2116 0 8307
2116 0 9505
2117 0 8223
2117 0 8224
2117 0 9284
2118 0 8261
2118 0 8285
2118 0 8497
2118 0 8617
2119 0 8281
2119 0 8283
2119 0 9622
2120 0 8208
2120 0 8273
2121 0 8223
2121 0 8307
2121 0 8501
2121 0 9501
2122 0 8299
2122 0 8336
2122 0 9190
2122 0 9191
2123 0 8248
2123 0 8287
2123 0 10227
2124 0 8220
2124 0 8338
2124 0 10542
2125 0 8208
2125 0 8214
2126 0 8288
2126 0 8292
2126 0 8933
2126 0 10569
2127 0 8220
2127 0 8244
2127 0 9590
2128 0 8240
2128 0 8248
2128 0 10055
2129 0 8295
2129 0 8297
2130 0 8220
2130 0 8222
2130 0 8403
2131 0 8227
2131 0 8299
2131 0 9772
2131 0 10370
2132 0 8208
2132 0 8214
2133 0 8248
2133 0 8276
2133 0 9734
2134 0 8248
2134 0 8318
2135 0 8270
2135 0 8317
2135 0 8871
2135 0 9014
2136 0 8196
2136 0 8220
2136 0 8390
2136 0 9769
2137 0 8201
2137 0 8288
2138 0 8208
2138 0 8233
2138 0 8374
2138 0 9397
2139 0 8223
2139 0 8339
2139 0 8590
2139 0 10542
2140 0 8201
2140 0 8288
2141 0 8223
2141 0 8307
2142 0 8281
2142 0 8292
2143 0 8230
2143 0 8266
2144 0 8208
2144 0 8209
2144 0 8857
2144 0 9823
2145 0 8208
2145 0 8250
2145 0 8444
2146 0 8223
2146 0 8278
2146 0 9404
2146 0 9410
2147 0 8239
2147 0 8268
2147 0 8739
2148 0 8295
2148 0 8319
2148 0 10223
2149 0 8261
2149 0 8285
2150 0 8295
2150 0 8297
2150 0 9391
2151 0 8223
2151 0 8307
2151 0 10019
2151 0 10052
2152 0 8223
2152 0 8238
2152 0 9264
2152 0 9962
2153 0 8223
2153 0 8339
2154 0 8223
2154 0 8307
2154 0 8697
2154 0 8826
2155 0 8220
2155 0 8222
2155 0 8400
2156 0 8220
2156 0 8244
2156 0 9938
2157 0 8261
2157 0 8292
2157 0 10327
2157 0 10486
2158 0 8223
2158 0 8228
2158 0 9854
2158 0 10202
2159 0 8295
2159 0 8297
2160 0 8295
2160 0 8297
2161 0 8295
2161 0 8297
2161 0 9104
2162 0 8295
2162 0 8297
2162 0 9631
2163 0 8295
2163 0 8297
2164 0 8295
2164 0 8297
2164 0 10394
2165 0 8295
2165 0 8297
2166 0 8295
2166 0 8297
2167 0 8295
2167 0 8327
2167 0 8655
2167 0 9005
2168 0 8234
2168 0 8248
2169 0 8210
2169 0 8295
2170 0 8208
2170 0 8233
2170 0 10380
2171 0 8270
2171 0 8304
2171 0 10010
2172 0 8208
2172 0 8231
2173 0 8203
2173 0 8220
2173 0 8572
2174 0 8261
2174 0 8292
2174 0 9967
2174 0 10465
2175 0 8223
2175 0 8339
2175 0 9520
2176 0 8270
2176 0 8335
2176 0 9014
2176 0 10561
2177 0 8270
2177 0 8335
2177 0 9164
2178 0 8247
2178 0 8261
2178 0 9917
2178 0 10252
2179 0 8261
2179 0 8292
2180 0 8248
2180 0 8276
2181 0 8215
2181 0 8270
2182 0 8248
2182 0 8318
2183 0 8261
2183 0 8289
2183 0 8467
2183 0 8469
2184 0 8230
2184 0 8266
2184 0 8716
2184 0 8717
2185 0 8223
2185 0 8278
2185 0 8791
2185 0 9843
2186 0 8208
2186 0 8233
2186 0 9095
2186 0 10290
2187 0 8223
2187 0 8307
2187 0 8489
2188 0 8208
2188 0 8326
2188 0 9287
2189 0 8208
2189 0 8218
2190 0 8261
2190 0 8285
2190 0 8766
2190 0 9864
2191 0 8208
2191 0 8250
2191 0 8444
2191 0 8450
2192 0 8205
2192 0 8268
2192 0 8875
2193 0 8223
2193 0 8307
2194 0 8210
2194 0 8295
2194 0 8839
2195 0 8223
2195 0 8339
2195 0 9505
2196 0 8196
2196 0 8220
2196 0 8625
2197 0 8256
2197 0 8328
2198 0 8208
2198 0 8250
2199 0 8295
2199 0 8297
2199 0 9736
2199 0 9737
2200 0 8208
2200 0 8214
2201 0 8261
2201 0 8262
2202 0 8299
2202 0 8302
2202 0 8403
2202 0 9599
2203 0 8257
2203 0 8281
2204 0 8270
2204 0 8320
2205 0 8223
2205 0 8238
2205 0 10410
2206 0 8299
2206 0 8300
2206 0 9817
2207 0 8234
2207 0 8248
2208 0 8248
2208 0 8313
2209 0 8292
2209 0 8330
2209 0 8727
2210 0 8261
2210 0 8262
2210 0 9419
2211 0 8219
2211 0 8223
2211 0 10093
2212 0 8293
2212 0 8295
2212 0 8977
2212 0 9827
2213 0 8208
2213 0 8233
2213 0 10380
2214 0 8208
2214 0 8326
2214 0 8729
2214 0 8923
2215 0 8295
2215 0 8297
2215 0 9291
2215 0 9292
2216 0 8208
2216 0 8250
2216 0 8450
2217 0 8223
2217 0 8278
2217 0 9404
2218 0 8270
2218 0 8320
2218 0 9167
2218 0 9659
2219 0 8261
2219 0 8285
2219 0 10405
2219 0 10431
2220 0 8223
2220 0 8307
2220 0 9367
2220 0 9496
2221 0 8261
2221 0 8289
2221 0 9607
2221 0 10414
2222 0 8270
2222 0 8320
2222 0 10234
2223 0 8208
2223 0 8269
2223 0 10214
2224 0 8223
2224 0 8339
2224 0 9839
2225 0 8208
2225 0 8214
2226 0 8208
2226 0 8214
2227 0 8223
2227 0 8339
2227 0 8693
2228 0 8223
2228 0 8307
2228 0 9841
2228 0 9915
2229 0 8277
2229 0 8288
2229 0 9713
2229 0 9728
2230 0 8197
2230 0 8253
2231 0 8208
2231 0 8314
2232 0 8270
2232 0 8317
2232 0 10173
2233 0 8223
2233 0 8238
2233 0 9260
2233 0 10409
2234 0 8223
2234 0 8323
2234 0 8515
2235 0 8223
2235 0 8224
2235 0 9038
2235 0 9037
2236 0 8223
2236 0 8323
2236 0 10229
2237 0 8261
2237 0 8285
2237 0 10517
2238 0 8270
2238 0 8320
2238 0 9659
2238 0 10235
2239 0 8223
2239 0 8323
2239 0 10178
2239 0 10179
2240 0 8223
2240 0 8307
2240 0 10019
2241 0 8248
2241 0 8318
2241 0 10534
2242 0 8270
2242 0 8271
2242 0 10222
2243 0 8223
2243 0 8307
2243 0 9505
2243 0 10019
2244 0 8223
2244 0 8307
2244 0 8697
2244 0 8826
2245 0 8248
2245 0 8276
2245 0 8798
2245 0 10362
2246 0 8196
2246 0 8220
2246 0 8346
2246 0 8569
2247 0 8220
2247 0 8244
2247 0 8650
2247 0 9627
2248 0 8223
2248 0 8322
2248 0 10472
2249 0 8223
2249 0 8307
2249 0 9784
2249 0 9896
2250 0 8208
2250 0 8233
2251 0 8215
2251 0 8270
2252 0 8295
2252 0 8297
2253 0 8270
2253 0 8317
2254 0 8216
2254 0 8295
2254 0 9921
2255 0 8295
2255 0 8327
2255 0 10100
2256 0 8226
2256 0 8270
2256 0 8512
2256 0 8513
2257 0 8223
2257 0 8307
2257 0 8838
2257 0 9896
2258 0 8277
2258 0 8288
2258 0 9713
2258 0 9721
2259 0 8223
2259 0 8307
2259 0 10557
2260 0 8208
2260 0 8233
2260 0 10290
2261 0 8261
2261 0 8292
2261 0 10179
2262 0 8210
2262 0 8295
2262 0 8553
2262 0 9039
2263 0 8208
2263 0 8250
2263 0 8444
2263 0 9544
2264 0 8223
2264 0 8307
2264 0 8477
2265 0 8208
2265 0 8231
2265 0 10323
2266 0 8248
2266 0 8318
2267 0 8208
2267 0 8233
2267 0 8374
2267 0 9398
2268 0 8208
2268 0 8273
2269 0 8220
2269 0 8222
2269 0 9249
2270 0 8219
2270 0 8223
2270 0 8497
2270 0 8498
2271 0 8208
2271 0 8250
2272 0 8270
2272 0 8317
2272 0 8444
2272 0 9431
2273 0 8248
2273 0 8325
2273 0 9224
2274 0 8277
2274 0 8288
2274 0 8617
2274 0 8678
2275 0 8270
2275 0 8335
2275 0 9661
2275 0 9783
2276 0 8223
2276 0 8278
2276 0 8467
2277 0 8270
2277 0 8317
2277 0 10172
2277 0 10173
2278 0 8223
2278 0 8339
2278 0 9624
2278 0 10422
2279 0 8208
2279 0 8233
2279 0 9927
2279 0 10290
2280 0 8270
2280 0 8317
2280 0 10173
2281 0 8277
2281 0 8288
2281 0 9713
2281 0 9955
2282 0 8277
2282 0 8288
2282 0 8953
2282 0 8954
2283 0 8277
2283 0 8288
2283 0 9713
2283 0 9987
2284 0 8208
2284 0 8214
2284 0 8367
2284 0 9981
2285 0 8204
2285 0 8268
2285 0 8482
2285 0 9651
2286 0 8261
2286 0 8289
2286 0 9607
2287 0 8208
2287 0 8218
2287 0 10070
2288 0 8220
2288 0 8338
2288 0 9249
2289 0 8215
2289 0 8270
2289 0 10542
2290 0 8230
2290 0 8266
2291 0 8295
2291 0 8297
2291 0 8917
2291 0 9109
2292 0 8208
2292 0 8290
2292 0 9578
2292 0 10214
2293 0 8208
2293 0 8233
2293 0 8434
2293 0 9691
2294 0 8223
2294 0 8238
2294 0 10409
2294 0 10452
2295 0 8208
2295 0 8290
2295 0 9578
2295 0 10214
2296 0 8223
2296 0 8339
2296 0 8354
2296 0 10484
2297 0 8223
2297 0 8278
2297 0 8467
2297 0 8470
2298 0 8197
2298 0 8253
2299 0 8259
2299 0 8330
2299 0 9458
2300 0 8220
2300 0 8338
2301 0 8211
2301 0 8266
2301 0 8746
2301 0 8747
2302 0 8223
2302 0 8238
2302 0 8348
2302 0 9591
2303 0 8277
2303 0 8288
2303 0 9704
2303 0 9716
2304 0 8328
2304 0 8329
2304 0 8703
2304 0 9719
2305 0 8198
2305 0 8270
2305 0 8579
2305 0 9099
2306 0 8208
2306 0 8233
2307 0 8202
2307 0 8266
2307 0 8529
2308 0 8223
2308 0 8307
2308 0 9501
2308 0 9505
2309 0 8223
2309 0 8339
2309 0 10497
2310 0 8223
2310 0 8323
2310 0 9700
2311 0 8208
2311 0 8231
2312 0 8223
2312 0 8307
2312 0 10470
2312 0 10473
2313 0 8223
2313 0 8278
2313 0 9744
2314 0 8223
2314 0 8339
2314 0 8640
2315 0 8261
2315 0 8289
2315 0 9607
2316 0 8240
2316 0 8248
2317 0 8261
2317 0 8285
2317 0 9561
2318 0 8219
2318 0 8223
2318 0 9871
2318 0 9873
2319 0 8328
2319 0 8329
2319 0 8790
2320 0 8261
2320 0 8292
2320 0 10052
2320 0 10369
2321 0 8259
2321 0 8330
2321 0 9081
2321 0 9083
2322 0 8240
2322 0 8248
2322 0 8582
2323 0 8223
2323 0 8339
2323 0 10542
2324 0 8261
2324 0 8285
2324 0 9926
2324 0 10517
2325 0 8197
2325 0 8253
2325 0 8583
2325 0 8862
2326 0 8266
2326 0 8312
2326 0 10125
2327 0 8270
2327 0 8335
2327 0 9208
2328 0 8208
2328 0 8214
2328 0 10087
2329 0 8270
2329 0 8335
2330 0 8208
2330 0 8214
2331 0 8292
2331 0 8330
2332 0 8220
2332 0 8222
2333 0 8220
2333 0 8338
2334 0 8299
2334 0 8336
2334 0 10450
2334 0 10454
2335 0 8245
2335 0 8270
2335 0 10506
2336 0 8223
2336 0 8339
2336 0 9784
2336 0 9896
2337 0 8210
2337 0 8295
2338 0 8248
2338 0 8313
2338 0 10405
2339 0 8270
2339 0 8286
2339 0 10353
2340 0 8208
2340 0 8273
2341 0 8223
2341 0 8339
2342 0 8223
2342 0 8307
2342 0 9404
2342 0 10019
2343 0 8223
2343 0 8307
2343 0 9501
2343 0 9506
2344 0 8223
2344 0 8339
2344 0 9896
2345 0 8268
2345 0 8332
2346 0 8270
2346 0 8335
2346 0 9659
2346 0 9744
2347 0 8223
2347 0 8323
2347 0 9616
2348 0 8197
2348 0 8253
2348 0 8459
2348 0 8600
2349 0 8328
2349 0 8329
2349 0 10405
2350 0 8223
2350 0 8339
2350 0 9339
2351 0 8219
2351 0 8223
2351 0 8958
2351 0 8961
2352 0 8223
2352 0 8339
2352 0 9339
2353 0 8261
2353 0 8262
2353 0 9459
2354 0 8257
2354 0 8281
2354 0 8752
2354 0 9335
2355 0 8248
2355 0 8287
2355 0 8852
2355 0 9831
2356 0 8223
2356 0 8339
2356 0 8793
2357 0 8248
2357 0 8341
2357 0 9989
2357 0 10560
2358 0 8220
2358 0 8244
2358 0 8399
2358 0 8403
2359 0 8197
2359 0 8272
2359 0 9674
2360 0 8223
2360 0 8339
2360 0 9034
2360 0 10052
2361 0 8223
2361 0 8307
2362 0 8219
2362 0 8223
2362 0 9982
2362 0 10099
2363 0 8223
2363 0 8307
2364 0 8223
2364 0 8322
2364 0 8784
2365 0 8208
2365 0 8233
2365 0 8374
2365 0 9394
2366 0 8277
2366 0 8288
2366 0 9713
2367 0 8223
2367 0 8339
2367 0 9338
2368 0 8220
2368 0 8338
2368 0 10510
2368 0 10542
2369 0 8220
2369 0 8338
2369 0 9249
2369 0 9338
2370 0 8208
2370 0 8290
2370 0 10103
2371 0 8208
2371 0 8218
2371 0 8954
2372 0 8208
2372 0 8231
2373 0 8277
2373 0 8288
2373 0 9713
2374 0 8292
2374 0 8299
2375 0 8261
2375 0 8285
2375 0 8849
2375 0 9926
2376 0 8216
2376 0 8295
2377 0 8210
2377 0 8295
2377 0 9518
2378 0 8219
2378 0 8223
2379 0 8261
2379 0 8285
2379 0 10542
2380 0 8208
2380 0 8250
2381 0 8292
2381 0 8330
2381 0 9898
2382 0 8292
2382 0 8330
2382 0 9898
2383 0 8248
2383 0 8313
2383 0 8597
2384 0 8330
2384 0 8331
2384 0 8574
2384 0 8715
2385 0 8330
2385 0 8331
2386 0 8292
2386 0 8330
2386 0 8409
2387 0 8208
2387 0 8273
2387 0 10000
2388 0 8328
2388 0 8329
2389 0 8261
2389 0 8292
2389 0 9482
2389 0 10340
2390 0 8230
2390 0 8266
2391 0 8270
2391 0 8320
2391 0 9659
2391 0 9662
2392 0 8270
2392 0 8317
2392 0 8588
2392 0 9604
2393 0 8220
2393 0 8338
2393 0 8693
2393 0 8994
2394 0 8208
2394 0 8214
2395 0 8199
2395 0 8270
2396 0 8197
2396 0 8272
2397 0 8261
2397 0 8262
2397 0 10091
2397 0 10092
2398 0 8208
2398 0 8326
2398 0 9552
2398 0 10221
2399 0 8197
2399 0 8272
2399 0 9278
2400 0 8197
2400 0 8321
2400 0 10037
2400 0 10238
2401 0 8208
2401 0 8233
2401 0 10290
2401 0 10338
2402 0 8223
2402 0 8339
2403 0 8208
2403 0 8273
2403 0 9728
2404 0 8295
2404 0 8297
2405 0 8204
2405 0 8268
2406 0 8261
2406 0 8262
2406 0 8690
2406 0 8766
2407 0 8226
2407 0 8270
2408 0 8223
2408 0 8323
2408 0 9501
2408 0 10346
2409 0 8208
2409 0 8231
2409 0 8666
2410 0 8220
2410 0 8244
2410 0 8399
2410 0 8403
2411 0 8223
2411 0 8323
2411 0 8467
2411 0 8515
2412 0 8226
2412 0 8270
2412 0 8608
2413 0 8295
2413 0 8319
2414 0 8261
2414 0 8262
2414 0 8690
2415 0 8223
2415 0 8323
2415 0 10178
2415 0 10179
2416 0 8270
2416 0 8335
2416 0 10561
2417 0 8208
2417 0 8308
2417 0 10390
2418 0 8270
2418 0 8320
2419 0 8208
2419 0 8269
2420 0 8208
2420 0 8214
2420 0 9004
2421 0 8210
2421 0 8295
2422 0 8240
2422 0 8248
2423 0 8261
2423 0 8285
2423 0 9926
2424 0 8197
2424 0 8272
2424 0 8954
2424 0 10284
2425 0 8208
2425 0 8292
2425 0 9659
2426 0 8208
2426 0 8214
2427 0 8208
2427 0 8308
2427 0 8422
2427 0 10027
2428 0 8270
2428 0 8335
2429 0 8223
2429 0 8307
2429 0 9567
2429 0 10553
2430 0 8259
2430 0 8330
2430 0 9271
2431 0 8223
2431 0 8238
2431 0 8467
2431 0 9747
2432 0 8226
2432 0 8270
2432 0 8378
2432 0 9099
2433 0 8220
2433 0 8334
2434 0 8225
2434 0 8248
2434 0 9177
2435 0 8223
2435 0 8339
2435 0 9339
2436 0 8223
2436 0 8339
2436 0 9338
2436 0 9339
2437 0 8220
2437 0 8338
2437 0 10508
2438 0 8261
2438 0 8262
2438 0 9160
2438 0 9535
2439 0 8223
2439 0 8307
2439 0 9501
2439 0 9505
2440 0 8208
2440 0 8233
2440 0 9026
2441 0 8230
2441 0 8266
2441 0 9120
2441 0 10445
2442 0 8295
2442 0 8297
2443 0 8223
2443 0 8339
2443 0 8693
2444 0 8208
2444 0 8233
2445 0 8261
2445 0 8289
2446 0 8240
2446 0 8248
2446 0 9669
2446 0 10293
2447 0 8223
2447 0 8323
2447 0 9653
2447 0 10242
2448 0 8220
2448 0 8244
2449 0 8210
2449 0 8295
2449 0 9141
2450 0 8288
2450 0 8292
2451 0 8208
2451 0 8233
2451 0 10290
2451 0 10338
2452 0 8208
2452 0 8214
2453 0 8257
2453 0 8281
2453 0 8852
2454 0 8223
2454 0 8323
2454 0 10229
2455 0 8197
2455 0 8253
2455 0 8368
2455 0 10549
2456 0 8235
2456 0 8268
2456 0 8542
2456 0 8750
2457 0 8295
2457 0 8296
2457 0 10358
2458 0 8295
2458 0 8319
2458 0 9808
2459 0 8220
2459 0 8338
2459 0 8693
2459 0 10501
2460 0 8261
2460 0 8262
2461 0 8220
2461 0 8292
2462 0 8230
2462 0 8266
2462 0 8668
2462 0 9117
2463 0 8223
2463 0 8278
2464 0 8267
2464 0 8295
2464 0 9576
2465 0 8299
2465 0 8300
2466 0 8299
2466 0 8300
2466 0 10298
2467 0 8328
2467 0 8329
2467 0 10405
2468 0 8261
2468 0 8285
2468 0 10566
2469 0 8257
2469 0 8281
2469 0 9335
2470 0 8203
2470 0 8220
2471 0 8208
2471 0 8214
2472 0 8223
2472 0 8339
2472 0 8477
2473 0 8208
2473 0 8218
2473 0 9283
2474 0 8197
2474 0 8253
2474 0 9175
2475 0 8223
2475 0 8339
2475 0 10542
2476 0 8219
2476 0 8223
2476 0 8497
2477 0 8197
2477 0 8253
2478 0 8197
2478 0 8253
2478 0 9141
2479 0 8227
2479 0 8299
2479 0 9756
2479 0 10204
2480 0 8220
2480 0 8338
2480 0 10542
2481 0 8208
2481 0 8250
2482 0 8261
2482 0 8292
2483 0 8208
2483 0 8269
2483 0 9522
2483 0 9946
2484 0 8328
2484 0 8329
2484 0 10383
2485 0 8227
2485 0 8299
2485 0 8702
2485 0 9756
2486 0 8208
2486 0 8308
2487 0 8211
2487 0 8266
2487 0 9650
2488 0 8226
2488 0 8270
2488 0 8892
2489 0 8208
2489 0 8214
2489 0 9794
2489 0 10154
2490 0 8240
2490 0 8248
2490 0 9669
2490 0 10260
2491 0 8240
2491 0 8248
2491 0 9669
2491 0 10357
2492 0 8223
2492 0 8278
2492 0 8512
2492 0 9404
2493 0 8248
2493 0 8274
2493 0 8728
2494 0 8208
2494 0 8233
2494 0 8706
2494 0 10290
2495 0 8220
2495 0 8244
2495 0 8403
2495 0 8467
2496 0 8223
2496 0 8339
2497 0 8295
2497 0 8297
2498 0 8204
2498 0 8268
2498 0 9904
2499 0 8255
2499 0 8295
2500 0 8223
2500 0 8238
2500 0 8346
2500 0 9260
2501 0 8229
2501 0 8328
2501 0 9612
2502 0 8242
2502 0 8288
2502 0 9294
2502 0 9309
2503 0 8223
2503 0 8339
2503 0 9570
2504 0 8219
2504 0 8223
2504 0 9723
2504 0 10142
2505 0 8229
2505 0 8328
2505 0 9670
2506 0 8215
2506 0 8270
2506 0 8884
2507 0 8208
2507 0 8214
2508 0 8223
2508 0 8278
2508 0 9404
2508 0 9412
2509 0 8240
2509 0 8248
2509 0 8587
2509 0 9632
2510 0 8223
2510 0 8307
2511 0 8270
2511 0 8320
2511 0 10317
2512 0 8299
2512 0 8301
2513 0 8277
2513 0 8288
2513 0 9726
2514 0 8223
2514 0 8339
2514 0 8354
2514 0 10490
2515 0 8223
2515 0 8339
2515 0 9565
2516 0 8223
2516 0 8339
2516 0 9520
2517 0 8277
2517 0 8288
2518 0 8208
2518 0 8233
2518 0 9026
2519 0 8223
2519 0 8307
2519 0 9072
2520 0 8261
2520 0 8262
2520 0 8824
2520 0 8849
2521 0 8288
2521 0 8292
2521 0 8933
2521 0 10569
2522 0 8223
2522 0 8224
2522 0 10438
2523 0 8239
2523 0 8268
2523 0 8739
2524 0 8223
2524 0 8307
2524 0 10123
2525 0 8265
2525 0 8299
2525 0 9792
2525 0 9949
2526 0 8223
2526 0 8339
2526 0 9501
2526 0 9511
2527 0 8248
2527 0 8325
2528 0 8219
2528 0 8223
2528 0 8970
2528 0 8973
2529 0 8248
2529 0 8292
2529 0 9669
2530 0 8234
2530 0 8248
2530 0 10328
2531 0 8277
2531 0 8288
2532 0 8223
2532 0 8307
2532 0 10473
2533 0 8223
2533 0 8323
2533 0 10517
2534 0 8226
2534 0 8270
2534 0 9096
2535 0 8299
2535 0 8336
2535 0 9193
2535 0 10450
2536 0 8235
2536 0 8268
2536 0 8699
2536 0 10269
2537 0 8208
2537 0 8233
2538 0 8208
2538 0 8290
2538 0 8940
2538 0 10214
2539 0 8277
2539 0 8288
2539 0 9718
2540 0 8223
2540 0 8322
2540 0 8846
2540 0 10018
2541 0 8208
2541 0 8218
2541 0 9713
2542 0 8261
2542 0 8285
2542 0 9865
2543 0 8234
2543 0 8248
2544 0 8223
2544 0 8339
2544 0 9339
2545 0 8220
2545 0 8338
2545 0 10542
2546 0 8208
2546 0 8233
2546 0 8374
2547 0 8226
2547 0 8270
2548 0 8223
2548 0 8278
2548 0 10318
2549 0 8223
2549 0 8307
2549 0 10275
2550 0 8223
2550 0 8339
2550 0 9503
2550 0 10019
2551 0 8208
2551 0 8273
2552 0 8223
2552 0 8339
2553 0 8270
2553 0 8271
2553 0 9659
2553 0 10405
2554 0 8196
2554 0 8220
2554 0 9719
2555 0 8270
2555 0 8317
2556 0 8270
2556 0 8320
2556 0 9663
2556 0 9668
2557 0 8223
2557 0 8339
2557 0 9723
2557 0 10142
2558 0 8288
2558 0 8292
2558 0 10325
2559 0 8208
2559 0 8231
2560 0 8208
2560 0 8250
2560 0 10405
2561 0 8208
2561 0 8250
2562 0 8281
2562 0 8284
2563 0 8223
2563 0 8322
2564 0 8261
2564 0 8285
2564 0 9311
2565 0 8223
2565 0 8307
2565 0 10053
2566 0 8208
2566 0 8250
2566 0 10405
2566 0 10542
2567 0 8223
2567 0 8339
2568 0 8204
2568 0 8268
2568 0 8806
2568 0 8810
2569 0 8246
2569 0 8295
2569 0 9574
2570 0 8208
2570 0 8231
2571 0 8208
2571 0 8214
2572 0 8197
2572 0 8253
2572 0 9230
2573 0 8197
2573 0 8272
2573 0 8466
2573 0 9551
2574 0 8223
2574 0 8307
2574 0 9325
2574 0 10048
2575 0 8223
2575 0 8307
2575 0 10163
2576 0 8219
2576 0 8223
2576 0 9822
2576 0 9888
2577 0 8220
2577 0 8222
2578 0 8208
2578 0 8233
2579 0 8208
2579 0 8233
2580 0 8208
2580 0 8233
2580 0 9691
2581 0 8223
2581 0 8307
2581 0 9494
2581 0 9496
2582 0 8223
2582 0 8339
2582 0 8640
2582 0 10542
2583 0 8210
2583 0 8295
2583 0 9517
2584 0 8204
2584 0 8268
2585 0 8223
2585 0 8339
2585 0 8896
2585 0 10577
2586 0 8227
2586 0 8299
2586 0 9949
2586 0 9977
2587 0 8220
2587 0 8338
2587 0 10542
2588 0 8223
2588 0 8307
2588 0 10019
2589 0 8223
2589 0 8278
2589 0 9074
2589 0 9744
2590 0 8208
2590 0 8250
2591 0 8208
2591 0 8250
2591 0 10519
2592 0 8219
2592 0 8223
2592 0 8490
2593 0 8299
2593 0 8336
2593 0 10450
2593 0 10454
2594 0 8223
2594 0 8339
2595 0 8223
2595 0 8339
2595 0 9520
2596 0 8208
2596 0 8233
2597 0 8223
2597 0 8339
2597 0 8640
2598 0 8208
2598 0 8252
2598 0 9468
2598 0 9519
2599 0 8208
2599 0 8231
2600 0 8248
2600 0 8318
2601 0 8270
2601 0 8317
2601 0 9294
2601 0 9308
2602 0 8280
2602 0 8295
2603 0 8223
2603 0 8322
2604 0 8208
2604 0 8250
2605 0 8208
2605 0 8250
2605 0 8444
2606 0 8208
2606 0 8233
2606 0 8374
2606 0 9396
2607 0 8199
2607 0 8270
2608 0 8270
2608 0 8320
2609 0 8288
2609 0 8292
2610 0 8299
2610 0 8300
2610 0 9949
2611 0 8223
2611 0 8339
2611 0 8477
2612 0 8223
2612 0 8307
2613 0 8230
2613 0 8266
2613 0 8657
2613 0 9117
2614 0 8208
2614 0 8290
2615 0 8223
2615 0 8228
2616 0 8299
2616 0 8336
2616 0 8404
2616 0 10450
2617 0 8220
2617 0 8334
2617 0 10423
2618 0 8223
2618 0 8278
2618 0 8640
2618 0 10110
2619 0 8277
2619 0 8288
2619 0 9713
2620 0 8261
2620 0 8289
2620 0 8590
2621 0 8261
2621 0 8285
2621 0 8691
2621 0 8766
2622 0 8295
2622 0 8311
2622 0 9514
2622 0 9990
2623 0 8261
2623 0 8292
2623 0 9367
2623 0 9505
2624 0 8219
2624 0 8223
2624 0 8970
2624 0 10142
2625 0 8261
2625 0 8262
2625 0 8379
2625 0 9389
2626 0 8223
2626 0 8307
2627 0 8223
2627 0 8339
2628 0 8208
2628 0 8233
2628 0 10290
2628 0 10313
2629 0 8208
2629 0 8233
2630 0 8220
2630 0 8244
2631 0 8208
2631 0 8308
2631 0 10027
2631 0 10030
2632 0 8261
2632 0 8289
2632 0 9607
2632 0 9611
2633 0 8223
2633 0 8278
2633 0 9412
2633 0 9413
2634 0 8208
2634 0 8250
2634 0 10405
2635 0 8295
2635 0 8297
2635 0 9631
2636 0 8270
2636 0 8304
2636 0 8444
2636 0 8639
2637 0 8226
2637 0 8270
2637 0 9014
2638 0 8208
2638 0 8233
2638 0 8374
2639 0 8270
2639 0 8317
2639 0 10173
2640 0 8223
2640 0 8228
2641 0 8220
2641 0 8338
2641 0 10542
2642 0 8223
2642 0 8339
2642 0 9486
2642 0 9487
2643 0 8242
2643 0 8288
2643 0 9294
2643 0 9307
2644 0 8279
2644 0 8299
2645 0 8208
2645 0 8250
2645 0 8436
2645 0 8444
2646 0 8220
2646 0 8338
2646 0 10542
2647 0 8248
2647 0 8276
2648 0 8223
2648 0 8322
2649 0 8277
2649 0 8288
2649 0 9719
2650 0 8208
2650 0 8250
2651 0 8199
2651 0 8270
2651 0 8416
2652 0 8208
2652 0 8231
2653 0 8277
2653 0 8288
2653 0 9713
2654 0 8261
2654 0 8292
2654 0 9075
2654 0 9125
2655 0 8208
2655 0 8233
2655 0 9200
2655 0 9713
2656 0 8261
2656 0 8292
2656 0 10065
2657 0 8208
2657 0 8214
2658 0 8208
2658 0 8269
2658 0 8422
2658 0 8423
2659 0 8261
2659 0 8285
2659 0 10393
2660 0 8277
2660 0 8288
2660 0 9713
2661 0 8255
2661 0 8295
2661 0 8806
2662 0 8281
2662 0 8284
2662 0 8560
2663 0 8281
2663 0 8282
2664 0 8261
2664 0 8285
2664 0 8833
2665 0 8208
2665 0 8214
2666 0 8208
2666 0 8233
2667 0 8208
2667 0 8233
2668 0 8295
2668 0 8306
2669 0 8223
2669 0 8322
2669 0 8968
2670 0 8223
2670 0 8322
2671 0 8223
2671 0 8322
2671 0 8433
2671 0 8968
2672 0 8223
2672 0 8322
2672 0 8968
2673 0 8215
2673 0 8270
2673 0 8884
2674 0 8208
2674 0 8250
2674 0 8444
2674 0 9760
2675 0 8208
2675 0 8233
2675 0 8978
2675 0 9657
2676 0 8277
2676 0 8288
2676 0 9713
2676 0 9987
2677 0 8223
2677 0 8339
2678 0 8223
2678 0 8339
2678 0 10197
2678 0 10502
2679 0 8223
2679 0 8339
2679 0 9784
2679 0 9896
2680 0 8223
2680 0 8278
2681 0 8328
2681 0 8329
2682 0 8277
2682 0 8288
2682 0 9713
2683 0 8261
2683 0 8292
2683 0 8950
2683 0 8956
2684 0 8196
2684 0 8220
2685 0 8246
2685 0 8295
2686 0 8196
2686 0 8220
2686 0 9545
2687 0 8270
2687 0 8335
2687 0 10479
2688 0 8230
2688 0 8266
2688 0 9456
2689 0 8208
2689 0 8273
2690 0 8261
2690 0 8262
2690 0 8689
2690 0 8766
2691 0 8223
2691 0 8307
2691 0 9501
2692 0 8220
2692 0 8244
2692 0 8537
2692 0 9009
2693 0 8208
2693 0 8326
2693 0 10222
2694 0 8208
2694 0 8308
2695 0 8223
2695 0 8307
2695 0 8950
2695 0 8955
2696 0 8261
2696 0 8289
2696 0 9986
2697 0 8328
2697 0 8329
2697 0 10405
2698 0 8200
2698 0 8270
2698 0 9294
2698 0 9296
2699 0 8223
2699 0 8339
2699 0 10497
2700 0 8295
2700 0 8306
2700 0 10014
2701 0 8220
2701 0 8334
2701 0 10032
2702 0 8219
2702 0 8223
2702 0 8970
2702 0 8973
2703 0 8197
2703 0 8272
2703 0 8550
2703 0 8755
2704 0 8223
2704 0 8278
2705 0 8223
2705 0 8339
2705 0 10417
2705 0 10491
2706 0 8299
2706 0 8301
2706 0 8841
2706 0 9596
2707 0 8261
2707 0 8289
2707 0 9725
2707 0 9727
2708 0 8220
2708 0 8334
2708 0 8592
2708 0 10511
2709 0 8270
2709 0 8317
2709 0 10173
2710 0 8288
2710 0 8316
2710 0 10127
2710 0 10131
2711 0 8281
2711 0 8282
2711 0 9779
2711 0 9780
2712 0 8196
2712 0 8220
2712 0 10356
2712 0 10403
2713 0 8208
2713 0 8218
2714 0 8223
2714 0 8339
2714 0 9333
2715 0 8261
2715 0 8285
2716 0 8275
2716 0 8295
2716 0 10083
2716 0 10267
2717 0 8277
2717 0 8288
2717 0 9713
2718 0 8227
2718 0 8299
2718 0 8758
2719 0 8208
2719 0 8269
2719 0 10030
2720 0 8197
2720 0 8272
2720 0 8647
2720 0 8648
2721 0 8270
2721 0 8271
2721 0 9659
2722 0 8226
2722 0 8270
2722 0 9096
2722 0 9099
2723 0 8277
2723 0 8288
2723 0 9713
2724 0 8230
2724 0 8266
2725 0 8220
2725 0 8338
2725 0 10542
2726 0 8328
2726 0 8329
2727 0 8207
2727 0 8270
2728 0 8240
2728 0 8248
2729 0 8199
2729 0 8270
2729 0 8444
2730 0 8223
2730 0 8228
2730 0 9857
2731 0 8208
2731 0 8214
2731 0 10266
2732 0 8210
2732 0 8295
2733 0 8223
2733 0 8278
2734 0 8281
2734 0 8305
2734 0 9024
2735 0 8197
2735 0 8321
2735 0 9385
2735 0 10540
2736 0 8270
2736 0 8320
2736 0 9815
2736 0 9816
2737 0 8292
2737 0 8299
2737 0 8414
2738 0 8208
2738 0 8214
2739 0 8199
2739 0 8270
2739 0 10339
2740 0 8223
2740 0 8278
2740 0 8512
2740 0 9404
2741 0 8223
2741 0 8339
2741 0 8640
2742 0 8275
2742 0 8295
2743 0 8328
2743 0 8329
2743 0 10405
2744 0 8223
2744 0 8322
2744 0 9284
2744 0 9285
2745 0 8208
2745 0 8214
2745 0 9992
2746 0 8226
2746 0 8270
2747 0 8261
2747 0 8285
2747 0 10052
2747 0 10168
2748 0 8223
2748 0 8339
2749 0 8261
2749 0 8292
2749 0 9276
2749 0 10054
2750 0 8223
2750 0 8339
2750 0 10493
2751 0 8220
2751 0 8244
2751 0 8403
2752 0 8208
2752 0 8231
2753 0 8261
2753 0 8292
2754 0 8242
2754 0 8288
2754 0 9310
2755 0 8223
2755 0 8307
2755 0 9830
2755 0 10052
2756 0 8208
2756 0 8250
2757 0 8208
2757 0 8250
2757 0 10173
2758 0 8226
2758 0 8270
2758 0 9295
2759 0 8220
2759 0 8237
2759 0 8348
2759 0 9260
2760 0 8261
2760 0 8285
2760 0 9803
2760 0 10566
2761 0 8223
2761 0 8238
2761 0 9503
2762 0 8208
2762 0 8250
2762 0 8512
2762 0 9413
2763 0 8261
2763 0 8292
2763 0 8423
2763 0 9697
2764 0 8208
2764 0 8310
2764 0 9216
2764 0 10084
2765 0 8223
2765 0 8307
2766 0 8220
2766 0 8292
2767 0 8223
2767 0 8339
2767 0 10542
2768 0 8281
2768 0 8305
2768 0 9491
2769 0 8215
2769 0 8270
2770 0 8220
2770 0 8338
2770 0 8994
2770 0 9439
2771 0 8288
2771 0 8292
2772 0 8241
2772 0 8266
2772 0 9280
2772 0 10477
2773 0 8220
2773 0 8338
2773 0 8640
2773 0 8994
2774 0 8223
2774 0 8307
2774 0 10108
2775 0 8277
2775 0 8288
2776 0 8223
2776 0 8339
2776 0 10027
2776 0 10123
2777 0 8261
2777 0 8292
2778 0 8223
2778 0 8339
2778 0 8693
2778 0 9338
2779 0 8261
2779 0 8289
2779 0 9607
2779 0 9611
2780 0 8295
2780 0 8297
2781 0 8261
2781 0 8262
2781 0 8958
2781 0 9875
2782 0 8208
2782 0 8218
2782 0 10141
2782 0 10284
2783 0 8223
2783 0 8339
2784 0 8280
2784 0 8295
2785 0 8223
2785 0 8339
2785 0 9465
2786 0 8247
2786 0 8261
2786 0 8533
2786 0 8534
2787 0 8277
2787 0 8288
2788 0 8277
2788 0 8288
2789 0 8277
2789 0 8288
2790 0 8208
2790 0 8269
2790 0 8563
2790 0 9417
2791 0 8292
2791 0 8295
2792 0 8208
2792 0 8214
2793 0 8261
2793 0 8289
2793 0 9607
2794 0 8261
2794 0 8292
2794 0 10325
2795 0 8208
2795 0 8308
2796 0 8295
2796 0 8297
2797 0 8295
2797 0 8306
2798 0 8270
2798 0 8320
2798 0 10234
2799 0 8270
2799 0 8320
2799 0 10234
2799 0 10235
2800 0 8226
2800 0 8270
2800 0 8444
2800 0 8458
2801 0 8208
2801 0 8310
2801 0 9143
2801 0 9347
2802 0 8280
2802 0 8295
2802 0 9770
2803 0 8223
2803 0 8339
2803 0 8693
2804 0 8208
2804 0 8250
2805 0 8223
2805 0 8339
2805 0 9505
2805 0 10422
2806 0 8223
2806 0 8307
2806 0 9501
2807 0 8261
2807 0 8292
2807 0 10105
2807 0 10138
2808 0 8277
2808 0 8288
2809 0 8230
2809 0 8266
2809 0 9115
2809 0 9117
2810 0 8220
2810 0 8244
2810 0 8403
2811 0 8220
2811 0 8222
2811 0 8403
2812 0 8223
2812 0 8339
2812 0 9339
2813 0 8208
2813 0 8250
2813 0 8444
2813 0 9064
2814 0 8223
2814 0 8322
2814 0 8354
2814 0 8698
2815 0 8220
2815 0 8244
2815 0 8403
2815 0 9017
2816 0 8223
2816 0 8307
2816 0 8698
2817 0 8208
2817 0 8250
2817 0 8450
2818 0 8220
2818 0 8244
2819 0 8261
2819 0 8292
2819 0 10127
2820 0 8207
2820 0 8270
2821 0 8213
2821 0 8299
2822 0 8216
2822 0 8295
2822 0 8898
2823 0 8223
2823 0 8307
2823 0 9503
2823 0 9839
2824 0 8204
2824 0 8268
2824 0 9618
2824 0 9619
2825 0 8223
2825 0 8339
2825 0 9896
2826 0 8261
2826 0 8285
2827 0 8223
2827 0 8307
2827 0 9896
2828 0 8267
2828 0 8295
2829 0 8294
2829 0 8295
2830 0 8223
2830 0 8307
2830 0 9501
2830 0 9505
2831 0 8295
2831 0 8306
2831 0 9025
2832 0 8223
2832 0 8323
2832 0 8501
2832 0 10347
2833 0 8261
2833 0 8292
2833 0 8549
2834 0 8220
2834 0 8338
2834 0 8403
2834 0 8994
2835 0 8208
2835 0 8233
2836 0 8240
2836 0 8248
2836 0 8536
2836 0 9142
2837 0 8208
2837 0 8308
2837 0 8422
2838 0 8240
2838 0 8248
2838 0 10405
2839 0 8295
2839 0 8306
2839 0 10267
2840 0 8208
2840 0 8233
2840 0 9471
2840 0 9473
2841 0 8220
2841 0 8334
2841 0 9404
2841 0 9408
2842 0 8281
2842 0 8305
2842 0 8365
2842 0 9491
2843 0 8226
2843 0 8270
2844 0 8223
2844 0 8238
2844 0 10251
2845 0 8223
2845 0 8323
2845 0 10178
2846 0 8223
2846 0 8307
2846 0 9072
2846 0 9501
2847 0 8223
2847 0 8307
2847 0 8505
2848 0 8208
2848 0 8269
2848 0 9418
2848 0 10062
2849 0 8220
2849 0 8338
2850 0 8208
2850 0 8233
2851 0 8248
2851 0 8276
2851 0 10299
2852 0 8281
2852 0 8284
2853 0 8223
2853 0 8307
2853 0 8698
2854 0 8247
2854 0 8261
2854 0 10052
2854 0 10077
2855 0 8223
2855 0 8339
2855 0 8427
2855 0 9460
2856 0 8220
2856 0 8244
2857 0 8199
2857 0 8270
2858 0 8242
2858 0 8288
2859 0 8261
2859 0 8289
2860 0 8208
2860 0 8314
2861 0 8208
2861 0 8269
2861 0 10027
2861 0 10030
2862 0 8223
2862 0 8339
2862 0 10275
2863 0 8208
2863 0 8269
2864 0 8261
2864 0 8292
2864 0 8950
2864 0 8957
2865 0 8208
2865 0 8233
2865 0 9689
2866 0 8223
2866 0 8228
2867 0 8223
2867 0 8278
2867 0 9404
2867 0 9408
2868 0 8208
2868 0 8314
2868 0 10155
2869 0 8216
2869 0 8295
2869 0 8898
2870 0 8223
2870 0 8339
2870 0 8640
2870 0 8693
2871 0 8223
2871 0 8339
2872 0 8223
2872 0 8307
2873 0 8198
2873 0 8270
2873 0 8884
2874 0 8208
2874 0 8269
2875 0 8295
2875 0 8296
2876 0 8261
2876 0 8262
2876 0 8690
2876 0 8766
2877 0 8223
2877 0 8307
2877 0 9839
2877 0 10245
2878 0 8295
2878 0 8306
2879 0 8223
2879 0 8238
2879 0 8777
2879 0 9432
2880 0 8299
2880 0 8301
2880 0 9947
2881 0 8251
2881 0 8268
2882 0 8220
2882 0 8338
2883 0 8328
2883 0 8329
2883 0 8781
2883 0 10308
2884 0 8245
2884 0 8270
2884 0 9331
2885 0 8223
2885 0 8278
2886 0 8267
2886 0 8295
2886 0 8799
2886 0 8800
2887 0 8270
2887 0 8320
2888 0 8299
2888 0 8301
2888 0 9598
2889 0 8270
2889 0 8320
2890 0 8261
2890 0 8285
2890 0 8849
2890 0 9805
2891 0 8261
2891 0 8292
2892 0 8223
2892 0 8307
2892 0 9494
2892 0 9495
2893 0 8268
2893 0 8332
2894 0 8261
2894 0 8262
2894 0 9420
2894 0 9419
2895 0 8277
2895 0 8288
2895 0 9713
2896 0 8261
2896 0 8262
2896 0 8449
2896 0 8457
2897 0 8223
2897 0 8278
2897 0 8512
2897 0 8516
2898 0 8223
2898 0 8322
2898 0 9512
2898 0 9532
2899 0 8277
2899 0 8288
2899 0 9713
2900 0 8208
2900 0 8231
2900 0 9096
2900 0 9099
2901 0 8220
2901 0 8334
2902 0 8220
2902 0 8338
2903 0 8208
2903 0 8252
2904 0 8275
2904 0 8295
2905 0 8208
2905 0 8231
2906 0 8230
2906 0 8266
2906 0 9992
2907 0 8223
2907 0 8238
2907 0 9262
2907 0 9952
2908 0 8248
2908 0 8292
2908 0 9353
2909 0 8295
2909 0 8319
2909 0 8369
2909 0 8370
2910 0 8223
2910 0 8224
2910 0 9284
2911 0 8223
2911 0 8339
2912 0 8223
2912 0 8307
2912 0 8617
2912 0 8954
2913 0 8208
2913 0 8209
2913 0 8882
2914 0 8223
2914 0 8339
2915 0 8208
2915 0 8250
2916 0 8257
2916 0 8281
2916 0 10457
2917 0 8208
2917 0 8233
2917 0 9085
2918 0 8208
2918 0 8214
2919 0 8270
2919 0 8317
2919 0 10173
2920 0 8295
2920 0 8297
2920 0 9574
2921 0 8208
2921 0 8231
2921 0 8436
2922 0 8208
2922 0 8252
2922 0 10090
2923 0 8219
2923 0 8223
2923 0 8493
2924 0 8261
2924 0 8292
2924 0 9723
2925 0 8295
2925 0 8311
2925 0 9050
2926 0 8270
2926 0 8320
2926 0 9015
2926 0 9668
2927 0 8223
2927 0 8307
2927 0 8970
2927 0 9507
2928 0 8223
2928 0 8339
2928 0 8693
2929 0 8208
2929 0 8250
2930 0 8223
2930 0 8307
2931 0 8292
2931 0 8330
2931 0 9505
2931 0 9508
2932 0 8208
2932 0 8218
2932 0 8984
2932 0 8985
2933 0 8295
2933 0 8297
2933 0 9391
2933 0 9392
2934 0 8270
2934 0 8335
2935 0 8261
2935 0 8292
2935 0 8457
2935 0 8784
2936 0 8223
2936 0 8307
2936 0 9485
2936 0 10522
2937 0 8223
2937 0 8339
2937 0 9212
2937 0 10493
2938 0 8223
2938 0 8339
2938 0 9645
2939 0 8270
2939 0 8304
2939 0 10155
2940 0 8196
2940 0 8220
2940 0 8569
2940 0 8834
2941 0 8223
2941 0 8339
2941 0 8354
2941 0 8965
2942 0 8261
2942 0 8262
2942 0 8690
2943 0 8210
2943 0 8295
2943 0 9518
2944 0 8299
2944 0 8336
2944 0 8944
2944 0 10450
2945 0 8261
2945 0 8289
2946 0 8223
2946 0 8238
2947 0 8208
2947 0 8231
2948 0 8223
2948 0 8339
2949 0 8208
2949 0 8233
2949 0 8463
2950 0 8261
2950 0 8262
2950 0 8690
2951 0 8223
2951 0 8228
2951 0 10541
2951 0 10542
2952 0 8251
2952 0 8268
2952 0 10363
2953 0 8295
2953 0 8311
2953 0 8465
2953 0 10560
2954 0 8267
2954 0 8295
2954 0 9770
2955 0 8277
2955 0 8288
2956 0 8223
2956 0 8278
2957 0 8223
2957 0 8307
2957 0 8849
2957 0 9600
2958 0 8270
2958 0 8320
2959 0 8223
2959 0 8339
2960 0 8208
2960 0 8218
2960 0 8964
2961 0 8198
2961 0 8270
2962 0 8220
2962 0 8237
2962 0 9439
2963 0 8288
2963 0 8316
2963 0 8667
2963 0 10127
2964 0 8208
2964 0 8250
2965 0 8220
2965 0 8244
2966 0 8223
2966 0 8238
2967 0 8255
2967 0 8295
2968 0 8277
2968 0 8288
2968 0 9644
2968 0 9706
2969 0 8270
2969 0 8317
2969 0 10173
2970 0 8208
2970 0 8214
2971 0 8295
2971 0 8297
2972 0 8225
2972 0 8248
2973 0 8235
2973 0 8268
2973 0 8606
2973 0 8656
2974 0 8257
2974 0 8281
2974 0 9953
2975 0 8261
2975 0 8285
2976 0 8223
2976 0 8339
2976 0 10123
2976 0 10124
2977 0 8295
2977 0 8306
2977 0 10368
2978 0 8208
2978 0 8269
2979 0 8208
2979 0 8314
2979 0 8884
2980 0 8226
2980 0 8270
2980 0 9659
2981 0 8261
2981 0 8285
2981 0 10517
2982 0 8223
2982 0 8238
2982 0 10409
2982 0 10452
2983 0 8208
2983 0 8326
2983 0 8871
2983 0 9014
2984 0 8208
2984 0 8308
2984 0 10023
2984 0 10024
2985 0 8197
2985 0 8253
2986 0 8220
2986 0 8292
2986 0 8970
2986 0 8973
2987 0 8227
2987 0 8299
2988 0 8270
2988 0 8317
2988 0 10173
2989 0 8223
2989 0 8278
2989 0 9749
2989 0 9751
2990 0 8208
2990 0 8233
2991 0 8295
2991 0 8297
2991 0 9291
2991 0 9292
2992 0 8261
2992 0 8292
2992 0 8354
2992 0 8356
2993 0 8261
2993 0 8262
2994 0 8208
2994 0 8250
2995 0 8223
2995 0 8322
2996 0 8223
2996 0 8339
2997 0 8294
2997 0 8295
2997 0 9605
2998 0 8197
2998 0 8253
2999 0 8208
2999 0 8273
3000 0 8295
3000 0 8297
3000 0 9102
3001 0 8261
3001 0 8262
3001 0 8576
3001 0 9700
3002 0 8223
3002 0 8339
3003 0 8223
3003 0 8323
3004 0 8248
3004 0 8318
3004 0 8646
3004 0 9543
3005 0 8208
3005 0 8250
3006 0 8208
3006 0 8233
3007 0 8223
3007 0 8278
3007 0 9074
3007 0 9744
3008 0 8261
3008 0 8292
3009 0 8219
3009 0 8223
3009 0 8970
3009 0 10099
3010 0 8208
3010 0 8218
3010 0 8673
3010 0 8685
3011 0 8277
3011 0 8288
3012 0 8208
3012 0 8231
3013 0 8208
3013 0 8214
3014 0 8223
3014 0 8339
3014 0 10275
3015 0 8295
3015 0 8306
3016 0 8223
3016 0 8339
3016 0 9503
3017 0 8261
3017 0 8292
3017 0 9284
3018 0 8261
3018 0 8262
3019 0 8295
3019 0 8306
3019 0 10027
3019 0 10030
3020 0 8208
3020 0 8250
3021 0 8208
3021 0 8326
3022 0 8208
3022 0 8314
3023 0 8261
3023 0 8285
3023 0 8467
3023 0 9926
3024 0 8220
3024 0 8338
3024 0 9086
3025 0 8210
3025 0 8295
3025 0 9197
3026 0 8261
3026 0 8262
3026 0 9617
3027 0 8208
3027 0 8254
3027 0 9470
3027 0 9626
3028 0 8261
3028 0 8292
3028 0 8515
3029 0 8328
3029 0 8329
3030 0 8247
3030 0 8261
3030 0 8533
3031 0 8275
3031 0 8295
3031 0 10267
3032 0 8267
3032 0 8295
3032 0 9576
3032 0 10469
3033 0 8223
3033 0 8339
3033 0 10542
3034 0 8208
3034 0 8231
3034 0 8931
3035 0 8295
3035 0 8297
3036 0 8208
3036 0 8314
3036 0 10155
3036 0 10156
3037 0 8223
3037 0 8339
3037 0 8480
3038 0 8270
3038 0 8271
3038 0 8650
3038 0 8742
3039 0 8223
3039 0 8339
3039 0 10510
3040 0 8208
3040 0 8252
3040 0 9384
3041 0 8219
3041 0 8223
3041 0 10142
3042 0 8197
3042 0 8272
3042 0 8408
3042 0 8849
3043 0 8208
3043 0 8218
3044 0 8295
3044 0 8327
3044 0 8662
3044 0 9683
3045 0 8223
3045 0 8339
3045 0 9486
3045 0 9488
3046 0 8208
3046 0 8250
3047 0 8208
3047 0 8231
3048 0 8299
3048 0 8336
3048 0 10512
3048 0 10514
3049 0 8223
3049 0 8339
3049 0 10510
3050 0 8223
3050 0 8339
3050 0 9048
3050 0 10500
3051 0 8275
3051 0 8295
3051 0 8893
3051 0 9074
3052 0 8277
3052 0 8288
3053 0 8223
3053 0 8339
3053 0 9832
3054 0 8223
3054 0 8307
3054 0 9404
3054 0 9744
3055 0 8197
3055 0 8272
3055 0 8432
3055 0 9602
3056 0 8220
3056 0 8244
3056 0 9323
3057 0 8270
3057 0 8271
3057 0 8416
3057 0 9659
3058 0 8223
3058 0 8323
3059 0 8208
3059 0 8214
3060 0 8208
3060 0 8233
3061 0 8261
3061 0 8292
3061 0 8423
3061 0 10242
3062 0 8261
3062 0 8285
3062 0 8580
3062 0 8849
3063 0 8281
3063 0 8283
3063 0 9491
3064 0 8220
3064 0 8222
3064 0 8403
3065 0 8281
3065 0 8284
3066 0 8204
3066 0 8268
3066 0 8813
3066 0 9584
3067 0 8251
3067 0 8268
3067 0 9479
3067 0 9480
3068 0 8220
3068 0 8222
3068 0 8513
3068 0 9744
3069 0 8220
3069 0 8338
3069 0 8403
3069 0 10495
3070 0 8223
3070 0 8307
3070 0 8698
3071 0 8208
3071 0 8308
3071 0 10024
3071 0 10025
3072 0 8208
3072 0 8233
3072 0 10290
3073 0 8208
3073 0 8252
3073 0 10234
3074 0 8223
3074 0 8339
3074 0 10124
3075 0 8204
3075 0 8268
3076 0 8208
3076 0 8218
3076 0 8673
3076 0 10106
3077 0 8197
3077 0 8272
3077 0 8432
3077 0 9602
3078 0 8255
3078 0 8295
3078 0 8632
3078 0 9827
3079 0 8223
3079 0 8339
3079 0 8693
3079 0 10159
3080 0 8299
3080 0 8300
3080 0 8702
3080 0 9019
3081 0 8223
3081 0 8278
3081 0 8467
3081 0 9672
3082 0 8270
3082 0 8320
3083 0 8261
3083 0 8289
3083 0 9560
3083 0 9607
3084 0 8208
3084 0 8233
3084 0 9719
3085 0 8261
3085 0 8292
3085 0 8784
3085 0 9704
3086 0 8223
3086 0 8307
3086 0 8698
3087 0 8208
3087 0 8252
3087 0 10234
3088 0 8208
3088 0 8214
3088 0 9145
3088 0 9679
3089 0 8208
3089 0 8290
3089 0 8483
3089 0 9418
3090 0 8277
3090 0 8288
3091 0 8208
3091 0 8209
3091 0 8882
3091 0 8883
3092 0 8277
3092 0 8288
3093 0 8288
3093 0 8292
3094 0 8208
3094 0 8273
3094 0 10454
3095 0 8223
3095 0 8323
3095 0 10349
3096 0 8223
3096 0 8339
3096 0 10542
3097 0 8277
3097 0 8288
3098 0 8261
3098 0 8292
3098 0 8497
3098 0 8498
3099 0 8226
3099 0 8270
3100 0 8277
3100 0 8288
3101 0 8261
3101 0 8285
3102 0 8223
3102 0 8307
3102 0 10052
3103 0 8208
3103 0 8252
3103 0 9425
3104 0 8223
3104 0 8238
3104 0 10452
3105 0 8270
3105 0 8320
3105 0 9167
3106 0 8208
3106 0 8252
3106 0 8882
3106 0 9448
3107 0 8270
3107 0 8335
3107 0 10561
3108 0 8219
3108 0 8223
3108 0 9873
3109 0 8208
3109 0 8233
3109 0 9195
3109 0 9196
3110 0 8210
3110 0 8295
3111 0 8208
3111 0 8292
3111 0 9353
3111 0 9354
3112 0 8261
3112 0 8262
3112 0 10045
3113 0 8223
3113 0 8238
3114 0 8220
3114 0 8244
3115 0 8257
3115 0 8281
3115 0 9335
3116 0 8295
3116 0 8297
3117 0 8230
3117 0 8266
3117 0 9317
3118 0 8248
3118 0 8287
3119 0 8261
3119 0 8262
3119 0 8354
3119 0 8355
3120 0 8261
3120 0 8262
3120 0 9352
3120 0 9356
3121 0 8261
3121 0 8262
3121 0 9804
3121 0 9900
3122 0 8223
3122 0 8278
3122 0 9159
3122 0 10530
3123 0 8223
3123 0 8278
3123 0 9744
3124 0 8270
3124 0 8320
3125 0 8208
3125 0 8314
3125 0 10155
3126 0 8277
3126 0 8288
3127 0 8277
3127 0 8288
3128 0 8223
3128 0 8238
3128 0 10452
3128 0 10453
3129 0 8277
3129 0 8288
3129 0 10471
3130 0 8223
3130 0 8307
3131 0 8208
3131 0 8292
3131 0 8933
3131 0 9704
3132 0 8223
3132 0 8238
3132 0 9260
3132 0 10409
3133 0 8277
3133 0 8288
3134 0 8223
3134 0 8307
3134 0 9932
3135 0 8208
3135 0 8218
3135 0 8950
3135 0 8964
3136 0 8223
3136 0 8339
3136 0 10542
3137 0 8261
3137 0 8292
3137 0 8697
3137 0 10019
3138 0 8223
3138 0 8278
3139 0 8223
3139 0 8307
3139 0 9501
3139 0 9505
3140 0 8208
3140 0 8231
3141 0 8208
3141 0 8250
3141 0 10339
3142 0 8220
3142 0 8237
3142 0 9256
3142 0 9747
3143 0 8281
3143 0 8282
3144 0 8223
3144 0 8339
3144 0 10124
3145 0 8219
3145 0 8223
3145 0 8718
3146 0 8197
3146 0 8253
3147 0 8208
3147 0 8250
3147 0 10561
3148 0 8223
3148 0 8339
3149 0 8295
3149 0 8319
3150 0 8295
3150 0 8297
3151 0 8208
3151 0 8231
3151 0 9128
3152 0 8294
3152 0 8295
3152 0 8650
3152 0 8651
3153 0 8277
3153 0 8288
3154 0 8277
3154 0 8288
3155 0 8277
3155 0 8288
3156 0 8277
3156 0 8288
3157 0 8223
3157 0 8278
3157 0 8467
3157 0 8469
3158 0 8223
3158 0 8278
3158 0 8512
3158 0 8516
3159 0 8295
3159 0 8297
3160 0 8277
3160 0 8288
3160 0 9713
3161 0 8223
3161 0 8339
3161 0 9570
3161 0 9896
3162 0 8277
3162 0 8288
3162 0 9713
3162 0 9956
3163 0 8208
3163 0 8218
3164 0 8261
3164 0 8262
3164 0 8457
3165 0 8219
3165 0 8223
3165 0 8885
3165 0 8950
3166 0 8208
3166 0 8326
3166 0 8666
3166 0 8680
3167 0 8270
3167 0 8320
3168 0 8220
3168 0 8338
3168 0 8693
3169 0 8197
3169 0 8321
3170 0 8208
3170 0 8214
3170 0 8884
3171 0 8275
3171 0 8295
3172 0 8295
3172 0 8327
3173 0 8230
3173 0 8266
3173 0 9117
3173 0 9122
3174 0 8223
3174 0 8307
3175 0 8261
3175 0 8262
3175 0 9046
3176 0 8299
3176 0 8300
3176 0 9948
3176 0 9949
3177 0 8220
3177 0 8244
3177 0 8390
3177 0 8403
3178 0 8281
3178 0 8305
3178 0 9622
3178 0 10102
3179 0 8261
3179 0 8285
3179 0 8849
3180 0 8261
3180 0 8285
3180 0 10447
3181 0 8247
3181 0 8261
3181 0 9266
3182 0 8220
3182 0 8244
3182 0 8994
3182 0 9323
3183 0 8261
3183 0 8292
3183 0 10142
3184 0 8223
3184 0 8339
3184 0 8396
3184 0 8397
3185 0 8223
3185 0 8307
3185 0 8950
3186 0 8223
3186 0 8323
3187 0 8208
3187 0 8250
3188 0 8328
3188 0 8329
3189 0 8208
3189 0 8214
3190 0 8199
3190 0 8270
3190 0 8416
3191 0 8261
3191 0 8285
3191 0 10521
3191 0 10535
3192 0 8220
3192 0 8237
3192 0 9957
3192 0 9958
3193 0 8208
3193 0 8292
3194 0 8270
3194 0 8320
3194 0 9167
3194 0 9692
3195 0 8295
3195 0 8319
3196 0 8223
3196 0 8339
3196 0 8641
3197 0 8295
3197 0 8306
3197 0 9053
3197 0 9291
3198 0 8226
3198 0 8270
3199 0 8208
3199 0 8250
3200 0 8223
3200 0 8339
3200 0 9503
3201 0 8295
3201 0 8306
3202 0 8208
3202 0 8231
3202 0 9128
3203 0 8219
3203 0 8223
3203 0 8497
3203 0 8617
3204 0 8223
3204 0 8339
3204 0 8693
3204 0 9338
3205 0 8220
3205 0 8244
3205 0 8399
3205 0 9627
3206 0 8219
3206 0 8223
3206 0 8802
3207 0 8227
3207 0 8299
3207 0 8702
3207 0 10212
3208 0 8220
3208 0 8338
3209 0 8208
3209 0 8233
3209 0 9090
3209 0 10380
3210 0 8270
3210 0 8320
3210 0 8746
3210 0 9015
3211 0 8208
3211 0 8231
3212 0 8223
3212 0 8307
3212 0 9494
3212 0 9505
3213 0 8277
3213 0 8288
3213 0 9726
3214 0 8208
3214 0 8233
3214 0 8434
3214 0 8978
3215 0 8223
3215 0 8323
3215 0 9245
3215 0 9459
3216 0 8223
3216 0 8339
3216 0 10510
3217 0 8208
3217 0 8233
3217 0 9194
3217 0 9198
3218 0 8208
3218 0 8250
3219 0 8208
3219 0 8233
3220 0 8223
3220 0 8278
3220 0 8512
3220 0 9404
3221 0 8261
3221 0 8262
3221 0 8690
3221 0 8766
3222 0 8270
3222 0 8320
3222 0 9167
3222 0 9692
3223 0 8208
3223 0 8233
3224 0 8223
3224 0 8339
3225 0 8196
3225 0 8220
3225 0 9719
3225 0 9985
3226 0 8208
3226 0 8269
3227 0 8223
3227 0 8322
3227 0 8463
3227 0 8950
3228 0 8208
3228 0 8231
3228 0 9097
3229 0 8223
3229 0 8307
3229 0 9505
3230 0 8220
3230 0 8338
3230 0 8693
3230 0 10110
3231 0 8208
3231 0 8250
3232 0 8295
3232 0 8297
3232 0 9053
3233 0 8208
3233 0 8292
3233 0 9440
3234 0 8277
3234 0 8288
3234 0 9713
3235 0 8223
3235 0 8339
3236 0 8208
3236 0 8269
3236 0 10030
3237 0 8223
3237 0 8307
3238 0 8220
3238 0 8244
3238 0 8403
3239 0 8208
3239 0 8218
3239 0 8950
3239 0 8954
3240 0 8223
3240 0 8339
3241 0 8223
3241 0 8339
3242 0 8223
3242 0 8307
3242 0 8846
3242 0 10052
3243 0 8223
3243 0 8339
3243 0 8693
3243 0 9338
3244 0 8277
3244 0 8288
3244 0 9713
3245 0 8208
3245 0 8231
3246 0 8220
3246 0 8244
3246 0 8400
3247 0 8197
3247 0 8272
3248 0 8223
3248 0 8339
3248 0 9570
3249 0 8208
3249 0 8250
3249 0 8444
3249 0 8458
3250 0 8261
3250 0 8292
3250 0 10142
3250 0 10294
3251 0 8248
3251 0 8287
3251 0 10516
3252 0 8270
3252 0 8320
3252 0 9014
3252 0 9659
3253 0 8215
3253 0 8270
3254 0 8295
3254 0 8297
3254 0 8428
3255 0 8208
3255 0 8273
3255 0 8450
3255 0 10187
3256 0 8208
3256 0 8233
3256 0 9713
3257 0 8208
3257 0 8250
3257 0 10405
3258 0 8261
3258 0 8285
3258 0 8845
3259 0 8277
3259 0 8288
3260 0 8226
3260 0 8270
3260 0 8869
3260 0 8871
3261 0 8220
3261 0 8292
3261 0 9017
3261 0 9904
3262 0 8208
3262 0 8233
3263 0 8208
3263 0 8250
3264 0 8208
3264 0 8214
3264 0 8823
3265 0 8213
3265 0 8299
3265 0 9949
3265 0 10288
3266 0 8199
3266 0 8270
3267 0 8270
3267 0 8320
3268 0 8208
3268 0 8214
3269 0 8223
3269 0 8339
3270 0 8208
3270 0 8214
3271 0 8220
3271 0 8338
3271 0 10278
3272 0 8223
3272 0 8322
3272 0 10170
3273 0 8223
3273 0 8224
3273 0 9294
3273 0 9308
3274 0 8208
3274 0 8314
3274 0 8820
3274 0 10155
3275 0 8208
3275 0 8250
3275 0 9916
3275 0 9918
3276 0 8223
3276 0 8278
3277 0 8208
3277 0 8233
3278 0 8220
3278 0 8338
3279 0 8220
3279 0 8338
3280 0 8197
3280 0 8253
3281 0 8223
3281 0 8238
3281 0 10453
3282 0 8208
3282 0 8292
3283 0 8223
3283 0 8307
3283 0 9505
3284 0 8223
3284 0 8278
3285 0 8281
3285 0 8282
3286 0 8220
3286 0 8334
3286 0 10495
3287 0 8223
3287 0 8339
3287 0 9339
3288 0 8223
3288 0 8339
3288 0 8477
3289 0 8277
3289 0 8288
3290 0 8288
3290 0 8316
3290 0 10127
3291 0 8220
3291 0 8244
3291 0 8403
3292 0 8295
3292 0 8306
3292 0 9109
3292 0 9111
3293 0 8277
3293 0 8288
3294 0 8223
3294 0 8278
3294 0 9744
3295 0 8223
3295 0 8339
3295 0 8693
3295 0 9589
3296 0 8210
3296 0 8295
3296 0 10241
3297 0 8223
3297 0 8339
3297 0 10110
3297 0 10542
3298 0 8277
3298 0 8288
3298 0 9713
3299 0 8223
3299 0 8339
3299 0 8693
3299 0 10159
3300 0 8200
3300 0 8270
3301 0 8220
3301 0 8244
3301 0 9627
3302 0 8277
3302 0 8288
3302 0 9849
3303 0 8248
3303 0 8318
3303 0 9556
3304 0 8270
3304 0 8335
3304 0 9659
3304 0 9661
3305 0 8223
3305 0 8278
3305 0 8513
3305 0 9744
3306 0 8275
3306 0 8295
3306 0 9582
3306 0 9583
3307 0 8261
3307 0 8289
3308 0 8261
3308 0 8289
3309 0 8208
3309 0 8214
3310 0 8226
3310 0 8270
3311 0 8277
3311 0 8288
3311 0 10272
3312 0 8261
3312 0 8285
3312 0 10538
3313 0 8208
3313 0 8250
3313 0 8444
3314 0 8223
3314 0 8238
3315 0 8208
3315 0 8218
3315 0 8950
3315 0 8964
3316 0 8208
3316 0 8273
3317 0 8220
3317 0 8222
3317 0 8400
3318 0 8220
3318 0 8244
3318 0 8994
3318 0 9323
3319 0 8261
3319 0 8289
3319 0 9848
3320 0 8328
3320 0 8329
3320 0 10405
3321 0 8328
3321 0 8329
3321 0 8882
3321 0 10405
3322 0 8261
3322 0 8292
3322 0 8654
3322 0 8981
3323 0 8245
3323 0 8270
3324 0 8270
3324 0 8317
3324 0 10173
3325 0 8295
3325 0 8297
3326 0 8208
3326 0 8310
3326 0 8548
3326 0 8819
3327 0 8261
3327 0 8285
3327 0 10045
3328 0 8223
3328 0 8339
3328 0 9333
3329 0 8277
3329 0 8288
3329 0 9229
3329 0 9713
3330 0 8216
3330 0 8295
3331 0 8261
3331 0 8262
3331 0 8623
3331 0 8697
3332 0 8223
3332 0 8339
3333 0 8208
3333 0 8250
3333 0 9208
3334 0 8295
3334 0 8297
3335 0 8220
3335 0 8338
3336 0 8261
3336 0 8292
3336 0 8467
3336 0 8474
3337 0 8257
3337 0 8281
3338 0 8328
3338 0 8329
3339 0 8226
3339 0 8270
3339 0 8871
3339 0 9014
3340 0 8220
3340 0 8334
3341 0 8227
3341 0 8299
3341 0 9211
3342 0 8223
3342 0 8339
3342 0 8477
3343 0 8261
3343 0 8292
3343 0 9723
3343 0 10142
3344 0 8261
3344 0 8292
3344 0 9367
3345 0 8277
3345 0 8288
3345 0 8953
3345 0 9713
3346 0 8261
3346 0 8289
3346 0 10404
3347 0 8328
3347 0 8329
3347 0 8905
3347 0 9884
3348 0 8208
3348 0 8250
3349 0 8275
3349 0 8295
3350 0 8220
3350 0 8338
3351 0 8207
3351 0 8270
3351 0 9988
3352 0 8299
3352 0 8336
3353 0 8220
3353 0 8338
3353 0 10542
3354 0 8257
3354 0 8281
3354 0 9953
3355 0 8266
3355 0 8312
3355 0 8928
3355 0 10125
3356 0 8240
3356 0 8248
3356 0 9391
3356 0 9392
3357 0 8223
3357 0 8339
3357 0 8477
3358 0 8328
3358 0 8329
3358 0 10405
3359 0 8200
3359 0 8270
3359 0 8464
3359 0 9294
3360 0 8223
3360 0 8339
3360 0 9486
3361 0 8223
3361 0 8339
3361 0 8955
3362 0 8261
3362 0 8292
3362 0 8449
3362 0 8451
3363 0 8208
3363 0 8231
3363 0 10283
3364 0 8208
3364 0 8218
3364 0 8954
3364 0 10234
3365 0 8277
3365 0 8288
3365 0 9706
3365 0 10471
3366 0 8208
3366 0 8314
3366 0 9064
3367 0 8208
3367 0 8218
3368 0 8223
3368 0 8307
3368 0 9501
3368 0 9505
3369 0 8270
3369 0 8335
3369 0 9659
3370 0 8208
3370 0 8233
3371 0 8295
3371 0 8306
3371 0 8983
3372 0 8219
3372 0 8223
3372 0 9873
3372 0 10142
3373 0 8208
3373 0 8231
3373 0 9208
3374 0 8261
3374 0 8262
3374 0 8449
3374 0 8457
3375 0 8257
3375 0 8281
3375 0 9335
3376 0 8295
3376 0 8297
3377 0 8295
3377 0 8319
3377 0 10405
3378 0 8220
3378 0 8338
3379 0 8219
3379 0 8223
3379 0 10145
3380 0 8208
3380 0 8250
3381 0 8208
3381 0 8233
3382 0 8223
3382 0 8307
3382 0 9503
3383 0 8234
3383 0 8248
3383 0 9393
3383 0 10354
3384 0 8196
3384 0 8220
3385 0 8223
3385 0 8339
3385 0 9896
3385 0 10248
3386 0 8208
3386 0 8233
3386 0 10271
3387 0 8281
3387 0 8305
3388 0 8270
3388 0 8317
3389 0 8223
3389 0 8339
3389 0 8970
3389 0 9723
3390 0 8223
3390 0 8339
3390 0 8969
3390 0 8970
3391 0 8208
3391 0 8250
3392 0 8261
3392 0 8262
3392 0 8669
3392 0 9160
3393 0 8247
3393 0 8261
3393 0 9183
3393 0 9757
3394 0 8223
3394 0 8224
3394 0 8501
3395 0 8208
3395 0 8250
3396 0 8223
3396 0 8339
3397 0 8223
3397 0 8339
3398 0 8208
3398 0 8233
3399 0 8208
3399 0 8233
3399 0 9760
3399 0 10290
3400 0 8208
3400 0 8233
3400 0 8855
3400 0 9478
3401 0 8208
3401 0 8233
3401 0 8700
3401 0 9870
3402 0 8208
3402 0 8233
3403 0 8223
3403 0 8307
3403 0 10052
3404 0 8210
3404 0 8295
3404 0 9605
3405 0 8210
3405 0 8295
3406 0 8261
3406 0 8262
3407 0 8288
3407 0 8292
3408 0 8208
3408 0 8269
3409 0 8261
3409 0 8292
3409 0 8433
3409 0 8653
3410 0 8266
3410 0 8312
3410 0 8928
3411 0 8230
3411 0 8266
3412 0 8295
3412 0 8306
3412 0 10014
3412 0 10368
3413 0 8223
3413 0 8339
3413 0 8640
3414 0 8208
3414 0 8214
3415 0 8208
3415 0 8326
3416 0 8295
3416 0 8297
3416 0 9025
3417 0 8261
3417 0 8292
3417 0 10127
3417 0 10132
3418 0 8208
3418 0 8250
3419 0 8277
3419 0 8288
3419 0 9719
3420 0 8295
3420 0 8327
3420 0 9980
3420 0 10299
3421 0 8261
3421 0 8289
3421 0 9250
3421 0 9534
3422 0 8208
3422 0 8310
3423 0 8270
3423 0 8317
3423 0 10173
3424 0 8208
3424 0 8269
3424 0 9576
3425 0 8223
3425 0 8339
3426 0 8295
3426 0 8311
3426 0 9050
3427 0 8208
3427 0 8233
3427 0 8978
3427 0 9471
3428 0 8288
3428 0 8292
3428 0 8918
3429 0 8210
3429 0 8295
3430 0 8277
3430 0 8288
3430 0 9713
3430 0 9956
3431 0 8210
3431 0 8295
3432 0 8240
3432 0 8248
3433 0 8280
3433 0 8295
3434 0 8295
3434 0 8296
3434 0 8899
3434 0 8902
3435 0 8197
3435 0 8272
3435 0 8721
3435 0 9828
3436 0 8223
3436 0 8224
3437 0 8208
3437 0 8231
3438 0 8277
3438 0 8288
3438 0 9713
3439 0 8208
3439 0 8308
3440 0 8268
3440 0 8292
3440 0 9162
3440 0 10487
3441 0 8230
3441 0 8266
3442 0 8223
3442 0 8339
3442 0 9896
3442 0 10237
3443 0 8277
3443 0 8288
3443 0 9713
3443 0 9956
3444 0 8208
3444 0 8314
3444 0 9605
3445 0 8208
3445 0 8250
3446 0 8261
3446 0 8292
3446 0 8971
3446 0 10142
3447 0 8208
3447 0 8231
3448 0 8219
3448 0 8223
3448 0 9761
3449 0 8261
3449 0 8292
3449 0 8354
3449 0 8356
3450 0 8261
3450 0 8285
3451 0 8201
3451 0 8288
3451 0 9537
3452 0 8223
3452 0 8322
3453 0 8223
3453 0 8238
3454 0 8220
3454 0 8338
3455 0 8223
3455 0 8238
3455 0 9258
3455 0 9260
3456 0 8299
3456 0 8336
3457 0 8295
3457 0 8306
3457 0 9291
3458 0 8208
3458 0 8273
3459 0 8208
3459 0 8233
3460 0 8270
3460 0 8317
3460 0 10173
3461 0 8261
3461 0 8292
3461 0 8619
3461 0 8950
3462 0 8220
3462 0 8222
3462 0 8403
3462 0 9947
3463 0 8215
3463 0 8270
3464 0 8223
3464 0 8307
3465 0 8261
3465 0 8285
3465 0 8689
3465 0 8766
3466 0 8246
3466 0 8295
3466 0 9391
3466 0 9392
3467 0 8295
3467 0 8297
3467 0 9391
3467 0 9392
3468 0 8210
3468 0 8295
3469 0 8248
3469 0 8341
3469 0 9770
3469 0 10560
3470 0 8219
3470 0 8223
3471 0 8261
3471 0 8285
3471 0 8766
3471 0 8770
3472 0 8288
3472 0 8292
3472 0 9919
3473 0 8208
3473 0 8233
3474 0 8196
3474 0 8220
3475 0 8208
3475 0 8233
3475 0 8978
3475 0 9869
3476 0 8247
3476 0 8261
3476 0 8833
3476 0 8836
3477 0 8248
3477 0 8287
3477 0 8704
3477 0 8738
3478 0 8220
3478 0 8334
3478 0 8467
3478 0 8470
3479 0 8277
3479 0 8288
3479 0 9715
3479 0 9717
3480 0 8223
3480 0 8228
3480 0 10541
3481 0 8197
3481 0 8253
3482 0 8223
3482 0 8339
3482 0 10542
3483 0 8225
3483 0 8248
3483 0 9007
3483 0 10515
3484 0 8223
3484 0 8339
3484 0 10123
3484 0 10124
3485 0 8277
3485 0 8288
3485 0 9713
3486 0 8208
3486 0 8250
3486 0 8444
3486 0 8458
3487 0 8220
3487 0 8334
3488 0 8295
3488 0 8306
3489 0 8295
3489 0 8319
3490 0 8223
3490 0 8307
3491 0 8261
3491 0 8285
3491 0 8689
3491 0 8766
3492 0 8223
3492 0 8339
3493 0 8208
3493 0 8250
3493 0 10187
3494 0 8261
3494 0 8285
3495 0 8208
3495 0 8250
3496 0 8270
3496 0 8320
3496 0 9444
3496 0 10234
3497 0 8208
3497 0 8269
3497 0 9025
3497 0 10030
3498 0 8208
3498 0 8250
3499 0 8208
3499 0 8233
3500 0 8220
3500 0 8244
3500 0 8403
3500 0 10495
3501 0 8196
3501 0 8220
3501 0 8348
3501 0 8349
3502 0 8219
3502 0 8223
3502 0 9784
3503 0 8223
3503 0 8278
3503 0 8467
3503 0 8472
3504 0 8261
3504 0 8262
3504 0 10052
3504 0 10123
3505 0 8277
3505 0 8288
3505 0 9713
3506 0 8208
3506 0 8233
3506 0 9869
3507 0 8328
3507 0 8329
3507 0 10405
3508 0 8270
3508 0 8320
3509 0 8208
3509 0 8218
3509 0 8497
3509 0 8617
3510 0 8223
3510 0 8339
3510 0 10510
3510 0 10542
3511 0 8295
3511 0 8296
3511 0 9927
3511 0 10290
3512 0 8208
3512 0 8209
3512 0 10377
3513 0 8220
3513 0 8338
3514 0 8223
3514 0 8224
3515 0 8328
3515 0 8329
3515 0 8774
3515 0 9215
3516 0 8208
3516 0 8326
3517 0 8223
3517 0 8278
3518 0 8261
3518 0 8285
3518 0 8689
3518 0 8766
3519 0 8208
3519 0 8233
3519 0 8374
3520 0 8223
3520 0 8307
3520 0 9505
3521 0 8328
3521 0 8329
3521 0 8401
3522 0 8223
3522 0 8238
3522 0 8411
3522 0 10409
3523 0 8295
3523 0 8306
3524 0 8208
3524 0 8214
3525 0 8328
3525 0 8329
3525 0 8430
3526 0 8261
3526 0 8289
3526 0 9607
3526 0 10405
3527 0 8277
3527 0 8288
3527 0 10197
3528 0 8223
3528 0 8238
3528 0 10452
3528 0 10453
3529 0 8223
3529 0 8339
3530 0 8223
3530 0 8278
3530 0 8354
3531 0 8277
3531 0 8288
3531 0 10197
3532 0 8261
3532 0 8292
3532 0 8685
3532 0 10543
3533 0 8197
3533 0 8272
3533 0 10136
3534 0 8208
3534 0 8233
3534 0 8700
3534 0 10271
3535 0 8223
3535 0 8307
3535 0 10123
3536 0 8223
3536 0 8339
3536 0 10542
3537 0 8288
3537 0 8316
3537 0 10130
3537 0 10133
3538 0 8270
3538 0 8320
3538 0 9348
3539 0 8210
3539 0 8295
3539 0 8820
3540 0 8200
3540 0 8270
3540 0 9296
3541 0 8208
3541 0 8250
3541 0 8680
3541 0 9430
3542 0 8208
3542 0 8250
3542 0 10405
3543 0 8208
3543 0 8250
3544 0 8208
3544 0 8231
3545 0 8208
3545 0 8231
3545 0 10032
3546 0 8328
3546 0 8329
3547 0 8270
3547 0 8271
3548 0 8220
3548 0 8338
3548 0 10278
3549 0 8220
3549 0 8338
3549 0 8693
3549 0 9338
3550 0 8281
3550 0 8283
3550 0 8365
3551 0 8223
3551 0 8339
3551 0 8477
3552 0 8226
3552 0 8270
3553 0 8225
3553 0 8248
3553 0 10309
3554 0 8208
3554 0 8231
3555 0 8261
3555 0 8292
3555 0 10171
3556 0 8295
3556 0 8297
3556 0 9791
3556 0 9808
3557 0 8223
3557 0 8339
3558 0 8207
3558 0 8270
3558 0 8650
3559 0 8270
3559 0 8335
3559 0 10454
3560 0 8223
3560 0 8339
3561 0 8223
3561 0 8339
3561 0 9338
3562 0 8223
3562 0 8339
3562 0 8444
3562 0 8456
3563 0 8215
3563 0 8270
3563 0 8884
3564 0 8223
3564 0 8307
3564 0 10052
3565 0 8220
3565 0 8244
3565 0 8994
3565 0 9439
3566 0 8261
3566 0 8292
3566 0 8784
3566 0 9708
3567 0 8261
3567 0 8292
3567 0 8861
3568 0 8261
3568 0 8285
3568 0 8689
3568 0 8766
3569 0 8261
3569 0 8285
3569 0 8689
3569 0 8766
3570 0 8261
3570 0 8285
3570 0 8689
3570 0 8766
3571 0 8208
3571 0 8233
3572 0 8270
3572 0 8317
3572 0 10173
3573 0 8261
3573 0 8262
3573 0 10148
3573 0 10149
3574 0 8223
3574 0 8322
3574 0 8950
3574 0 8968
3575 0 8277
3575 0 8288
3575 0 9713
3575 0 9956
3576 0 8199
3576 0 8270
3576 0 10339
3577 0 8295
3577 0 8296
3577 0 9201
3577 0 9357
3578 0 8223
3578 0 8323
3578 0 10250
3579 0 8328
3579 0 8329
3579 0 10405
3580 0 8208
3580 0 8233
3581 0 8261
3581 0 8285
3581 0 9926
3581 0 10077
3582 0 8242
3582 0 8288
3582 0 9289
3582 0 9294
3583 0 8223
3583 0 8307
3583 0 9839
3584 0 8223
3584 0 8307
3584 0 9896
3585 0 8295
3585 0 8306
3586 0 8227
3586 0 8299
3586 0 8402
3587 0 8328
3587 0 8329
3588 0 8208
3588 0 8290
3588 0 10214
3589 0 8275
3589 0 8295
3589 0 10083
3589 0 10267
3590 0 8219
3590 0 8223
3590 0 10142
3591 0 8208
3591 0 8250
3591 0 8444
3591 0 8458
3592 0 8223
3592 0 8307
3592 0 9839
3592 0 10052
3593 0 8208
3593 0 8231
3593 0 8684
3594 0 8277
3594 0 8288
3594 0 9713
3594 0 10272
3595 0 8220
3595 0 8244
3595 0 8403
3595 0 9323
3596 0 8223
3596 0 8307
3596 0 9072
3596 0 9501
3597 0 8223
3597 0 8339
3597 0 10124
3597 0 10493
3598 0 8270
3598 0 8292
3599 0 8288
3599 0 8292
3600 0 8270
3600 0 8320
3600 0 9668
3600 0 10234
3601 0 8208
3601 0 8250
3601 0 9881
3601 0 10288
3602 0 8223
3602 0 8278
3603 0 8208
3603 0 8250
3603 0 8639
3604 0 8223
3604 0 8339
3604 0 9570
3604 0 9896
3605 0 8208
3605 0 8214
3605 0 10295
3606 0 8281
3606 0 8337
3606 0 10211
3606 0 10478
3607 0 8230
3607 0 8266
3607 0 9316
3608 0 8208
3608 0 8233
3609 0 8261
3609 0 8292
3609 0 8698
3610 0 8208
3610 0 8233
3610 0 10430
3611 0 8220
3611 0 8292
3612 0 8208
3612 0 8250
3612 0 10405
3613 0 8223
3613 0 8307
3613 0 8697
3613 0 8846
3614 0 8219
3614 0 8223
3614 0 8970
3614 0 9875
3615 0 8220
3615 0 8244
3615 0 8399
3615 0 9427
3616 0 8223
3616 0 8307
3617 0 8277
3617 0 8288
3617 0 9713
3618 0 8288
3618 0 8292
3619 0 8223
3619 0 8339
3620 0 8261
3620 0 8285
3620 0 9082
3621 0 8208
3621 0 8250
3622 0 8223
3622 0 8238
3622 0 9074
3623 0 8220
3623 0 8338
3623 0 10405
3624 0 8261
3624 0 8262
3625 0 8197
3625 0 8253
3626 0 8223
3626 0 8339
3626 0 9486
3627 0 8295
3627 0 8297
3628 0 8226
3628 0 8270
3629 0 8270
3629 0 8320
3630 0 8288
3630 0 8292
3630 0 8450
3630 0 9234
3631 0 8261
3631 0 8262
3631 0 10052
3632 0 8223
3632 0 8307
3632 0 8640
3632 0 9127
3633 0 8261
3633 0 8289
3633 0 8970
3633 0 8976
3634 0 8223
3634 0 8322
3634 0 8698
3635 0 8220
3635 0 8232
3636 0 8208
3636 0 8250
3636 0 9064
3637 0 8292
3637 0 8295
3638 0 8208
3638 0 8250
3639 0 8277
3639 0 8288
3639 0 9719
3640 0 8295
3640 0 8306
3641 0 8216
3641 0 8295
3641 0 10043
3642 0 8220
3642 0 8221
3643 0 8199
3643 0 8270
3643 0 8416
3644 0 8270
3644 0 8317
3644 0 9295
3645 0 8226
3645 0 8270
3645 0 9022
3645 0 9099
3646 0 8257
3646 0 8281
3647 0 8266
3647 0 8324
3647 0 9553
3647 0 9554
3648 0 8223
3648 0 8323
3649 0 8223
3649 0 8339
3649 0 8693
3650 0 8199
3650 0 8270
3651 0 8220
3651 0 8338
3652 0 8223
3652 0 8339
3652 0 9074
3652 0 9582
3653 0 8208
3653 0 8254
3653 0 9779
3654 0 8223
3654 0 8307
3654 0 9723
3654 0 10142
3655 0 8223
3655 0 8339
3656 0 8210
3656 0 8295
3656 0 8790
3657 0 8247
3657 0 8261
3657 0 8440
3657 0 8441
3658 0 8223
3658 0 8278
3658 0 8467
3658 0 8474
3659 0 8223
3659 0 8307
3660 0 8261
3660 0 8292
3660 0 8897
3660 0 8996
3661 0 8277
3661 0 8288
3661 0 9713
3662 0 8208
3662 0 8250
3662 0 9147
3663 0 8220
3663 0 8334
3663 0 10423
3664 0 8223
3664 0 8339
3665 0 8223
3665 0 8339
3665 0 8640
3666 0 8261
3666 0 8285
3666 0 8691
3666 0 8766
3667 0 8223
3667 0 8339
3667 0 9637
3667 0 10493
3668 0 8208
3668 0 8214
3669 0 8208
3669 0 8218
3669 0 8464
3670 0 8223
3670 0 8307
3671 0 8266
3671 0 8292
3671 0 9226
3671 0 9566
3672 0 8220
3672 0 8338
3673 0 8240
3673 0 8248
3673 0 9443
3673 0 9971
3674 0 8208
3674 0 8254
3674 0 9944
3674 0 9945
3675 0 8226
3675 0 8270
3675 0 8450
3676 0 8208
3676 0 8218
3677 0 8223
3677 0 8339
3678 0 8223
3678 0 8339
3678 0 9896
3679 0 8281
3679 0 8283
3679 0 8365
3680 0 8240
3680 0 8248
3681 0 8288
3681 0 8291
3681 0 8971
3681 0 9875
3682 0 8223
3682 0 8238
3682 0 9255
3683 0 8277
3683 0 8288
3683 0 9713
3684 0 8255
3684 0 8295
3685 0 8270
3685 0 8335
3685 0 9856
3686 0 8270
3686 0 8271
3687 0 8223
3687 0 8339
3688 0 8223
3688 0 8339
3688 0 9879
3689 0 8270
3689 0 8317
3689 0 10173
3690 0 8197
3690 0 8253
3690 0 9133
3690 0 9787
3691 0 8223
3691 0 8307
3691 0 8794
3691 0 8795
3692 0 8255
3692 0 8295
3692 0 8806
3692 0 8811
3693 0 8197
3693 0 8253
3693 0 10361
3694 0 8197
3694 0 8253
3694 0 9811
3694 0 10547
3695 0 8219
3695 0 8223
3695 0 10142
3696 0 8295
3696 0 8327
3696 0 8761
3696 0 10035
3697 0 8261
3697 0 8292
3697 0 8499
3697 0 10249
3698 0 8295
3698 0 8306
3698 0 10014
3699 0 8207
3699 0 8270
3699 0 9048
3700 0 8295
3700 0 8297
3700 0 10064
3701 0 8261
3701 0 8285
3701 0 9859
3701 0 10243
3702 0 8266
3702 0 8324
3702 0 10262
3702 0 10263
3703 0 8295
3703 0 8297
3704 0 8223
3704 0 8307
3704 0 8793
3704 0 9486
3705 0 8223
3705 0 8339
3706 0 8270
3706 0 8317
3706 0 10173
3707 0 8208
3707 0 8214
3708 0 8277
3708 0 8288
3708 0 8950
3708 0 9713
3709 0 8261
3709 0 8262
3709 0 10401
3710 0 8208
3710 0 8218
3710 0 8678
3710 0 9721
3711 0 8220
3711 0 8222
3711 0 8403
3712 0 8210
3712 0 8295
3713 0 8223
3713 0 8238
3714 0 8208
3714 0 8308
3714 0 10022
3714 0 10027
3715 0 8223
3715 0 8339
3715 0 8581
3716 0 8208
3716 0 8231
3716 0 9659
3717 0 8208
3717 0 8273
3718 0 8261
3718 0 8292
3718 0 8433
3718 0 8968
3719 0 8261
3719 0 8292
3719 0 10127
3719 0 10130
3720 0 8235
3720 0 8268
3720 0 9077
3720 0 9078
3721 0 8281
3721 0 8283
3721 0 8365
3722 0 8220
3722 0 8244
3723 0 8223
3723 0 8339
3724 0 8295
3724 0 8306
3725 0 8288
3725 0 8291
3725 0 10142
3726 0 8223
3726 0 8339
3726 0 8693
3726 0 9338
3727 0 8261
3727 0 8289
3727 0 8595
3727 0 8818
3728 0 8199
3728 0 8270
3728 0 9816
3729 0 8208
3729 0 8214
3729 0 10104
3730 0 8208
3730 0 8231
3731 0 8223
3731 0 8238
3731 0 10409
3732 0 8270
3732 0 8317
3732 0 9294
3732 0 10173
3733 0 8208
3733 0 8233
3733 0 8666
3733 0 8712
3734 0 8208
3734 0 8231
3735 0 8255
3735 0 8295
3735 0 9103
3735 0 9104
3736 0 8295
3736 0 8319
3737 0 8261
3737 0 8262
3738 0 8277
3738 0 8288
3738 0 9704
3738 0 9713
3739 0 8277
3739 0 8288
3740 0 8270
3740 0 8320
3740 0 9015
3740 0 9668
3741 0 8261
3741 0 8262
3741 0 10344
3742 0 8223
3742 0 8307
3742 0 8496
3742 0 8506
3743 0 8223
3743 0 8339
3744 0 8288
3744 0 8316
3744 0 10127
3744 0 10131
3745 0 8208
3745 0 8231
3745 0 10283
3746 0 8275
3746 0 8295
3746 0 9735
3747 0 8261
3747 0 8285
3747 0 9926
3748 0 8295
3748 0 8297
3749 0 8328
3749 0 8329
3749 0 10405
3750 0 8223
3750 0 8339
3750 0 8994
3750 0 10495
3751 0 8275
3751 0 8295
3752 0 8223
3752 0 8339
3753 0 8299
3753 0 8336
3754 0 8223
3754 0 8323
3755 0 8223
3755 0 8339
3755 0 9896
3756 0 8223
3756 0 8339
3756 0 10401
3757 0 8295
3757 0 8297
3758 0 8208
3758 0 8233
3758 0 10338
3759 0 8208
3759 0 8233
3760 0 8208
3760 0 8269
3761 0 8247
3761 0 8261
3761 0 10017
3762 0 8208
3762 0 8233
3763 0 8261
3763 0 8292
3763 0 8501
3764 0 8208
3764 0 8233
3765 0 8208
3765 0 8231
3766 0 8295
3766 0 8297
3767 0 8288
3767 0 8316
3767 0 10127
3768 0 8295
3768 0 8306
3769 0 8223
3769 0 8322
3769 0 8488
3769 0 8505
3770 0 8223
3770 0 8339
3770 0 9338
3770 0 9339
3771 0 8270
3771 0 8320
3771 0 10234
3771 0 10395
3772 0 8204
3772 0 8268
3772 0 9889
3772 0 9890
3773 0 8208
3773 0 8269
3774 0 8220
3774 0 8222
3774 0 8390
3775 0 8223
3775 0 8307
3776 0 8208
3776 0 8292
3776 0 9318
3776 0 9319
3777 0 8223
3777 0 8307
3777 0 8497
3777 0 9654
3778 0 8223
3778 0 8339
3779 0 8208
3779 0 8254
3780 0 8223
3780 0 8339
3780 0 10052
3781 0 8261
3781 0 8285
3781 0 8727
3782 0 8255
3782 0 8295
3782 0 9794
3783 0 8261
3783 0 8289
3783 0 8444
3783 0 8455
3784 0 8223
3784 0 8322
3784 0 8423
3784 0 10425
3785 0 8223
3785 0 8278
3785 0 8467
3786 0 8208
3786 0 8214
3787 0 8223
3787 0 8307
3787 0 10123
3787 0 10124
3788 0 8226
3788 0 8270
3788 0 9099
3788 0 9659
3789 0 8261
3789 0 8289
3789 0 9836
3790 0 8223
3790 0 8339
3790 0 8391
3790 0 8398
3791 0 8248
3791 0 8276
3792 0 8295
3792 0 8297
3792 0 9036
3793 0 8223
3793 0 8322
3793 0 10360
3794 0 8223
3794 0 8339
3795 0 8208
3795 0 8231
3796 0 8197
3796 0 8272
3797 0 8261
3797 0 8289
3797 0 9607
3797 0 9609
3798 0 8223
3798 0 8323
3798 0 10242
3798 0 10250
3799 0 8208
3799 0 8273
3800 0 8226
3800 0 8270
3800 0 9167
3801 0 8264
3801 0 8266
3801 0 9500
3802 0 8220
3802 0 8334
3802 0 10032
3802 0 10423
3803 0 8223
3803 0 8278
3804 0 8197
3804 0 8272
3804 0 9002
3804 0 9676
3805 0 8328
3805 0 8329
3805 0 10167
3806 0 8208
3806 0 8269
3806 0 9253
3806 0 9265
3807 0 8223
3807 0 8278
3807 0 8492
3807 0 9474
3808 0 8220
3808 0 8338
3809 0 8223
3809 0 8339
3809 0 8693
3809 0 9338
3810 0 8208
3810 0 8233
3810 0 9332
3810 0 9471
3811 0 8223
3811 0 8323
3812 0 8223
3812 0 8307
3812 0 10053
3813 0 8223
3813 0 8339
3814 0 8261
3814 0 8262
3814 0 8690
3815 0 8208
3815 0 8314
3815 0 8444
3816 0 8208
3816 0 8214
3817 0 8223
3817 0 8339
3818 0 8204
3818 0 8268
3818 0 9904
3819 0 8242
3819 0 8288
3819 0 9096
3819 0 9289
3820 0 8261
3820 0 8262
3820 0 8690
3820 0 8768
3821 0 8223
3821 0 8307
3821 0 10123
3821 0 10124
3822 0 8261
3822 0 8285
3822 0 8821
3822 0 8845
3823 0 8223
3823 0 8339
3823 0 8693
3823 0 9338
3824 0 8208
3824 0 8269
3825 0 8220
3825 0 8338
3826 0 8261
3826 0 8292
3826 0 10052
3826 0 10179
3827 0 8227
3827 0 8299
3827 0 8403
3827 0 9959
3828 0 8223
3828 0 8339
3828 0 9338
3828 0 9339
3829 0 8277
3829 0 8288
3829 0 9096
3829 0 9706
3830 0 8208
3830 0 8231
3830 0 8994
3830 0 8999
3831 0 8261
3831 0 8292
3831 0 8818
3831 0 10052
3832 0 8208
3832 0 8231
3832 0 9893
3833 0 8261
3833 0 8292
3833 0 9040
3833 0 9338
3834 0 8208
3834 0 8252
3834 0 9688
3835 0 8208
3835 0 8250
3835 0 8444
3835 0 8458
3836 0 8208
3836 0 8252
3836 0 9172
3837 0 8230
3837 0 8266
3837 0 8369
3838 0 8208
3838 0 8269
3839 0 8295
3839 0 8297
3840 0 8208
3840 0 8231
3840 0 10405
3841 0 8208
3841 0 8269
3841 0 8685
3841 0 8736
3842 0 8208
3842 0 8273
3843 0 8208
3843 0 8214
3843 0 8820
3843 0 9827
3844 0 8208
3844 0 8214
3845 0 8210
3845 0 8295
3846 0 8223
3846 0 8224
3846 0 9284
3846 0 9285
3847 0 8208
3847 0 8252
3847 0 10299
3848 0 8223
3848 0 8307
3849 0 8223
3849 0 8278
3849 0 8512
3849 0 8513
3850 0 8270
3850 0 8320
3851 0 8220
3851 0 8237
3851 0 8537
3851 0 9958
3852 0 8220
3852 0 8338
3852 0 8516
3852 0 8519
3853 0 8270
3853 0 8320
3854 0 8292
3854 0 8295
3855 0 8223
3855 0 8307
3855 0 9693
3855 0 10123
3856 0 8223
3856 0 8339
3856 0 8403
3857 0 8281
3857 0 8282
3857 0 8372
3857 0 8752
3858 0 8223
3858 0 8238
3859 0 8230
3859 0 8266
3859 0 9117
3860 0 8230
3860 0 8266
3860 0 9117
3861 0 8223
3861 0 8278
3861 0 9744
3862 0 8223
3862 0 8278
3862 0 8477
3862 0 9475
3863 0 8223
3863 0 8323
3863 0 10179
3864 0 8261
3864 0 8289
3864 0 8595
3864 0 8818
3865 0 8208
3865 0 8250
3865 0 10500
3866 0 8197
3866 0 8272
3866 0 9283
3866 0 9603
3867 0 8299
3867 0 8336
3868 0 8270
3868 0 8335
3869 0 8261
3869 0 8262
3869 0 8690
3869 0 8691
3870 0 8277
3870 0 8288
3870 0 9713
3870 0 10272
3871 0 8294
3871 0 8295
3871 0 10173
3871 0 10234
3872 0 8208
3872 0 8233
3872 0 8374
3873 0 8208
3873 0 8233
3873 0 10283
3874 0 8277
3874 0 8288
3874 0 8480
3874 0 8835
3875 0 8223
3875 0 8307
3875 0 10052
3876 0 8196
3876 0 8220
3876 0 8481
3876 0 8558
3877 0 8220
3877 0 8237
3877 0 8731
3877 0 9964
3878 0 8208
3878 0 8231
3878 0 8676
3879 0 8208
3879 0 8231
3880 0 8208
3880 0 8252
3881 0 8288
3881 0 8316
3881 0 10129
3881 0 10130
3882 0 8295
3882 0 8297
3882 0 9574
3883 0 8223
3883 0 8307
3884 0 8208
3884 0 8218
3884 0 8617
3884 0 8950
3885 0 8208
3885 0 8218
3885 0 9643
3885 0 10284
3886 0 8196
3886 0 8220
3886 0 8480
3886 0 8632
3887 0 8220
3887 0 8338
3888 0 8208
3888 0 8250
3888 0 8450
3888 0 9544
3889 0 8196
3889 0 8220
3889 0 8390
3890 0 8208
3890 0 8292
3890 0 9713
3890 0 10272
3891 0 8277
3891 0 8288
3891 0 9713
3892 0 8275
3892 0 8295
3892 0 9582
3892 0 9584
3893 0 8223
3893 0 8307
3894 0 8223
3894 0 8339
3894 0 10542
3895 0 8220
3895 0 8292
3895 0 8920
3895 0 10314
3896 0 8223
3896 0 8307
3896 0 9325
3897 0 8270
3897 0 8320
3898 0 8219
3898 0 8223
3898 0 9322
3898 0 9795
3899 0 8223
3899 0 8307
3899 0 9501
3899 0 9505
3900 0 8277
3900 0 8288
3901 0 8261
3901 0 8292
3901 0 9653
3901 0 9752
3902 0 8223
3902 0 8278
3902 0 8467
3903 0 8208
3903 0 8250
3904 0 8220
3904 0 8338
3904 0 8693
3904 0 10159
3905 0 8270
3905 0 8292
3906 0 8223
3906 0 8339
3906 0 9503
3907 0 8295
3907 0 8297
3908 0 8261
3908 0 8292
3908 0 8852
3909 0 8208
3909 0 8308
3910 0 8226
3910 0 8270
3911 0 8261
3911 0 8285
3912 0 8208
3912 0 8250
3913 0 8208
3913 0 8250
3914 0 8223
3914 0 8339
3914 0 9503
3914 0 9798
3915 0 8295
3915 0 8297
3916 0 8223
3916 0 8339
3916 0 9503
3917 0 8223
3917 0 8278
3918 0 8223
3918 0 8278
3918 0 8492
3918 0 9338
3919 0 8208
3919 0 8308
3919 0 8422
3919 0 8423
3920 0 8261
3920 0 8292
3920 0 10178
3920 0 10179
3921 0 8223
3921 0 8339
3922 0 8223
3922 0 8322
3922 0 9703
3922 0 10275
3923 0 8234
3923 0 8248
3923 0 10515
3924 0 8225
3924 0 8248
3925 0 8225
3925 0 8248
3926 0 8229
3926 0 8328
3926 0 8352
3926 0 10383
3927 0 8223
3927 0 8278
3927 0 8477
3927 0 9474
3928 0 8245
3928 0 8270
3929 0 8208
3929 0 8250
3929 0 8450
3929 0 9544
3930 0 8239
3930 0 8268
3930 0 9852
3930 0 9969
3931 0 8208
3931 0 8290
3931 0 8436
3931 0 10405
3932 0 8226
3932 0 8270
3932 0 9014
3932 0 9659
3933 0 8197
3933 0 8321
3933 0 10037
3933 0 10238
3934 0 8242
3934 0 8288
3934 0 9096
3934 0 9289
3935 0 8208
3935 0 8233
3935 0 8621
3936 0 8261
3936 0 8285
3936 0 9342
3936 0 10140
3937 0 8261
3937 0 8292
3937 0 8846
3937 0 8950
3938 0 8208
3938 0 8231
3938 0 8480
3938 0 9208
3939 0 8295
3939 0 8297
3939 0 8610
3939 0 9179
3940 0 8223
3940 0 8307
3940 0 8354
3940 0 10364
3941 0 8208
3941 0 8233
3941 0 8674
3941 0 10419
3942 0 8223
3942 0 8238
3942 0 9255
3943 0 8197
3943 0 8272
3944 0 8248
3944 0 8276
3944 0 8407
3944 0 8554
3945 0 8223
3945 0 8228
3945 0 10202
3946 0 8199
3946 0 8270
3946 0 10270
3947 0 8220
3947 0 8338
3947 0 10495
3948 0 8261
3948 0 8292
3948 0 8971
3948 0 9723
3949 0 8223
3949 0 8339
3949 0 9746
3950 0 8223
3950 0 8278
3950 0 9404
3950 0 9408
3951 0 8295
3951 0 8297
3952 0 8270
3952 0 8317
3953 0 8208
3953 0 8218
3953 0 8617
3953 0 8950
3954 0 8208
3954 0 8233
3954 0 8374
3954 0 8375
3955 0 8223
3955 0 8339
3955 0 8478
3956 0 8223
3956 0 8307
3956 0 9284
3956 0 9285
3957 0 8270
3957 0 8271
3957 0 9086
3957 0 9659
3958 0 8220
3958 0 8244
3958 0 8399
3958 0 8401
3959 0 8208
3959 0 8308
3959 0 8422
3959 0 10170
3960 0 8196
3960 0 8220
3960 0 8346
3960 0 8626
3961 0 8208
3961 0 8308
3961 0 9898
3961 0 10026
3962 0 8219
3962 0 8223
3962 0 9706
3962 0 10142
3963 0 8220
3963 0 8222
3963 0 8708
3964 0 8270
3964 0 8320
3965 0 8220
3965 0 8338
3965 0 9294
3965 0 10173
3966 0 8220
3966 0 8222
3967 0 8208
3967 0 8233
3967 0 9471
3967 0 10290
3968 0 8270
3968 0 8320
3968 0 9954
3969 0 8261
3969 0 8292
3969 0 8784
3970 0 8261
3970 0 8262
3971 0 8208
3971 0 8233
3971 0 9471
3971 0 9473
3972 0 8223
3972 0 8278
3972 0 8467
3972 0 9639
3973 0 8261
3973 0 8289
3973 0 8720
3973 0 9607
3974 0 8215
3974 0 8270
3974 0 9096
3974 0 9099
3975 0 8299
3975 0 8336
3975 0 9042
3976 0 8247
3976 0 8261
3976 0 9701
3977 0 8223
3977 0 8307
3978 0 8223
3978 0 8307
3978 0 9404
3978 0 10318
3979 0 8277
3979 0 8288
3979 0 9718
3980 0 8246
3980 0 8295
3980 0 10158
3981 0 8261
3981 0 8292
3981 0 8497
3981 0 8504
3982 0 8208
3982 0 8233
3983 0 8223
3983 0 8228
3983 0 10542
3984 0 8248
3984 0 8287
3984 0 9109
3985 0 8229
3985 0 8328
3985 0 8905
3985 0 9074
3986 0 8204
3986 0 8268
3986 0 9312
3986 0 9904
3987 0 8226
3987 0 8270
3988 0 8208
3988 0 8308
3988 0 10027
3989 0 8223
3989 0 8339
3989 0 8693
3989 0 9338
3990 0 8223
3990 0 8339
3990 0 9338
3990 0 9339
3991 0 8295
3991 0 8311
3992 0 8223
3992 0 8339
3993 0 8240
3993 0 8248
3993 0 10057
3994 0 8208
3994 0 8231
3994 0 8670
3994 0 8680
3995 0 8210
3995 0 8295
3996 0 8277
3996 0 8288
3997 0 8226
3997 0 8270
3998 0 8219
3998 0 8223
3998 0 9079
3999 0 8208
3999 0 8231
3999 0 8632
3999 0 9566
4000 0 8230
4000 0 8266
4000 0 9117
4001 0 8261
4001 0 8292
4001 0 9879
4002 0 8277
4002 0 8288
4003 0 8220
4003 0 8338
4003 0 10542
4004 0 8295
4004 0 8297
4004 0 9521
4005 0 8270
4005 0 8317
4005 0 8444
4006 0 8295
4006 0 8306
4007 0 8223
4007 0 8339
4007 0 9038
4007 0 9037
4008 0 8261
4008 0 8292
4009 0 8270
4009 0 8317
4010 0 8208
4010 0 8233
4010 0 9369
4010 0 9657
4011 0 8220
4011 0 8338
4011 0 10542
4012 0 8208
4012 0 8218
4013 0 8242
4013 0 8288
4013 0 9294
4013 0 9309
4014 0 8223
4014 0 8339
4015 0 8230
4015 0 8266
4015 0 9117
4016 0 8261
4016 0 8262
4016 0 10157
4017 0 8208
4017 0 8269
4017 0 10009
4017 0 10011
4018 0 8281
4018 0 8283
4018 0 8365
4019 0 8280
4019 0 8295
4020 0 8197
4020 0 8321
4020 0 10037
4020 0 10238
4021 0 8208
4021 0 8231
4022 0 8208
4022 0 8310
4022 0 10084
4022 0 10085
4023 0 8220
4023 0 8338
4024 0 8223
4024 0 8323
4024 0 10142
4025 0 8295
4025 0 8297
4025 0 9025
4026 0 8270
4026 0 8335
4026 0 10173
4026 0 10561
4027 0 8277
4027 0 8288
4027 0 9713
4027 0 9956
4028 0 8197
4028 0 8321
4028 0 10037
4028 0 10238
4029 0 8261
4029 0 8285
4029 0 8907
4030 0 8208
4030 0 8233
4030 0 10380
4031 0 8261
4031 0 8289
4031 0 9038
4032 0 8208
4032 0 8231
4033 0 8292
4033 0 8299
4034 0 8219
4034 0 8223
4034 0 10099
4035 0 8223
4035 0 8339
4036 0 8223
4036 0 8278
4036 0 8346
4036 0 10165
4037 0 8246
4037 0 8295
4037 0 9346
4038 0 8223
4038 0 8339
4039 0 8241
4039 0 8266
4040 0 8261
4040 0 8262
4040 0 9459
4040 0 10250
4041 0 8223
4041 0 8339
4041 0 8477
4042 0 8223
4042 0 8339
4042 0 8640
4042 0 10542
4043 0 8223
4043 0 8322
4043 0 8354
4043 0 10399
4044 0 8219
4044 0 8223
4044 0 9079
4045 0 8267
4045 0 8295
4045 0 9740
4045 0 10562
4046 0 8208
4046 0 8254
4047 0 8223
4047 0 8307
4047 0 8697
4047 0 10019
4048 0 8223
4048 0 8307
4048 0 9501
4048 0 9505
4049 0 8220
4049 0 8338
4049 0 8477
4050 0 8328
4050 0 8329
4051 0 8223
4051 0 8307
4051 0 8698
4051 0 10473
4052 0 8208
4052 0 8218
4053 0 8230
4053 0 8266
4054 0 8208
4054 0 8269
4054 0 9582
4055 0 8261
4055 0 8292
4055 0 8455
4055 0 8457
4056 0 8261
4056 0 8289
4056 0 8720
4056 0 10191
4057 0 8261
4057 0 8289
4057 0 9867
4057 0 10464
4058 0 8223
4058 0 8339
4059 0 8261
4059 0 8292
4059 0 9160
4059 0 9435
4060 0 8204
4060 0 8268
4060 0 9052
4061 0 8219
4061 0 8223
4062 0 8223
4062 0 8307
4062 0 8846
4062 0 8880
4063 0 8277
4063 0 8288
4063 0 9704
4063 0 9728
4064 0 8219
4064 0 8223
4064 0 9873
4064 0 10142
4065 0 8199
4065 0 8270
4066 0 8277
4066 0 8288
4066 0 8678
4066 0 9713
4067 0 8208
4067 0 8231
4067 0 9659
4067 0 10235
4068 0 8208
4068 0 8218
4068 0 8950
4068 0 10325
4069 0 8261
4069 0 8262
4070 0 8223
4070 0 8339
4070 0 9338
4070 0 9390
4071 0 8223
4071 0 8307
4072 0 8208
4072 0 8231
4072 0 8436
4072 0 8746
4073 0 8208
4073 0 8233
4073 0 9202
4074 0 8208
4074 0 8231
4075 0 8208
4075 0 8231
4075 0 10208
4076 0 8208
4076 0 8231
4077 0 8277
4077 0 8288
4077 0 9713
4078 0 8223
4078 0 8339
4078 0 9503
4079 0 8223
4079 0 8339
4080 0 8261
4080 0 8292
4081 0 8220
4081 0 8244
4081 0 9719
4082 0 8277
4082 0 8288
4082 0 9713
4083 0 8208
4083 0 8250
4083 0 9208
4084 0 8208
4084 0 8326
4085 0 8330
4085 0 8331
4085 0 8373
4085 0 8724
4086 0 8226
4086 0 8270
4086 0 8416
4086 0 8871
4087 0 8261
4087 0 8285
4087 0 8845
4087 0 10538
4088 0 8220
4088 0 8338
4088 0 10500
4089 0 8299
4089 0 8301
4089 0 8402
4090 0 8208
4090 0 8250
4091 0 8261
4091 0 8285
4091 0 9709
4091 0 10531
4092 0 8277
4092 0 8288
4092 0 9713
4093 0 8277
4093 0 8288
4093 0 9704
4093 0 9726
4094 0 8208
4094 0 8250
4094 0 9208
4095 0 8295
4095 0 8306
4095 0 8934
4095 0 10059
4096 0 8208
4096 0 8218
4096 0 9970
4096 0 10096
4097 0 8328
4097 0 8329
4097 0 10405
4098 0 8295
4098 0 8306
4099 0 8220
4099 0 8244
4099 0 8399
4099 0 8994
4100 0 8223
4100 0 8238
4100 0 10409
4101 0 8208
4101 0 8314
4101 0 9659
4101 0 9997
4102 0 8226
4102 0 8270
4102 0 10365
4103 0 8223
4103 0 8278
4103 0 8467
4104 0 8208
4104 0 8218
4104 0 8497
4104 0 8617
4105 0 8223
4105 0 8339
4105 0 10123
4105 0 10124
4106 0 8261
4106 0 8292
4106 0 9599
4106 0 10409
4107 0 8208
4107 0 8231
4107 0 8666
4107 0 8682
4108 0 8223
4108 0 8307
4108 0 10052
4109 0 8208
4109 0 8233
4110 0 8299
4110 0 8300
4110 0 8702
4110 0 9019
4111 0 8223
4111 0 8339
4111 0 9896
4112 0 8223
4112 0 8224
4112 0 9038
4113 0 8223
4113 0 8339
4114 0 8208
4114 0 8314
4114 0 10155
4115 0 8208
4115 0 8308
4115 0 8822
4115 0 10022
4116 0 8220
4116 0 8244
4116 0 8708
4117 0 8277
4117 0 8288
4117 0 9713
4118 0 8220
4118 0 8244
4118 0 8708
4119 0 8257
4119 0 8281
4119 0 9779
4119 0 9953
4120 0 8208
4120 0 8233
4121 0 8257
4121 0 8281
4121 0 10302
4122 0 8270
4122 0 8317
4122 0 10173
4123 0 8208
4123 0 8231
4124 0 8295
4124 0 8297
4125 0 8281
4125 0 8282
4126 0 8208
4126 0 8290
4126 0 8683
4126 0 8685
4127 0 8223
4127 0 8307
4127 0 10049
4127 0 10052
4128 0 8208
4128 0 8308
4128 0 8421
4128 0 8422
4129 0 8261
4129 0 8262
4130 0 8240
4130 0 8248
4130 0 9149
4131 0 8277
4131 0 8288
4132 0 8246
4132 0 8295
4132 0 9467
4133 0 8220
4133 0 8292
4133 0 9957
4133 0 9958
4134 0 8223
4134 0 8322
4134 0 10052
4135 0 8200
4135 0 8270
4135 0 9295
4135 0 9296
4136 0 8236
4136 0 8266
4136 0 9239
4137 0 8197
4137 0 8272
4137 0 9276
4137 0 9387
4138 0 8208
4138 0 8292
4138 0 10405
4139 0 8230
4139 0 8266
4139 0 9374
4140 0 8261
4140 0 8285
4141 0 8223
4141 0 8224
4141 0 9761
4141 0 9822
4142 0 8223
4142 0 8278
4142 0 8492
4143 0 8239
4143 0 8268
4143 0 8739
4144 0 8261
4144 0 8292
4144 0 8697
4144 0 10019
4145 0 8261
4145 0 8292
4145 0 8970
4145 0 9784
4146 0 8208
4146 0 8218
4146 0 9051
4146 0 10142
4147 0 8261
4147 0 8292
4147 0 10127
4147 0 10132
4148 0 8277
4148 0 8288
4148 0 9713
4149 0 8220
4149 0 8244
4149 0 8778
4150 0 8208
4150 0 8269
4150 0 9576
4150 0 9577
4151 0 8270
4151 0 8320
4151 0 9668
4151 0 9812
4152 0 8261
4152 0 8292
4152 0 10139
4153 0 8223
4153 0 8339
4153 0 8936
4153 0 9527
4154 0 8261
4154 0 8292
4154 0 8515
4155 0 8223
4155 0 8339
4155 0 8955
4155 0 10476
4156 0 8220
4156 0 8334
4157 0 8261
4157 0 8285
4157 0 8690
4157 0 9414
4158 0 8261
4158 0 8285
4158 0 9709
4158 0 10532
4159 0 8261
4159 0 8292
4159 0 10142
4160 0 8251
4160 0 8268
4160 0 8425
4161 0 8299
4161 0 8300
4162 0 8220
4162 0 8244
4162 0 9052
4163 0 8208
4163 0 8231
4163 0 9937
4164 0 8277
4164 0 8288
4164 0 9719
4165 0 8223
4165 0 8339
4165 0 9503
4166 0 8208
4166 0 8269
4166 0 10330
4167 0 8223
4167 0 8323
4167 0 10117
4167 0 10349
4168 0 8223
4168 0 8224
4168 0 8505
4168 0 10163
4169 0 8220
4169 0 8237
4170 0 8270
4170 0 8320
4170 0 10381
4171 0 8261
4171 0 8262
4171 0 8690
4171 0 8766
4172 0 8210
4172 0 8295
4172 0 10455
4173 0 8230
4173 0 8266
4173 0 10352
4173 0 10477
4174 0 8268
4174 0 8292
4174 0 9678
4174 0 9911
4175 0 8223
4175 0 8339
4175 0 9896
4176 0 8261
4176 0 8262
4177 0 8208
4177 0 8250
4178 0 8208
4178 0 8269
4179 0 8230
4179 0 8266
4179 0 8668
4179 0 9117
4180 0 8261
4180 0 8292
4180 0 8427
4180 0 9338
4181 0 8261
4181 0 8292
4181 0 8433
4181 0 9263
4182 0 8196
4182 0 8220
4182 0 8390
4183 0 8208
4183 0 8231
4183 0 8666
4183 0 9128
4184 0 8277
4184 0 8288
4184 0 9644
4184 0 9713
4185 0 8256
4185 0 8328
4186 0 8223
4186 0 8339
4186 0 10542
4187 0 8208
4187 0 8308
4187 0 8423
4188 0 8223
4188 0 8278
4188 0 9744
4189 0 8223
4189 0 8307
4189 0 9501
4189 0 9505
4190 0 8226
4190 0 8270
4190 0 10155
4190 0 10156
4191 0 8270
4191 0 8286
4192 0 8208
4192 0 8218
4192 0 10070
4193 0 8270
4193 0 8271
4194 0 8261
4194 0 8262
4194 0 10134
4194 0 10135
4195 0 8247
4195 0 8261
4195 0 10077
4196 0 8223
4196 0 8339
4196 0 8693
4196 0 10495
4197 0 8223
4197 0 8307
4197 0 8846
4197 0 10019
4198 0 8220
4198 0 8244
4198 0 8994
4198 0 9323
4199 0 8220
4199 0 8334
4199 0 10423
4200 0 8223
4200 0 8339
4200 0 8477
4200 0 9486
4201 0 8223
4201 0 8339
4201 0 8607
4201 0 10069
4202 0 8208
4202 0 8292
4202 0 10405
4203 0 8277
4203 0 8288
4203 0 9713
4203 0 9956
4204 0 8223
4204 0 8224
4205 0 8223
4205 0 8322
4205 0 8532
4205 0 10242
4206 0 8223
4206 0 8339
4206 0 8478
4206 0 8477
4207 0 8208
4207 0 8231
4208 0 8223
4208 0 8339
4209 0 8208
4209 0 8218
4209 0 9051
4210 0 8328
4210 0 8329
4210 0 8703
4210 0 9719
4211 0 8223
4211 0 8339
4211 0 8640
4212 0 8220
4212 0 8338
4212 0 8477
4213 0 8261
4213 0 8285
4214 0 8261
4214 0 8292
4214 0 9713
4214 0 10471
4215 0 8208
4215 0 8231
4215 0 9048
4215 0 9049
4216 0 8270
4216 0 8320
4216 0 9014
4217 0 8223
4217 0 8339
4218 0 8223
4218 0 8307
4218 0 8693
4219 0 8220
4219 0 8222
4219 0 8399
4219 0 8403
4220 0 8223
4220 0 8278
4220 0 9744
4221 0 8208
4221 0 8326
4222 0 8223
4222 0 8339
4222 0 10446
4222 0 10504
4223 0 8208
4223 0 8310
4223 0 9657
4224 0 8223
4224 0 8278
4224 0 8512
4224 0 9404
4225 0 8208
4225 0 8250
4226 0 8234
4226 0 8248
4226 0 8633
4226 0 9778
4227 0 8210
4227 0 8295
4227 0 9934
4228 0 8223
4228 0 8307
4228 0 9505
4228 0 9502
4229 0 8223
4229 0 8238
4230 0 8223
4230 0 8307
4231 0 8220
4231 0 8338
4232 0 8261
4232 0 8292
4232 0 8501
4233 0 8256
4233 0 8328
4234 0 8261
4234 0 8285
4234 0 8837
4234 0 8967
4235 0 8277
4235 0 8288
4235 0 9713
4236 0 8261
4236 0 8285
4237 0 8208
4237 0 8231
4238 0 8220
4238 0 8222
4238 0 8390
4238 0 9769
4239 0 8234
4239 0 8248
4240 0 8208
4240 0 8252
4240 0 10002
4241 0 8261
4241 0 8292
4241 0 8351
4241 0 10127
4242 0 8328
4242 0 8329
4242 0 9996
4243 0 8223
4243 0 8323
4243 0 10178
4243 0 10179
4244 0 8208
4244 0 8218
4244 0 10325
4245 0 8208
4245 0 8250
4245 0 8725
4245 0 10561
4246 0 8223
4246 0 8339
4246 0 8640
4247 0 8223
4247 0 8339
4247 0 9034
4248 0 8208
4248 0 8250
4249 0 8223
4249 0 8278
4250 0 8261
4250 0 8292
4250 0 9363
4250 0 10124
4251 0 8295
4251 0 8297
4251 0 10405
4252 0 8223
4252 0 8278
4253 0 8223
4253 0 8339
4254 0 8208
4254 0 8231
4255 0 8208
4255 0 8250
4255 0 10173
4256 0 8295
4256 0 8297
4257 0 8226
4257 0 8270
4257 0 9565
4258 0 8220
4258 0 8338
4258 0 10542
4259 0 8208
4259 0 8290
4259 0 9893
4260 0 8223
4260 0 8224
4260 0 8501
4260 0 8664
4261 0 8261
4261 0 8285
4261 0 9607
4261 0 10174
4262 0 8261
4262 0 8285
4262 0 8690
4262 0 8766
4263 0 8247
4263 0 8261
4263 0 9091
4264 0 8208
4264 0 8308
4264 0 10024
4264 0 10025
4265 0 8299
4265 0 8336
4266 0 8270
4266 0 8335
4267 0 8208
4267 0 8273
4268 0 8208
4268 0 8218
4268 0 8497
4268 0 9654
4269 0 8208
4269 0 8218
4269 0 8463
4269 0 8950
4270 0 8223
4270 0 8339
4270 0 10500
4271 0 8208
4271 0 8250
4272 0 8270
4272 0 8335
4272 0 9783
4272 0 10242
4273 0 8223
4273 0 8307
4273 0 8698
4273 0 8846
4274 0 8220
4274 0 8237
4274 0 8411
4274 0 10161
4275 0 8280
4275 0 8295
4275 0 9291
4275 0 9292
4276 0 8208
4276 0 8231
4276 0 8649
4277 0 8281
4277 0 8282
4278 0 8220
4278 0 8292
4278 0 9238
4279 0 8208
4279 0 8231
4280 0 8261
4280 0 8292
4280 0 8576
4280 0 10179
4281 0 8223
4281 0 8339
4282 0 8270
4282 0 8335
4282 0 9719
4282 0 9985
4283 0 8223
4283 0 8278
4283 0 8467
4284 0 8208
4284 0 8218
4285 0 8223
4285 0 8339
4285 0 9742
4286 0 8295
4286 0 8297
4286 0 9291
4286 0 9292
4287 0 8223
4287 0 8238
4288 0 8208
4288 0 8314
4288 0 10155
4289 0 8223
4289 0 8278
4289 0 9404
4289 0 9407
4290 0 8240
4290 0 8248
4290 0 8637
4290 0 8638
4291 0 8277
4291 0 8288
4291 0 9704
4291 0 9713
4292 0 8223
4292 0 8339
4292 0 10123
4292 0 10124
4293 0 8197
4293 0 8321
4293 0 10037
4293 0 10038
4294 0 8223
4294 0 8339
4295 0 8208
4295 0 8233
4296 0 8277
4296 0 8288
4296 0 9197
4296 0 9713
4297 0 8270
4297 0 8335
4298 0 8210
4298 0 8295
4298 0 9518
4299 0 8223
4299 0 8307
4299 0 10052
4300 0 8261
4300 0 8292
4300 0 10142
4301 0 8223
4301 0 8323
4302 0 8208
4302 0 8269
4302 0 8565
4302 0 9576
4303 0 8270
4303 0 8320
4303 0 9167
4304 0 8219
4304 0 8223
4304 0 10142
4305 0 8234
4305 0 8248
4306 0 8295
4306 0 8306
4306 0 10203
4306 0 10548
4307 0 8234
4307 0 8248
4308 0 8246
4308 0 8295
4308 0 9736
4309 0 8197
4309 0 8321
4309 0 10037
4309 0 10238
4310 0 8261
4310 0 8285
4310 0 10431
4310 0 10432
4311 0 8220
4311 0 8338
4311 0 8693
4311 0 10110
4312 0 8199
4312 0 8270
4313 0 8288
4313 0 8291
4313 0 8970
4313 0 9875
4314 0 8208
4314 0 8231
4315 0 8295
4315 0 8327
4316 0 8295
4316 0 8297
4316 0 8790
4317 0 8210
4317 0 8295
4318 0 8208
4318 0 8250
4319 0 8223
4319 0 8238
4319 0 10453
4320 0 8223
4320 0 8228
4321 0 8226
4321 0 8270
4321 0 9014
4321 0 9659
4322 0 8223
4322 0 8307
4322 0 8949
4322 0 10325
4323 0 8295
4323 0 8311
4323 0 10098
4324 0 8208
4324 0 8218
4325 0 8208
4325 0 8233
4326 0 8210
4326 0 8295
4326 0 9468
4326 0 9519
4327 0 8299
4327 0 8336
4327 0 9019
4328 0 8208
4328 0 8231
4328 0 8930
4328 0 8934
4329 0 8261
4329 0 8285
4329 0 8577
4329 0 9641
4330 0 8208
4330 0 8290
4330 0 9659
4330 0 9868
4331 0 8299
4331 0 8336
4331 0 8758
4332 0 8277
4332 0 8288
4332 0 9713
4333 0 8261
4333 0 8292
4333 0 9490
4333 0 10407
4334 0 8261
4334 0 8292
4334 0 10553
4334 0 10555
4335 0 8223
4335 0 8339
4335 0 9040
4335 0 9503
4336 0 8261
4336 0 8292
4336 0 10553
4336 0 10554
4337 0 8208
4337 0 8231
4337 0 9916
4338 0 8223
4338 0 8339
4339 0 8261
4339 0 8292
4339 0 8617
4339 0 8968
4340 0 8270
4340 0 8317
4341 0 8266
4341 0 8303
4341 0 8529
4342 0 8227
4342 0 8299
4342 0 9019
4343 0 8220
4343 0 8338
4343 0 10542
4344 0 8223
4344 0 8238
4344 0 9074
4345 0 8208
4345 0 8250
4345 0 10561
4346 0 8223
4346 0 8307
4346 0 8593
4346 0 8617
4347 0 8261
4347 0 8292
4347 0 9184
4347 0 9470
4348 0 8208
4348 0 8214
4349 0 8234
4349 0 8248
4349 0 8415
4349 0 9156
4350 0 8294
4350 0 8295
4350 0 9934
4351 0 8226
4351 0 8270
4352 0 8261
4352 0 8262
4352 0 10142
4353 0 8216
4353 0 8295
4353 0 10295
4354 0 8295
4354 0 8311
4355 0 8270
4355 0 8317
4355 0 9540
4355 0 9604
4356 0 8248
4356 0 8274
4356 0 10056
4357 0 8208
4357 0 8218
4357 0 8675
4357 0 8954
4358 0 8328
4358 0 8329
4358 0 10405
4359 0 8277
4359 0 8288
4360 0 8223
4360 0 8339
4360 0 8693
4361 0 8223
4361 0 8224
4361 0 9127
4362 0 8223
4362 0 8238
4362 0 8865
4363 0 8223
4363 0 8339
4363 0 9672
4364 0 8215
4364 0 8270
4364 0 8558
4365 0 8196
4365 0 8220
4366 0 8208
4366 0 8233
4366 0 10290
4367 0 8223
4367 0 8339
4367 0 9919
4368 0 8223
4368 0 8339
4368 0 10542
4369 0 8226
4369 0 8270
4370 0 8261
4370 0 8292
4370 0 9273
4370 0 9501
4371 0 8295
4371 0 8306
4372 0 8223
4372 0 8339
4372 0 8551
4373 0 8223
4373 0 8339
4373 0 10542
4374 0 8220
4374 0 8244
4374 0 8708
4374 0 9327
4375 0 8257
4375 0 8281
4375 0 9953
4375 0 10198
4376 0 8208
4376 0 8252
4376 0 9605
4377 0 8261
4377 0 8292
4378 0 8248
4378 0 8276
4379 0 8261
4379 0 8289
4379 0 10404
4380 0 8223
4380 0 8307
4380 0 8846
4381 0 8223
4381 0 8323
4381 0 10178
4381 0 10179
4382 0 8223
4382 0 8339
4382 0 9503
4382 0 10019
4383 0 8295
4383 0 8297
4384 0 8261
4384 0 8262
4384 0 9723
4385 0 8196
4385 0 8220
4385 0 8482
4385 0 9052
4386 0 8295
4386 0 8311
4386 0 10034
4386 0 10334
4387 0 8223
4387 0 8307
4388 0 8226
4388 0 8270
4388 0 9096
4388 0 9659
4389 0 8223
4389 0 8339
4390 0 8223
4390 0 8339
4390 0 9503
4391 0 8277
4391 0 8288
4392 0 8223
4392 0 8339
4392 0 8640
4393 0 8281
4393 0 8305
4393 0 8365
4393 0 9638
4394 0 8223
4394 0 8278
4395 0 8223
4395 0 8339
4395 0 9486
4396 0 8261
4396 0 8262
4396 0 9723
4396 0 10142
4397 0 8261
4397 0 8262
4397 0 9723
4398 0 8208
4398 0 8218
4398 0 9777
4398 0 10301
4399 0 8247
4399 0 8261
4399 0 8533
4399 0 9066
4400 0 8208
4400 0 8308
4400 0 10025
4401 0 8220
4401 0 8222
4401 0 8393
4401 0 8403
4402 0 8208
4402 0 8231
4403 0 8220
4403 0 8244
4404 0 8208
4404 0 8314
4404 0 10155
4405 0 8198
4405 0 8270
4405 0 9460
4406 0 8223
4406 0 8339
4406 0 8693
4406 0 9338
4407 0 8261
4407 0 8262
4408 0 8208
4408 0 8314
4408 0 10155
4409 0 8248
4409 0 8318
4409 0 8443
4409 0 8646
4410 0 8295
4410 0 8297
4410 0 8363
4410 0 9071
4411 0 8197
4411 0 8272
4411 0 9603
4411 0 9643
4412 0 8294
4412 0 8295
4413 0 8208
4413 0 8250
4414 0 8299
4414 0 8340
4414 0 10512
4414 0 10513
4415 0 8223
4415 0 8278
4415 0 9205
4415 0 9404
4416 0 8208
4416 0 8250
4416 0 10405
4417 0 8277
4417 0 8288
4417 0 9713
4418 0 8197
4418 0 8272
4418 0 9366
4419 0 8208
4419 0 8326
4419 0 8983
4420 0 8275
4420 0 8295
4421 0 8208
4421 0 8231
4422 0 8261
4422 0 8285
4422 0 10052
4423 0 8295
4423 0 8297
4423 0 9165
4423 0 9965
4424 0 8219
4424 0 8223
4424 0 9322
4424 0 9795
4425 0 8197
4425 0 8253
4425 0 8609
4426 0 8208
4426 0 8308
4426 0 10027
4426 0 10029
4427 0 8220
4427 0 8222
4427 0 9249
4427 0 9428
4428 0 8261
4428 0 8262
4429 0 8197
4429 0 8272
4429 0 9366
4429 0 10392
4430 0 8208
4430 0 8250
4431 0 8223
4431 0 8339
4431 0 9339
4432 0 8292
4432 0 8295
4433 0 8270
4433 0 8335
4433 0 8703
4433 0 9719
4434 0 8248
4434 0 8287
4435 0 8215
4435 0 8270
4435 0 8628
4436 0 8261
4436 0 8285
4436 0 8766
4436 0 9899
4437 0 8208
4437 0 8250
4437 0 8444
4437 0 8458
4438 0 8223
4438 0 8278
4438 0 8512
4438 0 9404
4439 0 8281
4439 0 8283
4439 0 10286
4440 0 8208
4440 0 8214
4440 0 8735
4441 0 8196
4441 0 8220
4441 0 8348
4441 0 8626
4442 0 8223
4442 0 8278
4442 0 10557
4443 0 8223
4443 0 8278
4443 0 8512
4443 0 8513
4444 0 8223
4444 0 8339
4444 0 9503
4445 0 8223
4445 0 8339
4445 0 8693
4445 0 9338
4446 0 8223
4446 0 8339
4446 0 8640
4447 0 8220
4447 0 8244
4447 0 8403
4448 0 8208
4448 0 8250
4449 0 8208
4449 0 8218
4449 0 9699
4450 0 8261
4450 0 8262
4450 0 10420
4451 0 8261
4451 0 8292
4451 0 9723
4451 0 10142
4452 0 8229
4452 0 8328
4452 0 9669
4452 0 10095
4453 0 8261
4453 0 8285
4453 0 9167
4454 0 8261
4454 0 8285
4454 0 9802
4454 0 10243
4455 0 8208
4455 0 8250
4455 0 8444
4455 0 8452
4456 0 8208
4456 0 8250
4457 0 8210
4457 0 8295
4457 0 9468
4458 0 8223
4458 0 8307
4459 0 8247
4459 0 8261
4459 0 9183
4459 0 10558
4460 0 8223
4460 0 8339
4461 0 8208
4461 0 8314
4461 0 10155
4462 0 8223
4462 0 8339
4462 0 10542
4463 0 8220
4463 0 8244
4463 0 8399
4464 0 8255
4464 0 8295
4464 0 10306
4465 0 8223
4465 0 8339
4465 0 8477
4466 0 8223
4466 0 8339
4466 0 8427
4467 0 8270
4467 0 8271
4467 0 8884
4468 0 8208
4468 0 8290
4468 0 9868
4468 0 10311
4469 0 8261
4469 0 8292
4469 0 9481
4470 0 8208
4470 0 8233
4470 0 10380
4471 0 8223
4471 0 8339
4471 0 9695
4471 0 9744
4472 0 8261
4472 0 8285
4473 0 8277
4473 0 8288
4473 0 9704
4473 0 9706
4474 0 8223
4474 0 8339
4475 0 8223
4475 0 8339
4476 0 8261
4476 0 8262
4476 0 10157
4477 0 8328
4477 0 8329
4477 0 9582
4478 0 8223
4478 0 8307
4478 0 9896
4479 0 8223
4479 0 8238
4479 0 10452
4479 0 10453
4480 0 8223
4480 0 8339
4480 0 8640
4481 0 8227
4481 0 8299
4482 0 8223
4482 0 8339
4482 0 9486
4482 0 9503
4483 0 8223
4483 0 8278
4483 0 8846
4484 0 8255
4484 0 8295
4484 0 9659
4484 0 9809
4485 0 8223
4485 0 8238
4485 0 10052
4485 0 10369
4486 0 8261
4486 0 8289
4486 0 10282
4486 0 10524
4487 0 8277
4487 0 8288
4487 0 8950
4487 0 9713
4488 0 8257
4488 0 8281
4488 0 8752
4488 0 9335
4489 0 8223
4489 0 8339
4490 0 8208
4490 0 8214
4491 0 8261
4491 0 8285
4491 0 8690
4491 0 8766
4492 0 8292
4492 0 8295
4492 0 8983
4493 0 8220
4493 0 8338
4493 0 10495
4494 0 8248
4494 0 8274
4495 0 8208
4495 0 8308
4495 0 9528
4495 0 9529
4496 0 8223
4496 0 8307
4496 0 10052
4497 0 8240
4497 0 8248
4497 0 9443
4497 0 10057
4498 0 8248
4498 0 8276
4498 0 8487
4498 0 8993
4499 0 8295
4499 0 8311
4500 0 8199
4500 0 8270
4500 0 8725
4501 0 8270
4501 0 8320
4501 0 10235
4502 0 8208
4502 0 8250
4502 0 10341
4503 0 8246
4503 0 8295
4504 0 8223
4504 0 8322
4504 0 8423
4505 0 8295
4505 0 8297
4505 0 9181
4506 0 8261
4506 0 8292
4506 0 10142
4507 0 8223
4507 0 8339
4507 0 9489
4508 0 8328
4508 0 8329
4509 0 8223
4509 0 8307
4510 0 8223
4510 0 8323
4510 0 9501
4511 0 8295
4511 0 8296
4511 0 10440
4512 0 8261
4512 0 8292
4512 0 8685
4512 0 9470
4513 0 8199
4513 0 8270
4513 0 8416
4514 0 8281
4514 0 8283
4514 0 8364
4514 0 8365
4515 0 8208
4515 0 8231
4515 0 9147
4516 0 8261
4516 0 8285
4516 0 8784
4516 0 8786
4517 0 8261
4517 0 8289
4517 0 10142
4518 0 8261
4518 0 8262
4518 0 8690
4518 0 8696
4519 0 8219
4519 0 8223
4519 0 9401
4520 0 8208
4520 0 8233
4520 0 9698
4521 0 8275
4521 0 8295
4522 0 8220
4522 0 8222
4522 0 8480
4523 0 8223
4523 0 8339
4523 0 8477
4524 0 8223
4524 0 8339
4525 0 8223
4525 0 8278
4525 0 8467
4525 0 9639
4526 0 8208
4526 0 8214
4527 0 8208
4527 0 8218
4527 0 9784
4528 0 8223
4528 0 8278
4528 0 8512
4528 0 8513
4529 0 8261
4529 0 8262
4529 0 8766
4529 0 8770
4530 0 8208
4530 0 8218
4530 0 10142
4531 0 8220
4531 0 8244
4531 0 8403
4532 0 8208
4532 0 8308
4532 0 8685
4532 0 8686
4533 0 8247
4533 0 8261
4533 0 10077
4533 0 10113
4534 0 8223
4534 0 8339
4534 0 9784
4534 0 9896
4535 0 8243
4535 0 8330
4535 0 10063
4535 0 10064
4536 0 8261
4536 0 8285
4536 0 10538
4537 0 8261
4537 0 8262
4537 0 9435
4538 0 8270
4538 0 8320
4538 0 9659
4538 0 10233
4539 0 8198
4539 0 8270
4539 0 9096
4539 0 9099
4540 0 8226
4540 0 8270
4540 0 9096
4540 0 9099
4541 0 8223
4541 0 8339
4541 0 10503
4542 0 8223
4542 0 8307
4542 0 8427
4542 0 9503
4543 0 8208
4543 0 8269
4543 0 9845
4543 0 10153
4544 0 8261
4544 0 8285
4544 0 9880
4544 0 10564
4545 0 8223
4545 0 8339
4545 0 9333
4545 0 10543
4546 0 8223
4546 0 8339
4546 0 10495
4546 0 10510
4547 0 8208
4547 0 8231
4547 0 8693
4547 0 9338
4548 0 8257
4548 0 8281
4548 0 9953
4549 0 8223
4549 0 8307
4549 0 10275
4550 0 8223
4550 0 8224
4550 0 10305
4551 0 8208
4551 0 8273
4551 0 9234
4552 0 8277
4552 0 8288
4552 0 9713
4553 0 8247
4553 0 8261
4553 0 8533
4554 0 8270
4554 0 8320
4555 0 8223
4555 0 8339
4555 0 9795
4555 0 10124
4556 0 8208
4556 0 8233
4556 0 9471
4557 0 8223
4557 0 8339
4558 0 8270
4558 0 8320
4558 0 10400
4559 0 8223
4559 0 8339
4560 0 8208
4560 0 8233
4560 0 8575
4560 0 9691
4561 0 8223
4561 0 8339
4561 0 8354
4561 0 9570
4562 0 8223
4562 0 8339
4562 0 10542
4563 0 8223
4563 0 8339
4564 0 8208
4564 0 8233
4564 0 8374
4565 0 8223
4565 0 8307
4565 0 10052
4565 0 10369
4566 0 8243
4566 0 8330
4567 0 8197
4567 0 8253
4568 0 8223
4568 0 8339
4569 0 8261
4569 0 8292
4569 0 8513
4569 0 9744
4570 0 8223
4570 0 8307
4570 0 8697
4570 0 9441
4571 0 8197
4571 0 8321
4571 0 8903
4571 0 9001
4572 0 8223
4572 0 8307
4572 0 9896
4573 0 8208
4573 0 8231
4574 0 8261
4574 0 8292
4574 0 9723
4574 0 10142
4575 0 8247
4575 0 8261
4575 0 8533
4575 0 8534
4576 0 8295
4576 0 8297
4576 0 8789
4577 0 8261
4577 0 8292
4577 0 9284
4578 0 8208
4578 0 8218
4578 0 8950
4578 0 8966
4579 0 8330
4579 0 8331
4579 0 8574
4579 0 8715
4580 0 8223
4580 0 8339
4580 0 9896
4581 0 8270
4581 0 8271
4582 0 8208
4582 0 8214
4582 0 8639
4583 0 8261
4583 0 8289
4583 0 9711
4583 0 9727
4584 0 8223
4584 0 8307
4584 0 8954
4584 0 8962
4585 0 8208
4585 0 8273
4585 0 9057
4586 0 8295
4586 0 8297
4587 0 8208
4587 0 8250
4588 0 8328
4588 0 8329
4588 0 10405
4589 0 8295
4589 0 8306
4590 0 8220
4590 0 8338
4591 0 8223
4591 0 8339
4591 0 9896
4592 0 8288
4592 0 8291
4592 0 8457
4592 0 8971
4593 0 8295
4593 0 8306
4594 0 8295
4594 0 8297
4595 0 8261
4595 0 8285
4596 0 8223
4596 0 8322
4596 0 8497
4596 0 10052
4597 0 8223
4597 0 8323
4597 0 10178
4598 0 8223
4598 0 8339
4598 0 9034
4599 0 8270
4599 0 8271
4599 0 8416
4599 0 8666
4600 0 8223
4600 0 8307
4601 0 8223
4601 0 8238
4601 0 9261
4601 0 10452
4602 0 8223
4602 0 8307
4602 0 9675
4602 0 10052
4603 0 8208
4603 0 8273
4603 0 8344
4603 0 10467
4604 0 8223
4604 0 8307
4604 0 10553
4604 0 10555
4605 0 8220
4605 0 8334
4606 0 8261
4606 0 8292
4606 0 9286
4606 0 9494
4607 0 8223
4607 0 8339
4608 0 8208
4608 0 8308
4608 0 10022
4608 0 10027
4609 0 8223
4609 0 8339
4609 0 8640
4610 0 8261
4610 0 8292
4611 0 8208
4611 0 8269
4612 0 8236
4612 0 8266
4612 0 9239
4613 0 8215
4613 0 8270
4613 0 8628
4614 0 8208
4614 0 8269
4615 0 8261
4615 0 8292
4616 0 8220
4616 0 8222
4616 0 10112
4617 0 8223
4617 0 8322
4618 0 8261
4618 0 8292
4618 0 9643
4618 0 9807
4619 0 8207
4619 0 8270
4619 0 9988
4620 0 8197
4620 0 8253
4620 0 8406
4620 0 9282
4621 0 8257
4621 0 8281
4621 0 9953
4622 0 8277
4622 0 8288
4622 0 9713
4623 0 8220
4623 0 8237
4623 0 9962
4623 0 10409
4624 0 8208
4624 0 8233
4624 0 9033
4624 0 9473
4625 0 8208
4625 0 8218
4625 0 8846
4625 0 10019
4626 0 8261
4626 0 8292
4627 0 8208
4627 0 8214
4627 0 8859
4627 0 8860
4628 0 8223
4628 0 8339
4628 0 8640
4629 0 8223
4629 0 8339
4629 0 8640
4629 0 9503
4630 0 8242
4630 0 8288
4630 0 8838
4630 0 9294
4631 0 8208
4631 0 8269
4632 0 8208
4632 0 8269
4633 0 8248
4633 0 8341
4633 0 10310
4633 0 10560
4634 0 8281
4634 0 8292
4635 0 8223
4635 0 8339
4635 0 8478
4635 0 8477
4636 0 8208
4636 0 8250
4636 0 9855
4636 0 10397
4637 0 8220
4637 0 8244
4637 0 8402
4638 0 8208
4638 0 8233
4639 0 8261
4639 0 8292
4639 0 8595
4639 0 10199
4640 0 8220
4640 0 8338
4640 0 10542
4641 0 8261
4641 0 8285
4641 0 9926
4642 0 8295
4642 0 8319
4642 0 8487
4643 0 8208
4643 0 8218
4643 0 8419
4643 0 8950
4644 0 8261
4644 0 8262
4644 0 8971
4644 0 10142
4645 0 8268
4645 0 8292
4646 0 8223
4646 0 8307
4646 0 9268
4646 0 9686
4647 0 8223
4647 0 8307
4647 0 8996
4647 0 10245
4648 0 8223
4648 0 8307
4648 0 8525
4648 0 8996
4649 0 8261
4649 0 8262
4650 0 8277
4650 0 8288
4651 0 8223
4651 0 8339
4651 0 9338
4651 0 9339
4652 0 8226
4652 0 8270
4652 0 9815
4652 0 9816
4653 0 8247
4653 0 8261
4653 0 9799
4653 0 10191
4654 0 8223
4654 0 8339
4654 0 9205
4655 0 8220
4655 0 8222
4655 0 8404
4656 0 8255
4656 0 8295
4656 0 8983
4657 0 8210
4657 0 8295
4657 0 8464
4658 0 8261
4658 0 8285
4658 0 9206
4658 0 9906
4659 0 8216
4659 0 8295
4659 0 8537
4659 0 10180
4660 0 8223
4660 0 8339
4661 0 8223
4661 0 8307
4661 0 9501
4661 0 9505
4662 0 8208
4662 0 8233
4663 0 8208
4663 0 8314
4664 0 8208
4664 0 8218
4664 0 8950
4664 0 8954
4665 0 8223
4665 0 8339
4666 0 8223
4666 0 8339
4666 0 10078
4667 0 8210
4667 0 8295
4668 0 8220
4668 0 8244
4668 0 8403
4668 0 9323
4669 0 8208
4669 0 8218
4669 0 8950
4669 0 8954
4670 0 8295
4670 0 8306
4670 0 9345
4671 0 8223
4671 0 8278
4671 0 9074
4671 0 9744
4672 0 8208
4672 0 8218
4672 0 9765
4672 0 10070
4673 0 8223
4673 0 8339
4673 0 10401
4674 0 8208
4674 0 8250
4674 0 8444
4674 0 8450
4675 0 8208
4675 0 8218
4675 0 8673
4676 0 8299
4676 0 8302
4676 0 8403
4677 0 8261
4677 0 8285
4677 0 9206
4678 0 8270
4678 0 8317
4678 0 10173
4678 0 10542
4679 0 8270
4679 0 8335
4680 0 8242
4680 0 8288
4680 0 9294
4680 0 9303
4681 0 8208
4681 0 8250
4681 0 10118
4682 0 8275
4682 0 8295
4682 0 8538
4682 0 9582
4683 0 8246
4683 0 8295
4683 0 9808
4684 0 8208
4684 0 8273
4685 0 8295
4685 0 8319
4686 0 8220
4686 0 8338
4686 0 8693
4686 0 9338
4687 0 8208
4687 0 8233
4688 0 8223
4688 0 8339
4688 0 8552
4688 0 10305
4689 0 8220
4689 0 8338
4689 0 8693
4690 0 8223
4690 0 8339
4690 0 8346
4690 0 8348
4691 0 8226
4691 0 8270
4692 0 8295
4692 0 8297
4692 0 8993
4693 0 8197
4693 0 8321
4693 0 8889
4694 0 8220
4694 0 8221
4695 0 8261
4695 0 8289
4695 0 10405
4695 0 10431
4696 0 8223
4696 0 8339
4696 0 10542
4697 0 8223
4697 0 8307
4697 0 10191
4698 0 8277
4698 0 8288
4699 0 8208
4699 0 8233
4699 0 8978
4699 0 9090
4700 0 8223
4700 0 8339
4700 0 8793
4700 0 9896
4701 0 8208
4701 0 8231
4701 0 9064
4702 0 8261
4702 0 8289
4702 0 9062
4702 0 9607
4703 0 8261
4703 0 8262
4704 0 8220
4704 0 8338
4704 0 10542
4705 0 8281
4705 0 8305
4705 0 10259
4706 0 8267
4706 0 8295
4707 0 8328
4707 0 8329
4707 0 10405
4708 0 8261
4708 0 8292
4708 0 9339
4708 0 10495
4709 0 8240
4709 0 8248
4710 0 8208
4710 0 8231
4711 0 8295
4711 0 8297
4712 0 8220
4712 0 8232
4713 0 8197
4713 0 8321
4713 0 8889
4713 0 9571
4714 0 8270
4714 0 8320
4714 0 9931
4715 0 8261
4715 0 8289
4715 0 9867
4715 0 10414
4716 0 8295
4716 0 8297
4717 0 8223
4717 0 8339
4717 0 9503
4718 0 8261
4718 0 8262
4718 0 8585
4718 0 10470
4719 0 8223
4719 0 8339
4719 0 9339
4720 0 8223
4720 0 8307
4720 0 10464
4721 0 8223
4721 0 8307
4721 0 10019
4722 0 8261
4722 0 8285
4723 0 8223
4723 0 8339
4723 0 9339
4724 0 8223
4724 0 8339
4724 0 9096
4724 0 9570
4725 0 8208
4725 0 8308
4725 0 10027
4726 0 8220
4726 0 8244
4726 0 8994
4726 0 9627
4727 0 8261
4727 0 8285
4727 0 10404
4728 0 8208
4728 0 8233
4728 0 9713
4729 0 8295
4729 0 8311
4730 0 8208
4730 0 8250
4731 0 8295
4731 0 8311
4731 0 8624
4731 0 8948
4732 0 8223
4732 0 8307
4732 0 8427
4732 0 9489
4733 0 8223
4733 0 8307
4734 0 8268
4734 0 8292
4734 0 9058
4734 0 9059
4735 0 8208
4735 0 8233
4735 0 9657
4736 0 8223
4736 0 8238
4736 0 9432
4736 0 10452
4737 0 8200
4737 0 8270
4737 0 8464
4737 0 9296
4738 0 8197
4738 0 8321
4738 0 9647
4739 0 8270
4739 0 8320
4740 0 8223
4740 0 8278
4740 0 8467
4740 0 9306
4741 0 8270
4741 0 8304
4742 0 8226
4742 0 8270
4742 0 9096
4742 0 9099
4743 0 8223
4743 0 8307
4744 0 8294
4744 0 8295
4745 0 8247
4745 0 8261
4745 0 9541
4745 0 10001
4746 0 8261
4746 0 8262
4746 0 8495
4746 0 8497
4747 0 8220
4747 0 8338
4747 0 8403
4748 0 8208
4748 0 8250
4748 0 8444
4749 0 8223
4749 0 8322
4749 0 8433
4749 0 8660
4750 0 8255
4750 0 8295
4750 0 9592
4750 0 9593
4751 0 8242
4751 0 8288
4752 0 8223
4752 0 8339
4752 0 8457
4752 0 9212
4753 0 8208
4753 0 8218
4753 0 8673
4753 0 8674
4754 0 8223
4754 0 8339
4754 0 10542
4755 0 8197
4755 0 8272
4756 0 8223
4756 0 8323
4756 0 9447
4756 0 9897
4757 0 8208
4757 0 8218
4757 0 8671
4758 0 8261
4758 0 8262
4758 0 9459
4759 0 8295
4759 0 8319
4759 0 8763
4760 0 8277
4760 0 8288
4760 0 9713
4761 0 8240
4761 0 8248
4761 0 9443
4761 0 10057
4762 0 8223
4762 0 8322
4762 0 9150
4762 0 9727
4763 0 8295
4763 0 8297
4764 0 8220
4764 0 8244
4764 0 8812
4765 0 8295
4765 0 8306
4765 0 9345
4766 0 8197
4766 0 8272
4766 0 9018
4766 0 10207
4767 0 8261
4767 0 8285
4767 0 9435
4768 0 8208
4768 0 8214
4769 0 8270
4769 0 8335
4769 0 9659
4770 0 8261
4770 0 8285
4771 0 8223
4771 0 8339
4771 0 8693
4771 0 9338
4772 0 8270
4772 0 8317
4773 0 8223
4773 0 8307
4774 0 8223
4774 0 8339
4774 0 8955
4774 0 9503
4775 0 8256
4775 0 8328
4776 0 8275
4776 0 8295
4776 0 10267
4777 0 8215
4777 0 8270
4777 0 8871
4778 0 8223
4778 0 8339
4779 0 8208
4779 0 8231
4780 0 8328
4780 0 8329
4780 0 10405
4781 0 8208
4781 0 8214
4781 0 9719
4782 0 8295
4782 0 8319
4783 0 8223
4783 0 8307
4783 0 8846
4784 0 8261
4784 0 8262
4784 0 8690
4785 0 8268
4785 0 8292
4785 0 10002
4786 0 8295
4786 0 8311
4786 0 10033
4786 0 10034
4787 0 8277
4787 0 8288
4787 0 9719
4788 0 8223
4788 0 8307
4788 0 9497
4788 0 9498
4789 0 8226
4789 0 8270
4790 0 8223
4790 0 8339
4791 0 8226
4791 0 8270
4791 0 9783
4791 0 10454
4792 0 8208
4792 0 8231
4792 0 8684
4792 0 9796
4793 0 8208
4793 0 8273
4794 0 8270
4794 0 8271
4794 0 8403
4794 0 9565
4795 0 8261
4795 0 8262
4796 0 8295
4796 0 8306
4797 0 8220
4797 0 8338
4797 0 10466
4797 0 10542
4798 0 8294
4798 0 8295
4798 0 8650
4798 0 9934
4799 0 8210
4799 0 8295
4800 0 8295
4800 0 8306
4801 0 8199
4801 0 8270
4802 0 8261
4802 0 8289
4802 0 9607
4802 0 10404
4803 0 8208
4803 0 8250
4804 0 8236
4804 0 8266
4805 0 8208
4805 0 8231
4805 0 9236
4806 0 8223
4806 0 8339
4807 0 8261
4807 0 8289
4807 0 8784
4807 0 10431
4808 0 8270
4808 0 8320
4808 0 9167
4808 0 9692
4809 0 8223
4809 0 8339
4809 0 9503
4810 0 8223
4810 0 8339
4810 0 9503
4811 0 8299
4811 0 8336
4811 0 9984
4811 0 10450
4812 0 8295
4812 0 8327
4813 0 8223
4813 0 8339
4813 0 9503
4814 0 8241
4814 0 8266
4814 0 9226
4814 0 9279
4815 0 8223
4815 0 8339
4815 0 9486
4815 0 9488
4816 0 8295
4816 0 8319
4817 0 8261
4817 0 8292
4817 0 8971
4817 0 9723
4818 0 8208
4818 0 8250
4819 0 8208
4819 0 8231
4819 0 10416
4820 0 8223
4820 0 8339
4820 0 9065
4820 0 9503
4821 0 8199
4821 0 8270
4822 0 8261
4822 0 8262
4823 0 8208
4823 0 8250
4824 0 8277
4824 0 8288
4824 0 9706
4824 0 10142
4825 0 8299
4825 0 8300
4825 0 8702
4826 0 8229
4826 0 8328
4826 0 10295
4827 0 8219
4827 0 8223
4827 0 8970
4827 0 9875
4828 0 8223
4828 0 8307
4828 0 8697
4829 0 8220
4829 0 8338
4829 0 8693
4830 0 8200
4830 0 8270
4831 0 8208
4831 0 8231
4832 0 8223
4832 0 8339
4833 0 8223
4833 0 8238
4834 0 8261
4834 0 8262
4834 0 9607
4834 0 9610
4835 0 8220
4835 0 8237
4835 0 8570
4835 0 10452
4836 0 8295
4836 0 8297
4837 0 8295
4837 0 8297
4838 0 8219
4838 0 8223
4838 0 10142
4839 0 8208
4839 0 8250
4840 0 8197
4840 0 8272
4840 0 9366
4840 0 10348
4841 0 8223
4841 0 8339
4841 0 9896
4842 0 8220
4842 0 8244
4842 0 10234
4843 0 8223
4843 0 8339
4843 0 9742
4843 0 10577
4844 0 8210
4844 0 8295
4845 0 8223
4845 0 8339
4845 0 8641
4846 0 8299
4846 0 8336
4847 0 8220
4847 0 8244
4847 0 8403
4848 0 8208
4848 0 8250
4848 0 10510
4849 0 8223
4849 0 8278
4849 0 8512
4849 0 8518
4850 0 8275
4850 0 8295
4851 0 8270
4851 0 8320
4852 0 8199
4852 0 8270
4852 0 8416
4852 0 9659
4853 0 8199
4853 0 8270
4854 0 8295
4854 0 8296
4854 0 9225
4855 0 8248
4855 0 8274
4855 0 9683
4855 0 9736
4856 0 8215
4856 0 8270
4856 0 10542
4857 0 8256
4857 0 8328
4858 0 8299
4858 0 8301
4859 0 8208
4859 0 8326
4859 0 8666
4859 0 8676
4860 0 8208
4860 0 8269
4860 0 9576
4861 0 8208
4861 0 8218
4862 0 8225
4862 0 8248
4862 0 8387
4862 0 9178
4863 0 8220
4863 0 8338
4863 0 8395
4864 0 8208
4864 0 8233
4864 0 9492
4864 0 10380
4865 0 8208
4865 0 8269
4865 0 9885
4865 0 9887
4866 0 8208
4866 0 8231
4866 0 8416
4867 0 8261
4867 0 8285
4867 0 8849
4868 0 8197
4868 0 8272
4868 0 9027
4869 0 8208
4869 0 8273
4870 0 8261
4870 0 8292
4871 0 8223
4871 0 8307
4871 0 9567
4871 0 9910
4872 0 8223
4872 0 8339
4873 0 8246
4873 0 8295
4874 0 8208
4874 0 8269
4874 0 9237
4874 0 9883
4875 0 8208
4875 0 8269
4875 0 9576
4876 0 8230
4876 0 8266
4876 0 8460
4876 0 8864
4877 0 8208
4877 0 8218
4877 0 8603
4877 0 8604
4878 0 8328
4878 0 8329
4878 0 10405
4879 0 8266
4879 0 8324
4879 0 8632
4879 0 9226
4880 0 8223
4880 0 8278
4880 0 8467
4880 0 9404
4881 0 8226
4881 0 8270
4882 0 8261
4882 0 8262
4882 0 10134
4882 0 10135
4883 0 8208
4883 0 8231
4884 0 8261
4884 0 8292
4884 0 8784
4884 0 8851
4885 0 8223
4885 0 8339
4885 0 8477
4885 0 10407
4886 0 8328
4886 0 8329
4887 0 8270
4887 0 8317
4887 0 9295
4888 0 8215
4888 0 8270
4888 0 8628
4889 0 8197
4889 0 8272
4889 0 9272
4889 0 9366
4890 0 8261
4890 0 8292
4890 0 9643
4890 0 9807
4891 0 8208
4891 0 8231
4892 0 8208
4892 0 8250
4892 0 10405
4893 0 8270
4893 0 8317
4893 0 10173
4894 0 8223
4894 0 8307
4895 0 8208
4895 0 8231
4895 0 8444
4895 0 8458
4896 0 8208
4896 0 8231
4897 0 8299
4897 0 8336
4898 0 8261
4898 0 8285
4898 0 9813
4899 0 8295
4899 0 8297
4899 0 10027
4900 0 8223
4900 0 8278
4900 0 9744
4900 0 9759
4901 0 8210
4901 0 8295
4901 0 9467
4902 0 8208
4902 0 8314
4902 0 10155
4903 0 8261
4903 0 8292
4903 0 8697
4904 0 8208
4904 0 8250
4904 0 8871
4904 0 9659
4905 0 8208
4905 0 8250
4905 0 8444
4906 0 8261
4906 0 8292
4906 0 8497
4906 0 8498
4907 0 8295
4907 0 8306
4907 0 9025
4908 0 8223
4908 0 8307
4908 0 8796
4908 0 8846
4909 0 8230
4909 0 8266
4910 0 8223
4910 0 8278
4910 0 8467
4910 0 8474
4911 0 8210
4911 0 8295
4911 0 9091
4912 0 8264
4912 0 8266
4912 0 9499
4913 0 8223
4913 0 8339
4913 0 9761
4913 0 9822
4914 0 8261
4914 0 8262
4914 0 9761
4914 0 10052
4915 0 8230
4915 0 8266
4915 0 9122
4915 0 9317
4916 0 8223
4916 0 8278
4916 0 10542
4917 0 8208
4917 0 8314
4917 0 9794
4918 0 8208
4918 0 8290
4918 0 9868
4918 0 10007
4919 0 8261
4919 0 8285
4919 0 9919
4919 0 10517
4920 0 8270
4920 0 8320
4920 0 9167
4921 0 8207
4921 0 8270
4921 0 8346
4921 0 8840
4922 0 8277
4922 0 8288
4922 0 9704
4922 0 9715
4923 0 8223
4923 0 8307
4923 0 9501
4923 0 10019
4924 0 8208
4924 0 8269
4924 0 9886
4925 0 8261
4925 0 8289
4925 0 9727
4925 0 10524
4926 0 8223
4926 0 8322
4926 0 8505
4927 0 8261
4927 0 8262
4928 0 8242
4928 0 8288
4928 0 9289
4929 0 8220
4929 0 8222
4929 0 9630
4930 0 8328
4930 0 8329
4930 0 9766
4931 0 8295
4931 0 8306
4932 0 8281
4932 0 8292
4933 0 8270
4933 0 8320
4934 0 8223
4934 0 8238
4934 0 9621
4935 0 8295
4935 0 8319
4935 0 10232
4936 0 8223
4936 0 8278
4936 0 9399
4937 0 8261
4937 0 8285
4937 0 10431
4937 0 10432
4938 0 8196
4938 0 8220
4938 0 9074
4939 0 8223
4939 0 8307
4939 0 10126
4940 0 8295
4940 0 8311
4941 0 8248
4941 0 8292
4941 0 8535
4941 0 10109
4942 0 8223
4942 0 8339
4942 0 9503
4943 0 8196
4943 0 8220
4944 0 8295
4944 0 8297
4944 0 9161
4944 0 10545
4945 0 8220
4945 0 8244
4946 0 8270
4946 0 8320
4947 0 8281
4947 0 8282
4947 0 8365
4947 0 9089
4948 0 8220
4948 0 8292
4948 0 8403
4948 0 9017
4949 0 8223
4949 0 8339
4950 0 8261
4950 0 8289
4950 0 10524
4951 0 8208
4951 0 8231
4952 0 8295
4952 0 8297
4953 0 8208
4953 0 8233
4953 0 10338
4954 0 8328
4954 0 8329
4955 0 8261
4955 0 8289
4956 0 8220
4956 0 8237
4956 0 8346
4956 0 8348
4957 0 8299
4957 0 8336
4958 0 8266
4958 0 8292
4958 0 8461
4959 0 8295
4959 0 8297
4960 0 8270
4960 0 8320
4960 0 9167
4961 0 8264
4961 0 8266
4961 0 8924
4961 0 9106
4962 0 8270
4962 0 8317
4962 0 10173
4963 0 8261
4963 0 8292
4963 0 10325
4964 0 8255
4964 0 8295
4964 0 8820
4964 0 9467
4965 0 8223
4965 0 8307
4965 0 10275
4966 0 8208
4966 0 8308
4966 0 8422
4966 0 8423
4967 0 8220
4967 0 8244
4967 0 9185
4968 0 8208
4968 0 8231
4968 0 8444
4968 0 8458
4969 0 8208
4969 0 8231
4970 0 8261
4970 0 8289
4970 0 8833
4970 0 8847
4971 0 8200
4971 0 8270
4971 0 8444
4971 0 8450
4972 0 8208
4972 0 8233
4973 0 8236
4973 0 8266
4973 0 9207
4973 0 9239
4974 0 8220
4974 0 8338
4975 0 8197
4975 0 8272
4975 0 9028
4975 0 9674
4976 0 8196
4976 0 8220
4977 0 8223
4977 0 8238
4978 0 8281
4978 0 8283
4978 0 8365
4979 0 8223
4979 0 8339
4979 0 10542
4980 0 8208
4980 0 8231
4980 0 10444
4981 0 8223
4981 0 8339
4981 0 8835
4981 0 10148
4982 0 8220
4982 0 8244
4982 0 9439
4983 0 8268
4983 0 8332
4984 0 8295
4984 0 8296
4985 0 8208
4985 0 8231
4986 0 8264
4986 0 8266
4986 0 9530
4987 0 8295
4987 0 8306
4988 0 8295
4988 0 8306
4988 0 9025
4988 0 10368
4989 0 8220
4989 0 8244
4989 0 8399
4989 0 9148
4990 0 8261
4990 0 8292
4990 0 8484
4991 0 8197
4991 0 8253
4991 0 9134
4991 0 9787
4992 0 8223
4992 0 8339
4993 0 8223
4993 0 8339
4993 0 9338
4994 0 8220
4994 0 8338
4994 0 8693
4994 0 8695
4995 0 8223
4995 0 8307
4996 0 8223
4996 0 8339
4997 0 8223
4997 0 8278
4997 0 9205
4997 0 9404
4998 0 8223
4998 0 8307
4998 0 10052
4999 0 8208
4999 0 8231
4999 0 8444
5000 0 8208
5000 0 8214
5000 0 8628
5001 0 8223
5001 0 8224
5001 0 8758
5002 0 8277
5002 0 8288
5002 0 9713
5003 0 8223
5003 0 8307
5004 0 8248
5004 0 8287
5004 0 10227
5005 0 8223
5005 0 8278
5006 0 8199
5006 0 8270
5007 0 8197
5007 0 8272
5007 0 8432
5007 0 9602
5008 0 8208
5008 0 8218
5008 0 8950
5008 0 8954
5009 0 8295
5009 0 8327
5009 0 9994
5010 0 8261
5010 0 8262
5010 0 10157
5011 0 8277
5011 0 8288
5011 0 9727
5011 0 9986
5012 0 8247
5012 0 8261
5012 0 10077
5013 0 8261
5013 0 8262
5013 0 8690
5014 0 8223
5014 0 8339
5014 0 10052
5015 0 8295
5015 0 8296
5015 0 9473
5016 0 8261
5016 0 8292
5016 0 9166
5016 0 9170
5017 0 8295
5017 0 8297
5018 0 8216
5018 0 8295
5018 0 9683
5019 0 8208
5019 0 8231
5019 0 8610
5019 0 9128
5020 0 8208
5020 0 8231
5021 0 8208
5021 0 8314
5022 0 8261
5022 0 8262
5022 0 9776
5022 0 10465
5023 0 8223
5023 0 8339
5023 0 9564
5023 0 9896
5024 0 8261
5024 0 8289
5024 0 8379
5024 0 9330
5025 0 8208
5025 0 8231
5025 0 9916
5026 0 8220
5026 0 8244
5027 0 8270
5027 0 8335
5027 0 8703
5027 0 9719
5028 0 8277
5028 0 8288
5028 0 9713
5029 0 8208
5029 0 8250
5029 0 9208
5030 0 8223
5030 0 8238
5030 0 9298
5030 0 9302
5031 0 8215
5031 0 8270
5031 0 9096
5031 0 9099
5032 0 8208
5032 0 8326
5032 0 8612
5032 0 9043
5033 0 8270
5033 0 8317
5033 0 10173
5034 0 8208
5034 0 8231
5035 0 8240
5035 0 8248
5035 0 10219
5036 0 8208
5036 0 8273
5036 0 8639
5036 0 10548
5037 0 8281
5037 0 8282
5038 0 8223
5038 0 8322
5039 0 8295
5039 0 8306
5040 0 8226
5040 0 8270
5040 0 9099
5040 0 9659
5041 0 8198
5041 0 8270
5042 0 8204
5042 0 8268
5043 0 8223
5043 0 8307
5044 0 8295
5044 0 8297
5045 0 8223
5045 0 8224
5045 0 10456
5046 0 8208
5046 0 8231
5046 0 10405
5047 0 8295
5047 0 8311
5048 0 8270
5048 0 8320
5048 0 9167
5048 0 9692
5049 0 8261
5049 0 8262
5050 0 8255
5050 0 8295
5051 0 8261
5051 0 8292
5051 0 8477
5052 0 8294
5052 0 8295
5053 0 8196
5053 0 8220
5053 0 8390
5053 0 9768
5054 0 8223
5054 0 8339
5054 0 9338
5054 0 9340
5055 0 8277
5055 0 8288
5055 0 9726
5056 0 8204
5056 0 8268
5056 0 10228
5057 0 8255
5057 0 8295
5058 0 8223
5058 0 8323
5058 0 9700
5058 0 10408
5059 0 8223
5059 0 8238
5059 0 8994
5059 0 10452
5060 0 8230
5060 0 8266
5060 0 9120
5061 0 8223
5061 0 8339
5062 0 8220
5062 0 8338
5062 0 8403
5063 0 8295
5063 0 8296
5063 0 8900
5063 0 8901
5064 0 8328
5064 0 8329
5064 0 8703
5064 0 10405
5065 0 8295
5065 0 8306
5066 0 8220
5066 0 8222
5067 0 8223
5067 0 8307
5067 0 10019
5068 0 8196
5068 0 8220
5069 0 8295
5069 0 8296
5069 0 9471
5069 0 9937
5070 0 8277
5070 0 8288
5070 0 9713
5071 0 8223
5071 0 8307
5071 0 10051
5071 0 10052
5072 0 8196
5072 0 8220
5073 0 8223
5073 0 8339
5073 0 9503
5074 0 8261
5074 0 8289
5074 0 8379
5074 0 9330
5075 0 8208
5075 0 8218
5076 0 8208
5076 0 8269
5076 0 8687
5076 0 9671
5077 0 8223
5077 0 8339
5077 0 9503
5077 0 10401
5078 0 8207
5078 0 8270
5079 0 8223
5079 0 8307
5079 0 9163
5079 0 9502
5080 0 8247
5080 0 8261
5080 0 8833
5080 0 8842
5081 0 8294
5081 0 8295
5081 0 8650
5081 0 9934
5082 0 8208
5082 0 8250
5082 0 9064
5083 0 8277
5083 0 8288
5083 0 8955
5083 0 9713
5084 0 8208
5084 0 8233
5084 0 9293
5085 0 8223
5085 0 8307
5085 0 10557
5086 0 8220
5086 0 8244
5086 0 8929
5086 0 9938
5087 0 8270
5087 0 8320
5087 0 9167
5088 0 8223
5088 0 8339
5088 0 9550
5089 0 8208
5089 0 8250
5089 0 10413
5090 0 8208
5090 0 8233
5090 0 10444
5091 0 8208
5091 0 8231
5092 0 8208
5092 0 8231
5092 0 8687
5092 0 9671
5093 0 8277
5093 0 8288
5093 0 9713
5094 0 8277
5094 0 8288
5094 0 9704
5094 0 9722
5095 0 8261
5095 0 8262
5095 0 8971
5095 0 9872
5096 0 8197
5096 0 8321
5097 0 8239
5097 0 8268
5097 0 9969
5098 0 8277
5098 0 8288
5098 0 9713
5098 0 9715
5099 0 8261
5099 0 8262
5099 0 8971
5099 0 9872
5100 0 8208
5100 0 8233
5101 0 8223
5101 0 8307
5101 0 9244
5101 0 9501
5102 0 8223
5102 0 8339
5102 0 9564
5103 0 8328
5103 0 8329
5103 0 9300
5104 0 8208
5104 0 8326
5104 0 9466
5105 0 8208
5105 0 8218
5105 0 8950
5105 0 8960
5106 0 8223
5106 0 8339
5106 0 10542
5107 0 8223
5107 0 8339
5108 0 8295
5108 0 8327
5109 0 8229
5109 0 8328
5109 0 9031
5109 0 9074
5110 0 8223
5110 0 8238
5110 0 8865
5111 0 8208
5111 0 8233
5111 0 8374
5112 0 8208
5112 0 8326
5112 0 9466
5113 0 8208
5113 0 8326
5113 0 9466
5114 0 8223
5114 0 8339
5115 0 8223
5115 0 8278
5115 0 8970
5115 0 9784
5116 0 8210
5116 0 8295
5117 0 8270
5117 0 8320
5117 0 8775
5118 0 8199
5118 0 8270
5119 0 8223
5119 0 8307
5119 0 9313
5120 0 8295
5120 0 8297
5120 0 9760
5121 0 8299
5121 0 8336
5121 0 8702
5121 0 8762
5122 0 8292
5122 0 8328
5122 0 10215
5123 0 8208
5123 0 8269
5123 0 8930
5123 0 8932
5124 0 8261
5124 0 8285
5124 0 8444
5124 0 8449
5125 0 8223
5125 0 8339
5126 0 8248
5126 0 8292
5126 0 9392
5126 0 9733
5127 0 8295
5127 0 8311
5127 0 9990
5128 0 8295
5128 0 8297
5129 0 8223
5129 0 8339
5130 0 8223
5130 0 8307
5131 0 8223
5131 0 8307
5131 0 8697
5131 0 8826
5132 0 8328
5132 0 8329
5132 0 10405
5133 0 8288
5133 0 8316
5133 0 8351
5133 0 10127
5134 0 8247
5134 0 8261
5134 0 9011
5134 0 9091
5135 0 8223
5135 0 8339
5135 0 8641
5136 0 8220
5136 0 8338
5136 0 8693
5136 0 10495
5137 0 8220
5137 0 8338
5137 0 8399
5137 0 8994
5138 0 8261
5138 0 8262
5138 0 8824
5139 0 8223
5139 0 8339
5140 0 8223
5140 0 8339
5141 0 8247
5141 0 8261
5142 0 8223
5142 0 8278
5142 0 9404
5143 0 8223
5143 0 8339
5144 0 8220
5144 0 8338
5144 0 10542
5145 0 8223
5145 0 8339
5145 0 9338
5146 0 8256
5146 0 8328
5146 0 8352
5146 0 8994
5147 0 8208
5147 0 8231
5148 0 8208
5148 0 8231
5148 0 9086
5149 0 8261
5149 0 8292
5149 0 9088
5149 0 10127
5150 0 8223
5150 0 8339
5150 0 9048
5151 0 8328
5151 0 8329
5151 0 9993
5152 0 8248
5152 0 8341
5152 0 9572
5152 0 9573
5153 0 8210
5153 0 8295
5153 0 9732
5154 0 8220
5154 0 8338
5154 0 10542
5155 0 8242
5155 0 8288
5155 0 9294
5155 0 9304
5156 0 8270
5156 0 8317
5156 0 10173
5156 0 10542
5157 0 8223
5157 0 8224
5157 0 9003
5157 0 9038
5158 0 8257
5158 0 8281
5159 0 8220
5159 0 8232
5159 0 8444
5160 0 8223
5160 0 8339
5161 0 8223
5161 0 8307
5161 0 9501
5161 0 9505
5162 0 8208
5162 0 8252
5162 0 8388
5162 0 9933
5163 0 8223
5163 0 8322
5163 0 9466
5164 0 8299
5164 0 8336
5164 0 10258
5164 0 10259
5165 0 8223
5165 0 8339
5165 0 8693
5166 0 8223
5166 0 8339
5166 0 10542
5167 0 8208
5167 0 8308
5167 0 9532
5167 0 10169
5168 0 8223
5168 0 8307
5168 0 10169
5168 0 10170
5169 0 8208
5169 0 8269
5169 0 8423
5169 0 9512
5170 0 8261
5170 0 8285
5170 0 9206
5171 0 8210
5171 0 8295
5172 0 8220
5172 0 8334
5172 0 8512
5172 0 8994
5173 0 8208
5173 0 8231
5173 0 9048
5174 0 8197
5174 0 8321
5174 0 8904
5174 0 9524
5175 0 8295
5175 0 8297
5176 0 8261
5176 0 8289
5176 0 9607
5176 0 9611
5177 0 8208
5177 0 8231
5178 0 8220
5178 0 8221
5179 0 8241
5179 0 8266
5179 0 9118
5179 0 9754
5180 0 8208
5180 0 8308
5180 0 8671
5181 0 8223
5181 0 8307
5182 0 8277
5182 0 8288
5182 0 9713
5183 0 8255
5183 0 8295
5184 0 8223
5184 0 8339
5184 0 10078
5185 0 8261
5185 0 8292
5185 0 9548
5186 0 8223
5186 0 8238
5186 0 9260
5186 0 9962
5187 0 8208
5187 0 8250
5188 0 8223
5188 0 8307
5188 0 9932
5188 0 10019
5189 0 8223
5189 0 8278
5189 0 8467
5189 0 9294
5190 0 8220
5190 0 8338
5190 0 10542
5191 0 8223
5191 0 8224
5191 0 9299
5191 0 10498
5192 0 8223
5192 0 8339
5193 0 8220
5193 0 8338
5193 0 8640
5194 0 8270
5194 0 8320
5194 0 10400
5195 0 8226
5195 0 8270
5196 0 8261
5196 0 8292
5196 0 8354
5196 0 8355
5197 0 8223
5197 0 8278
5197 0 8477
5198 0 8208
5198 0 8214
5198 0 8820
5198 0 9452
5199 0 8270
5199 0 8320
5199 0 9668
5199 0 9680
5200 0 8230
5200 0 8266
5201 0 8208
5201 0 8250
5201 0 10405
5202 0 8226
5202 0 8270
5203 0 8208
5203 0 8233
5204 0 8328
5204 0 8329
5205 0 8223
5205 0 8278
5205 0 10398
5206 0 8245
5206 0 8270
5207 0 8223
5207 0 8307
5207 0 8846
5207 0 10019
5208 0 8295
5208 0 8297
5209 0 8223
5209 0 8278
5209 0 9790
5210 0 8270
5210 0 8320
5210 0 10235
5211 0 8261
5211 0 8292
5211 0 9276
5211 0 10054
5212 0 8261
5212 0 8285
5213 0 8208
5213 0 8250
5214 0 8223
5214 0 8339
5214 0 9503
5215 0 8223
5215 0 8339
5215 0 10542
5216 0 8208
5216 0 8290
5216 0 9208
5217 0 8255
5217 0 8295
5217 0 9939
5218 0 8270
5218 0 8317
5218 0 10172
5218 0 10173
5219 0 8270
5219 0 8320
5220 0 8204
5220 0 8268
5220 0 9814
5221 0 8223
5221 0 8339
5221 0 9486
5222 0 8223
5222 0 8339
5223 0 8220
5223 0 8338
5223 0 8680
5224 0 8223
5224 0 8339
5224 0 9299
5224 0 9338
5225 0 8223
5225 0 8339
5225 0 8793
5226 0 8207
5226 0 8270
5226 0 9627
5227 0 8277
5227 0 8288
5227 0 9713
5227 0 10471
5228 0 8220
5228 0 8237
5229 0 8261
5229 0 8262
5229 0 8784
5229 0 9400
5230 0 8223
5230 0 8339
5231 0 8288
5231 0 8292
5231 0 9234
5232 0 8223
5232 0 8339
5233 0 8208
5233 0 8310
5234 0 8223
5234 0 8339
5234 0 8693
5235 0 8223
5235 0 8339
5235 0 8477
5235 0 9761
5236 0 8261
5236 0 8289
5237 0 8220
5237 0 8244
5238 0 8277
5238 0 8288
5238 0 9706
5238 0 10471
5239 0 8270
5239 0 8320
5239 0 9167
5240 0 8270
5240 0 8335
5241 0 8240
5241 0 8248
5241 0 9354
5241 0 9358
5242 0 8223
5242 0 8339
5242 0 8641
5242 0 9896
5243 0 8208
5243 0 8231
5244 0 8270
5244 0 8317
5245 0 8223
5245 0 8339
5246 0 8223
5246 0 8322
5246 0 8354
5247 0 8208
5247 0 8231
5248 0 8223
5248 0 8339
5248 0 9338
5248 0 9341
5249 0 8223
5249 0 8339
5249 0 9582
5250 0 8261
5250 0 8289
5250 0 9389
5250 0 9727
5251 0 8208
5251 0 8231
5251 0 8436
5252 0 8223
5252 0 8307
5252 0 9503
5253 0 8196
5253 0 8220
5253 0 8403
5254 0 8256
5254 0 8328
5254 0 9670
5255 0 8220
5255 0 8334
5255 0 8801
5255 0 9364
5256 0 8223
5256 0 8278
5257 0 8295
5257 0 8306
5257 0 10014
5257 0 10368
5258 0 8197
5258 0 8272
5258 0 9091
5258 0 10116
5259 0 8208
5259 0 8292
5260 0 8261
5260 0 8285
5260 0 9755
5261 0 8223
5261 0 8307
5261 0 10058
5262 0 8277
5262 0 8288
5262 0 9713
5263 0 8223
5263 0 8339
5263 0 10124
5263 0 10499
5264 0 8230
5264 0 8266
5264 0 9116
5264 0 9117
5265 0 8196
5265 0 8220
5265 0 8568
5266 0 8208
5266 0 8308
5266 0 10169
5266 0 10170
5267 0 8202
5267 0 8266
5267 0 8528
5267 0 8529
5268 0 8270
5268 0 8320
5269 0 8277
5269 0 8288
5269 0 9704
5269 0 9715
5270 0 8277
5270 0 8288
5270 0 9713
5270 0 10471
5271 0 8261
5271 0 8292
5271 0 10078
5272 0 8270
5272 0 8320
5273 0 8328
5273 0 8329
5273 0 9386
5273 0 10478
5274 0 8261
5274 0 8292
5274 0 9595
5275 0 8199
5275 0 8270
5276 0 8294
5276 0 8295
5276 0 9994
5277 0 8223
5277 0 8339
5278 0 8223
5278 0 8238
5279 0 8223
5279 0 8238
5279 0 9258
5279 0 9260
5280 0 8225
5280 0 8248
5281 0 8227
5281 0 8299
5282 0 8270
5282 0 8320
5283 0 8226
5283 0 8270
5283 0 8871
5283 0 9659
5284 0 8257
5284 0 8281
5284 0 9953
5285 0 8261
5285 0 8292
5285 0 8589
5285 0 9548
5286 0 8223
5286 0 8307
5286 0 9367
5286 0 10275
5287 0 8208
5287 0 8218
5287 0 10325
5288 0 8261
5288 0 8262
5288 0 8690
5288 0 8770
5289 0 8208
5289 0 8231
5290 0 8208
5290 0 8308
5290 0 10027
5290 0 10028
5291 0 8208
5291 0 8250
5292 0 8223
5292 0 8307
5292 0 8457
5293 0 8261
5293 0 8285
5294 0 8197
5294 0 8272
5294 0 9643
5294 0 10052
5295 0 8277
5295 0 8288
5295 0 9713
5296 0 8220
5296 0 8258
5297 0 8266
5297 0 8292
5297 0 9207
5297 0 9226
5298 0 8208
5298 0 8310
5298 0 10086
5299 0 8223
5299 0 8307
5299 0 9968
5300 0 8277
5300 0 8288
5300 0 9719
5300 0 9993
5301 0 8225
5301 0 8248
5301 0 10182
5302 0 8216
5302 0 8295
5302 0 8898
5303 0 8208
5303 0 8231
5304 0 8223
5304 0 8238
5304 0 10415
5305 0 8261
5305 0 8262
5306 0 8220
5306 0 8244
5306 0 9323
5307 0 8223
5307 0 8339
5307 0 8950
5307 0 8968
5308 0 8277
5308 0 8288
5308 0 9713
5309 0 8208
5309 0 8250
5310 0 8270
5310 0 8317
5310 0 10173
5311 0 8277
5311 0 8288
5311 0 8876
5311 0 10526
5312 0 8261
5312 0 8262
5312 0 9420
5312 0 9419
5313 0 8230
5313 0 8266
5313 0 8460
5313 0 9117
5314 0 8223
5314 0 8339
5314 0 9489
5315 0 8223
5315 0 8339
5315 0 8477
5316 0 8223
5316 0 8339
5316 0 8998
5316 0 9503
5317 0 8328
5317 0 8329
5318 0 8223
5318 0 8339
5318 0 9570
5319 0 8202
5319 0 8266
5319 0 8529
5319 0 9585
5320 0 8230
5320 0 8266
5320 0 8511
5321 0 8255
5321 0 8295
5322 0 8223
5322 0 8307
5322 0 9501
5323 0 8208
5323 0 8231
5324 0 8210
5324 0 8295
5325 0 8223
5325 0 8228
5325 0 10541
5326 0 8295
5326 0 8297
5327 0 8197
5327 0 8272
5328 0 8199
5328 0 8270
5329 0 8223
5329 0 8307
5330 0 8255
5330 0 8295
5330 0 10324
5331 0 8223
5331 0 8323
5331 0 8522
5331 0 9365
5332 0 8220
5332 0 8244
5332 0 8708
5332 0 9323
5333 0 8220
5333 0 8334
5333 0 10320
5334 0 8255
5334 0 8295
5335 0 8223
5335 0 8307
5335 0 10163
5336 0 8223
5336 0 8307
5336 0 9501
5337 0 8281
5337 0 8282
5338 0 8270
5338 0 8320
5339 0 8328
5339 0 8329
5339 0 10405
5340 0 8208
5340 0 8233
5340 0 8635
5340 0 8636
5341 0 8267
5341 0 8295
5341 0 9994
5342 0 8295
5342 0 8327
5342 0 8487
5342 0 8881
5343 0 8208
5343 0 8218
5343 0 9643
5343 0 10052
5344 0 8223
5344 0 8339
5345 0 8261
5345 0 8262
5345 0 8423
5345 0 10024
5346 0 8295
5346 0 8297
5347 0 8270
5347 0 8320
5348 0 8208
5348 0 8231
5349 0 8223
5349 0 8307
5349 0 8354
5349 0 9501
5350 0 8270
5350 0 8320
5350 0 9444
5350 0 10235
5351 0 8261
5351 0 8285
5351 0 8523
5351 0 9837
5352 0 8220
5352 0 8237
5353 0 8223
5353 0 8238
5354 0 8270
5354 0 8320
5355 0 8234
5355 0 8248
5356 0 8328
5356 0 8329
5356 0 10405
5357 0 8196
5357 0 8220
5357 0 9769
5358 0 8208
5358 0 8250
5358 0 9064
5359 0 8223
5359 0 8307
5360 0 8255
5360 0 8295
5361 0 8223
5361 0 8339
5361 0 8354
5362 0 8257
5362 0 8281
5362 0 9204
5362 0 9335
5363 0 8208
5363 0 8231
5364 0 8223
5364 0 8228
5365 0 8208
5365 0 8250
5365 0 9167
5366 0 8223
5366 0 8307
5367 0 8208
5367 0 8250
5367 0 9430
5368 0 8223
5368 0 8339
5368 0 9896
5368 0 10321
5369 0 8208
5369 0 8290
5369 0 9064
5370 0 8261
5370 0 8262
5370 0 10193
5371 0 8295
5371 0 8311
5371 0 9990
5372 0 8261
5372 0 8285
5372 0 10307
5373 0 8261
5373 0 8292
5373 0 9587
5373 0 9588
5374 0 8226
5374 0 8270
5374 0 9296
5375 0 8277
5375 0 8288
5375 0 9713
5375 0 9956
5376 0 8261
5376 0 8292
5376 0 10099
5376 0 10142
5377 0 8223
5377 0 8307
5377 0 8467
5377 0 9555
5378 0 8208
5378 0 8273
5378 0 8639
5378 0 10155
5379 0 8223
5379 0 8322
5379 0 8381
5379 0 8773
5380 0 8229
5380 0 8328
5381 0 8223
5381 0 8339
5381 0 9486
5382 0 8270
5382 0 8320
5382 0 10400
5383 0 8215
5383 0 8270
5383 0 9349
5384 0 8223
5384 0 8339
5384 0 8477
5385 0 8261
5385 0 8285
5385 0 8849
5385 0 9538
5386 0 8270
5386 0 8320
5386 0 9668
5386 0 10234
5387 0 8261
5387 0 8292
5387 0 9537
5388 0 8223
5388 0 8339
5389 0 8261
5389 0 8292
5389 0 8617
5389 0 8678
5390 0 8277
5390 0 8288
5390 0 9713
5391 0 8295
5391 0 8327
5392 0 8261
5392 0 8262
5392 0 10142
5393 0 8208
5393 0 8250
5393 0 8444
5394 0 8268
5394 0 8292
5394 0 8614
5395 0 8226
5395 0 8270
5396 0 8223
5396 0 8339
5396 0 10078
5397 0 8223
5397 0 8322
5398 0 8208
5398 0 8233
5398 0 10380
5399 0 8223
5399 0 8323
5399 0 8515
5400 0 8223
5400 0 8339
5400 0 8478
5401 0 8223
5401 0 8224
5402 0 8215
5402 0 8270
5403 0 8223
5403 0 8339
5404 0 8223
5404 0 8339
5404 0 9065
5404 0 9503
5405 0 8223
5405 0 8323
5405 0 8576
5406 0 8226
5406 0 8270
5407 0 8223
5407 0 8339
5407 0 9896
5408 0 8208
5408 0 8214
5408 0 9892
5409 0 8196
5409 0 8220
5409 0 8346
5409 0 9402
5410 0 8223
5410 0 8307
5410 0 8846
5410 0 9244
5411 0 8208
5411 0 8250
5412 0 8215
5412 0 8270
5412 0 8884
5413 0 8208
5413 0 8233
5414 0 8196
5414 0 8220
5414 0 8346
5414 0 9210
5415 0 8223
5415 0 8307
5415 0 9342
5415 0 9344
5416 0 8261
5416 0 8285
5416 0 8350
5416 0 8766
5417 0 8223
5417 0 8339
5417 0 8693
5417 0 9338
5418 0 8197
5418 0 8272
5418 0 10373
5419 0 8246
5419 0 8295
5420 0 8226
5420 0 8270
5420 0 8444
5421 0 8208
5421 0 8269
5421 0 10007
5421 0 10011
5422 0 8208
5422 0 8231
5422 0 9493
5422 0 10283
5423 0 8227
5423 0 8299
5423 0 9158
5424 0 8223
5424 0 8339
5424 0 8640
5425 0 8261
5425 0 8262
5425 0 9607
5426 0 8220
5426 0 8237
5426 0 8411
5426 0 9258
5427 0 8208
5427 0 8250
5427 0 10405
5428 0 8223
5428 0 8307
5428 0 9839
5428 0 10556
5429 0 8223
5429 0 8339
5430 0 8220
5430 0 8338
5430 0 8640
5431 0 8223
5431 0 8339
5432 0 8219
5432 0 8223
5432 0 9784
5432 0 9785
5433 0 8208
5433 0 8231
5433 0 10542
5434 0 8223
5434 0 8339
5435 0 8295
5435 0 8297
5436 0 8281
5436 0 8305
5436 0 9779
5436 0 9972
5437 0 8261
5437 0 8262
5437 0 8971
5437 0 9872
5438 0 8247
5438 0 8261
5439 0 8261
5439 0 8289
5439 0 9607
5439 0 9867
5440 0 8223
5440 0 8238
5440 0 9074
5441 0 8299
5441 0 8336
5441 0 8404
5441 0 8806
5442 0 8223
5442 0 8307
5443 0 8226
5443 0 8270
5443 0 8930
5443 0 9659
5444 0 8220
5444 0 8237
5445 0 8220
5445 0 8292
5445 0 9052
5445 0 9185
5446 0 8220
5446 0 8338
5446 0 8403
5447 0 8266
5447 0 8312
5447 0 10125
5448 0 8223
5448 0 8339
5448 0 10527
5449 0 8223
5449 0 8278
5449 0 8467
5450 0 8270
5450 0 8320
5451 0 8295
5451 0 8297
5451 0 10239
5452 0 8223
5452 0 8238
5452 0 10452
5453 0 8247
5453 0 8261
5453 0 8533
5453 0 9066
5454 0 8208
5454 0 8233
5454 0 8980
5454 0 10303
5455 0 8219
5455 0 8223
5456 0 8223
5456 0 8339
5456 0 9784
5456 0 9896
5457 0 8223
5457 0 8339
5457 0 9570
5458 0 8270
5458 0 8320
5458 0 9668
5458 0 10234
5459 0 8256
5459 0 8328
5459 0 10405
5460 0 8295
5460 0 8297
5460 0 9391
5460 0 9392
5461 0 8208
5461 0 8314
5462 0 8215
5462 0 8270
5462 0 8628
5463 0 8230
5463 0 8266
5463 0 8657
5463 0 9117
5464 0 8219
5464 0 8223
5464 0 9723
5464 0 10145
5465 0 8248
5465 0 8274
5465 0 9683
5465 0 10560
5466 0 8261
5466 0 8262
5467 0 8223
5467 0 8278
5468 0 8261
5468 0 8292
5469 0 8270
5469 0 8320
5469 0 9167
5470 0 8270
5470 0 8320
5470 0 9668
5470 0 10234
5471 0 8223
5471 0 8307
5472 0 8295
5472 0 8297
5472 0 10371
5473 0 8208
5473 0 8269
5473 0 9468
5473 0 10012
5474 0 8223
5474 0 8339
5474 0 9321
5475 0 8208
5475 0 8233
5475 0 8618
5475 0 9199
5476 0 8295
5476 0 8297
5476 0 9736
5477 0 8223
5477 0 8339
5478 0 8223
5478 0 8339
5478 0 9896
5478 0 10142
5479 0 8223
5479 0 8278
5479 0 8477
5480 0 8208
5480 0 8269
5480 0 9845
5480 0 10137
5481 0 8299
5481 0 8336
5482 0 8215
5482 0 8270
5482 0 9424
5483 0 8261
5483 0 8262
5483 0 8933
5483 0 9704
5484 0 8328
5484 0 8329
5485 0 8223
5485 0 8339
5485 0 9839
5485 0 9896
5486 0 8208
5486 0 8273
5486 0 8708
5487 0 8208
5487 0 8273
5487 0 8639
5487 0 9380
5488 0 8208
5488 0 8250
5488 0 10459
5488 0 10460
5489 0 8261
5489 0 8262
5489 0 9501
5490 0 8261
5490 0 8262
5490 0 8784
5491 0 8292
5491 0 8295
5492 0 8223
5492 0 8339
5492 0 8693
5492 0 9338
5493 0 8208
5493 0 8233
5494 0 8196
5494 0 8220
5494 0 8626
5495 0 8270
5495 0 8317
5495 0 10173
5496 0 8226
5496 0 8270
5496 0 9565
5497 0 8208
5497 0 8214
5497 0 8544
5498 0 8223
5498 0 8339
5498 0 10542
5499 0 8223
5499 0 8307
5499 0 10052
5500 0 8330
5500 0 8331
5501 0 8295
5501 0 8297
5501 0 8771
5501 0 8863
5502 0 8223
5502 0 8339
5502 0 8354
5503 0 8295
5503 0 8297
5504 0 8277
5504 0 8288
5504 0 9713
5505 0 8270
5505 0 8320
5506 0 8330
5506 0 8331
5506 0 9456
5507 0 8275
5507 0 8295
5508 0 8223
5508 0 8339
5508 0 9100
5509 0 8261
5509 0 8292
5510 0 8208
5510 0 8269
5510 0 8983
5511 0 8223
5511 0 8307
5511 0 9501
5511 0 9505
5512 0 8208
5512 0 8308
5512 0 9704
5512 0 9722
5513 0 8220
5513 0 8338
5513 0 10542
5514 0 8277
5514 0 8288
5514 0 9704
5514 0 9713
5515 0 8208
5515 0 8231
5515 0 9238
5516 0 8223
5516 0 8307
5517 0 8270
5517 0 8335
5518 0 8241
5518 0 8266
5518 0 9279
5518 0 9280
5519 0 8261
5519 0 8292
5519 0 10400
5520 0 8270
5520 0 8320
5521 0 8223
5521 0 8339
5521 0 10542
5522 0 8208
5522 0 8231
5522 0 8436
5523 0 8219
5523 0 8223
5523 0 9704
5523 0 9709
5524 0 8223
5524 0 8307
5524 0 10142
5525 0 8226
5525 0 8270
5525 0 9014
5526 0 8208
5526 0 8218
5526 0 9276
5526 0 10142
5527 0 8223
5527 0 8228
5527 0 10541
5527 0 10542
5528 0 8257
5528 0 8281
5528 0 9335
5529 0 8220
5529 0 8338
5529 0 9730
5529 0 10542
5530 0 8223
5530 0 8339
5530 0 8477
5530 0 9637
5531 0 8248
5531 0 8313
5532 0 8261
5532 0 8289
5533 0 8208
5533 0 8290
5533 0 10214
5534 0 8208
5534 0 8290
5534 0 9741
5534 0 10214
5535 0 8261
5535 0 8285
5535 0 10175
5536 0 8261
5536 0 8285
5536 0 9526
5536 0 9527
5537 0 8223
5537 0 8339
5538 0 8223
5538 0 8339
5539 0 8223
5539 0 8238
5539 0 9503
5539 0 10452
5540 0 8295
5540 0 8327
5541 0 8270
5541 0 8320
5541 0 9668
5541 0 10234
5542 0 8261
5542 0 8285
5542 0 10052
5543 0 8223
5543 0 8339
5543 0 10553
5544 0 8223
5544 0 8339
5544 0 9489
5544 0 9503
5545 0 8226
5545 0 8270
5545 0 10458
5545 0 10459
5546 0 8223
5546 0 8339
5546 0 9896
5547 0 8236
5547 0 8266
5547 0 9239
5548 0 8197
5548 0 8272
5548 0 9275
5548 0 9276
5549 0 8261
5549 0 8285
5549 0 9833
5549 0 9859
5550 0 8261
5550 0 8285
5550 0 9789
5550 0 10404
5551 0 8208
5551 0 8250
5552 0 8295
5552 0 8311
5553 0 8281
5553 0 8337
5554 0 8277
5554 0 8288
5554 0 9713
5555 0 8293
5555 0 8295
5555 0 9467
5555 0 10544
5556 0 8208
5556 0 8218
5556 0 8950
5556 0 8954
5557 0 8277
5557 0 8288
5557 0 9713
5557 0 10471
5558 0 8208
5558 0 8231
5559 0 8295
5559 0 8297
5559 0 9345
5560 0 8277
5560 0 8288
5560 0 9713
5560 0 10471
5561 0 8223
5561 0 8339
5561 0 10321
5562 0 8220
5562 0 8338
5562 0 10542
5563 0 8208
5563 0 8231
5564 0 8261
5564 0 8285
5565 0 8270
5565 0 8335
5566 0 8277
5566 0 8288
5566 0 8854
5566 0 9713
5567 0 8223
5567 0 8339
5567 0 9560
5567 0 9896
5568 0 8277
5568 0 8288
5568 0 9713
5569 0 8261
5569 0 8292
5569 0 8464
5569 0 8617
5570 0 8295
5570 0 8319
5570 0 10185
5571 0 8295
5571 0 8327
5571 0 8487
5571 0 10299
5572 0 8210
5572 0 8295
5572 0 8716
5572 0 8717
5573 0 8208
5573 0 8326
5573 0 9064
5574 0 8208
5574 0 8214
5574 0 8450
5575 0 8266
5575 0 8292
5576 0 8208
5576 0 8218
5576 0 10284
5577 0 8208
5577 0 8218
5577 0 8888
5577 0 9603
5578 0 8210
5578 0 8295
5578 0 9928
5578 0 10215
5579 0 8261
5579 0 8292
5579 0 8852
5579 0 8950
5580 0 8208
5580 0 8233
5580 0 9202
5581 0 8223
5581 0 8307
5581 0 10052
5581 0 10493
5582 0 8277
5582 0 8288
5582 0 9713
5583 0 8208
5583 0 8290
5583 0 8940
5583 0 9578
5584 0 8223
5584 0 8339
5585 0 8219
5585 0 8223
5585 0 9322
5585 0 9795
5586 0 8208
5586 0 8254
5587 0 8215
5587 0 8270
5587 0 8628
5588 0 8328
5588 0 8329
5588 0 9766
5589 0 8208
5589 0 8233
5589 0 10290
5589 0 10291
5590 0 8247
5590 0 8261
5590 0 8357
5591 0 8223
5591 0 8339
5592 0 8295
5592 0 8306
5592 0 10372
5593 0 8197
5593 0 8253
5593 0 9130
5593 0 9135
5594 0 8197
5594 0 8253
5594 0 9370
5594 0 9514
5595 0 8223
5595 0 8322
5595 0 9079
5596 0 8226
5596 0 8270
5597 0 8226
5597 0 8270
5597 0 10155
5597 0 10234
5598 0 8220
5598 0 8237
5599 0 8328
5599 0 8329
5599 0 8703
5600 0 8261
5600 0 8262
5600 0 10157
5601 0 8261
5601 0 8262
5601 0 10157
5602 0 8223
5602 0 8339
5602 0 10493
5603 0 8220
5603 0 8244
5603 0 8467
5603 0 9423
5604 0 8270
5604 0 8292
5605 0 8219
5605 0 8223
5605 0 8950
5605 0 8970
5606 0 8196
5606 0 8220
5607 0 8223
5607 0 8278
5607 0 8885
5607 0 8950
5608 0 8261
5608 0 8285
5608 0 9342
5608 0 9813
5609 0 8223
5609 0 8339
5609 0 9096
5609 0 9098
5610 0 8261
5610 0 8285
5610 0 8845
5610 0 8849
5611 0 8270
5611 0 8317
5611 0 10173
5611 0 10542
5612 0 8223
5612 0 8323
5612 0 8354
5612 0 10105
5613 0 8295
5613 0 8297
5614 0 8226
5614 0 8270
5614 0 8892
5615 0 8270
5615 0 8304
5616 0 8299
5616 0 8333
5617 0 8223
5617 0 8339
5618 0 8203
5618 0 8220
5618 0 8568
5618 0 8569
5619 0 8223
5619 0 8278
5619 0 8467
5619 0 8474
5620 0 8261
5620 0 8292
5621 0 8223
5621 0 8307
5621 0 9284
5622 0 8223
5622 0 8339
5622 0 8693
5622 0 9338
5623 0 8223
5623 0 8307
5624 0 8223
5624 0 8323
5624 0 10052
5624 0 10179
5625 0 8208
5625 0 8250
5625 0 8444
5626 0 8220
5626 0 8338
5627 0 8248
5627 0 8274
5627 0 9736
5627 0 10160
5628 0 8227
5628 0 8299
5629 0 8295
5629 0 8297
5629 0 9346
5630 0 8220
5630 0 8292
5631 0 8248
5631 0 8276
5632 0 8199
5632 0 8270
5633 0 8215
5633 0 8270
5633 0 8884
5633 0 9659
5634 0 8261
5634 0 8285
5634 0 9694
5634 0 9926
5635 0 8295
5635 0 8297
5635 0 9291
5635 0 9292
5636 0 8261
5636 0 8289
5636 0 9727
5636 0 10404
5637 0 8223
5637 0 8307
5637 0 10123
5637 0 10124
5638 0 8208
5638 0 8326
5638 0 10150
5639 0 8261
5639 0 8292
5640 0 8208
5640 0 8254
5640 0 8938
5641 0 8215
5641 0 8270
5641 0 8871
5641 0 8952
5642 0 8220
5642 0 8237
5642 0 8399
5643 0 8223
5643 0 8339
5643 0 8693
5643 0 9338
5644 0 8199
5644 0 8270
5645 0 8208
5645 0 8250
5646 0 8270
5646 0 8320
5647 0 8261
5647 0 8289
5648 0 8208
5648 0 8250
5648 0 10067
5649 0 8281
5649 0 8337
5649 0 10211
5650 0 8223
5650 0 8307
5650 0 8698
5651 0 8261
5651 0 8262
5651 0 9723
5651 0 10142
5652 0 8261
5652 0 8285
5652 0 9727
5652 0 10531
5653 0 8277
5653 0 8288
5653 0 8950
5653 0 8954
5654 0 8295
5654 0 8306
5655 0 8223
5655 0 8238
5655 0 9339
5656 0 8277
5656 0 8288
5656 0 9713
5657 0 8223
5657 0 8278
5657 0 8994
5658 0 8270
5658 0 8320
5658 0 10234
5658 0 10475
5659 0 8261
5659 0 8285
5659 0 8449
5659 0 8457
5660 0 8208
5660 0 8214
5660 0 9794
5661 0 8277
5661 0 8288
5662 0 8270
5662 0 8317
5662 0 9294
5662 0 10173
5663 0 8277
5663 0 8288
5663 0 9371
5663 0 9707
5664 0 8223
5664 0 8339
5665 0 8223
5665 0 8339
5665 0 10501
5666 0 8261
5666 0 8292
5666 0 9490
5667 0 8208
5667 0 8252
5667 0 10090
5668 0 8277
5668 0 8288
5668 0 9713
5669 0 8223
5669 0 8278
5669 0 8467
5669 0 8512
5670 0 8208
5670 0 8233
5671 0 8328
5671 0 8329
5671 0 9074
5671 0 9582
5672 0 8208
5672 0 8231
5672 0 10500
5672 0 10542
5673 0 8261
5673 0 8285
5673 0 8590
5673 0 8950
5674 0 8230
5674 0 8266
5675 0 8261
5675 0 8292
5675 0 9501
5675 0 9505
5676 0 8223
5676 0 8278
5676 0 9404
5676 0 9409
5677 0 8270
5677 0 8320
5677 0 9668
5677 0 10234
5678 0 8277
5678 0 8288
5678 0 9713
5679 0 8234
5679 0 8248
5679 0 9351
5679 0 10354
5680 0 8292
5680 0 8299
5680 0 9943
5681 0 8261
5681 0 8262
5681 0 10178
5682 0 8270
5682 0 8317
5683 0 8196
5683 0 8220
5683 0 8390
5684 0 8281
5684 0 8282
5684 0 9779
5685 0 8208
5685 0 8231
5685 0 9238
5686 0 8207
5686 0 8270
5687 0 8261
5687 0 8292
5687 0 8354
5687 0 8356
5688 0 8208
5688 0 8250
5689 0 8295
5689 0 8297
5690 0 8226
5690 0 8270
5691 0 8255
5691 0 8295
5691 0 9391
5691 0 9392
5692 0 8208
5692 0 8233
5692 0 8434
5693 0 8288
5693 0 8316
5694 0 8208
5694 0 8273
5694 0 10013
5694 0 10448
5695 0 8216
5695 0 8295
5695 0 8639
5696 0 8277
5696 0 8288
5696 0 9713
5697 0 8208
5697 0 8250
5698 0 8208
5698 0 8231
5698 0 8444
5698 0 8746
5699 0 8223
5699 0 8339
5699 0 8628
5699 0 9513
5700 0 8277
5700 0 8288
5700 0 9728
5701 0 8223
5701 0 8339
5701 0 8693
5701 0 9338
5702 0 8261
5702 0 8292
5702 0 10142
5703 0 8267
5703 0 8295
5703 0 9252
5704 0 8277
5704 0 8288
5704 0 9713
5705 0 8277
5705 0 8288
5705 0 9713
5706 0 8277
5706 0 8288
5706 0 9713
5707 0 8277
5707 0 8288
5707 0 9713
5708 0 8223
5708 0 8339
5708 0 10078
5708 0 10094
5709 0 8223
5709 0 8307
5709 0 9607
5709 0 10199
5710 0 8223
5710 0 8339
5711 0 8208
5711 0 8326
5711 0 8866
5712 0 8223
5712 0 8278
5712 0 8467
5712 0 8472
5713 0 8223
5713 0 8278
5713 0 9404
5714 0 8223
5714 0 8278
5714 0 9404
5714 0 9843
5715 0 8223
5715 0 8238
5716 0 8226
5716 0 8270
5717 0 8220
5717 0 8338
5717 0 9560
5718 0 8223
5718 0 8307
5718 0 9034
5719 0 8295
5719 0 8306
5720 0 8208
5720 0 8250
5721 0 8226
5721 0 8270
5721 0 9648
5722 0 8223
5722 0 8339
5723 0 8223
5723 0 8278
5724 0 8223
5724 0 8278
5724 0 8512
5724 0 8513
5725 0 8208
5725 0 8233
5726 0 8223
5726 0 8307
5727 0 8197
5727 0 8253
5727 0 9729
5728 0 8261
5728 0 8285
5729 0 8220
5729 0 8338
5729 0 9503
5730 0 8268
5730 0 8298
5730 0 9045
5730 0 10389
5731 0 8220
5731 0 8237
5732 0 8223
5732 0 8339
5733 0 8223
5733 0 8339
5734 0 8223
5734 0 8224
5734 0 8354
5734 0 8427
5735 0 8223
5735 0 8307
5735 0 8501
5736 0 8208
5736 0 8250
5737 0 8270
5737 0 8271
5737 0 9659
5737 0 9665
5738 0 8223
5738 0 8339
5739 0 8201
5739 0 8288
5739 0 9641
5739 0 9835
5740 0 8223
5740 0 8339
5740 0 8640
5741 0 8223
5741 0 8339
5741 0 10542
5742 0 8261
5742 0 8262
5742 0 8690
5743 0 8246
5743 0 8295
5743 0 9392
5743 0 10039
5744 0 8208
5744 0 8231
5745 0 8270
5745 0 8320
5746 0 8196
5746 0 8220
5746 0 8390
5746 0 9545
5747 0 8261
5747 0 8262
5747 0 8729
5747 0 10157
5748 0 8223
5748 0 8322
5748 0 8433
5748 0 8660
5749 0 8223
5749 0 8339
5749 0 9503
5750 0 8223
5750 0 8339
5750 0 10124
5751 0 8208
5751 0 8233
5752 0 8270
5752 0 8271
5753 0 8226
5753 0 8270
5753 0 9014
5753 0 9659
5754 0 8226
5754 0 8270
5754 0 9014
5754 0 9659
5755 0 8223
5755 0 8278
5756 0 8295
5756 0 8297
5757 0 8223
5757 0 8224
5758 0 8270
5758 0 8320
5758 0 10400
5759 0 8270
5759 0 8317
5760 0 8208
5760 0 8231
5761 0 8208
5761 0 8209
5762 0 8199
5762 0 8270
5763 0 8223
5763 0 8339
5763 0 8846
5763 0 9503
5764 0 8270
5764 0 8320
5764 0 9167
5765 0 8219
5765 0 8223
5765 0 9784
5766 0 8223
5766 0 8339
5766 0 9338
5766 0 9340
5767 0 8223
5767 0 8238
5768 0 8223
5768 0 8278
5769 0 8295
5769 0 8297
5770 0 8261
5770 0 8292
5770 0 8950
5770 0 8968
5771 0 8223
5771 0 8339
5771 0 9503
5772 0 8219
5772 0 8223
5772 0 8971
5772 0 9723
5773 0 8295
5773 0 8297
5773 0 9574
5774 0 8208
5774 0 8218
5775 0 8270
5775 0 8320
5775 0 9167
5775 0 9565
5776 0 8223
5776 0 8339
5776 0 10501
5777 0 8275
5777 0 8295
5777 0 10405
5778 0 8295
5778 0 8311
5778 0 9346
5778 0 9382
5779 0 8295
5779 0 8297
5780 0 8223
5780 0 8339
5781 0 8220
5781 0 8222
5781 0 8400
5782 0 8223
5782 0 8339
5783 0 8208
5783 0 8218
5783 0 8541
5783 0 8986
5784 0 8223
5784 0 8339
5785 0 8208
5785 0 8231
5786 0 8197
5786 0 8272
5786 0 9068
5786 0 9069
5787 0 8295
5787 0 8306
5787 0 10390
5788 0 8223
5788 0 8228
5789 0 8261
5789 0 8292
5789 0 8785
5789 0 8970
5790 0 8261
5790 0 8285
5790 0 8942
5790 0 8943
5791 0 8208
5791 0 8233
5792 0 8223
5792 0 8307
5792 0 9274
5792 0 9501
5793 0 8223
5793 0 8339
5793 0 9003
5793 0 9038
5794 0 8220
5794 0 8222
5794 0 8390
5794 0 8401
5795 0 8261
5795 0 8292
5795 0 9180
5795 0 9807
5796 0 8223
5796 0 8307
5796 0 9968
5797 0 8261
5797 0 8292
5797 0 9875
5797 0 9877
5798 0 8223
5798 0 8339
5798 0 9570
5798 0 9896
5799 0 8208
5799 0 8231
5800 0 8208
5800 0 8231
5801 0 8211
5801 0 8266
5801 0 8746
5801 0 8805
5802 0 8261
5802 0 8292
5802 0 9728
5803 0 8223
5803 0 8339
5804 0 8208
5804 0 8233
5804 0 8741
5804 0 9248
5805 0 8220
5805 0 8222
5805 0 8399
5805 0 8401
5806 0 8295
5806 0 8297
5807 0 8223
5807 0 8278
5807 0 9744
5807 0 10556
5808 0 8208
5808 0 8233
5809 0 8223
5809 0 8278
5809 0 8467
5809 0 8509
5810 0 8208
5810 0 8233
5811 0 8223
5811 0 8339
5811 0 9341
5811 0 9784
5812 0 8241
5812 0 8266
5812 0 9281
5812 0 10097
5813 0 8208
5813 0 8250
5813 0 9063
5814 0 8261
5814 0 8292
5815 0 8208
5815 0 8214
5816 0 8223
5816 0 8339
5816 0 8478
5817 0 8223
5817 0 8307
5818 0 8208
5818 0 8308
5818 0 10023
5818 0 10024
5819 0 8247
5819 0 8261
5819 0 8533
5819 0 10072
5820 0 8196
5820 0 8220
5820 0 8343
5820 0 8346
5821 0 8208
5821 0 8231
5821 0 9093
5822 0 8223
5822 0 8307
5822 0 10052
5823 0 8208
5823 0 8218
5823 0 8804
5823 0 10089
5824 0 8270
5824 0 8320
5825 0 8208
5825 0 8233
5826 0 8210
5826 0 8295
5826 0 8788
5826 0 8789
5827 0 8261
5827 0 8289
5827 0 10427
5827 0 10435
5828 0 8199
5828 0 8270
5828 0 8725
5829 0 8220
5829 0 8244
5829 0 8994
5829 0 9627
5830 0 8223
5830 0 8339
5831 0 8261
5831 0 8292
5831 0 8501
5832 0 8261
5832 0 8292
5832 0 9497
5833 0 8295
5833 0 8297
5833 0 9025
5833 0 10182
5834 0 8299
5834 0 8336
5834 0 8632
5835 0 8261
5835 0 8262
5835 0 9501
5835 0 9506
5836 0 8295
5836 0 8297
5836 0 9291
5837 0 8208
5837 0 8233
5838 0 8223
5838 0 8339
5838 0 9338
5838 0 9339
5839 0 8208
5839 0 8290
5839 0 8707
5839 0 9578
5840 0 8220
5840 0 8222
5840 0 9044
5841 0 8261
5841 0 8292
5841 0 9873
5841 0 9874
5842 0 8261
5842 0 8292
5842 0 10346
5842 0 10407
5843 0 8270
5843 0 8317
5843 0 10172
5843 0 10173
5844 0 8208
5844 0 8250
5844 0 8725
5845 0 8208
5845 0 8214
5845 0 10115
5846 0 8208
5846 0 8233
5846 0 9199
5846 0 9225
5847 0 8219
5847 0 8223
5847 0 8970
5847 0 9822
5848 0 8248
5848 0 8274
5849 0 8208
5849 0 8231
5850 0 8223
5850 0 8339
5850 0 9486
5851 0 8261
5851 0 8292
5852 0 8295
5852 0 8297
5852 0 9053
5852 0 9633
5853 0 8208
5853 0 8250
5853 0 8416
5853 0 8444
5854 0 8208
5854 0 8250
5854 0 8628
5855 0 8208
5855 0 8214
5855 0 10187
5856 0 8261
5856 0 8285
5856 0 9821
5856 0 9975
5857 0 8223
5857 0 8339
5857 0 9896
5858 0 8223
5858 0 8307
5859 0 8295
5859 0 8297
5859 0 9391
5859 0 9392
5860 0 8223
5860 0 8339
5860 0 8641
5860 0 8693
5861 0 8295
5861 0 8311
5861 0 10334
5861 0 10335
5862 0 8261
5862 0 8292
5862 0 10275
5863 0 8219
5863 0 8223
5864 0 8270
5864 0 8320
5864 0 10381
5865 0 8295
5865 0 8319
5865 0 9808
5865 0 10180
5866 0 8295
5866 0 8311
5866 0 10075
5866 0 10316
5867 0 8210
5867 0 8295
5868 0 8208
5868 0 8290
5868 0 9626
5868 0 10312
5869 0 8328
5869 0 8329
5870 0 8261
5870 0 8289
5870 0 10433
5870 0 10435
5871 0 8261
5871 0 8292
5871 0 9723
5871 0 10142
5872 0 8223
5872 0 8307
5872 0 8488
5872 0 8505
5873 0 8295
5873 0 8306
5874 0 8208
5874 0 8269
5874 0 8423
5874 0 10024
5875 0 8208
5875 0 8314
5876 0 8226
5876 0 8270
5876 0 9014
5876 0 9096
5877 0 8261
5877 0 8292
5877 0 9072
5878 0 8261
5878 0 8289
5878 0 8838
5878 0 9329
5879 0 8281
5879 0 8282
5879 0 10258
5880 0 8223
5880 0 8307
5880 0 8697
5880 0 9968
5881 0 8208
5881 0 8231
5881 0 9671
5881 0 10405
5882 0 8277
5882 0 8288
5882 0 9713
5883 0 8196
5883 0 8220
5883 0 8480
5883 0 8482
5884 0 8295
5884 0 8327
5884 0 8760
5884 0 8806
5885 0 8220
5885 0 8338
5886 0 8270
5886 0 8320
5887 0 8208
5887 0 8231
5888 0 8223
5888 0 8339
5888 0 9034
5889 0 8208
5889 0 8308
5889 0 10022
5889 0 10023
5890 0 8223
5890 0 8339
5890 0 9503
5891 0 8295
5891 0 8297
5891 0 10189
5892 0 8208
5892 0 8231
5892 0 9238
5892 0 10416
5893 0 8204
5893 0 8268
5894 0 8208
5894 0 8326
5894 0 8684
5894 0 10222
5895 0 8261
5895 0 8292
5895 0 8423
5895 0 9653
5896 0 8275
5896 0 8295
5896 0 9685
5897 0 8223
5897 0 8238
5897 0 9255
5898 0 8223
5898 0 8307
5898 0 9023
5898 0 9186
5899 0 8261
5899 0 8292
5899 0 9107
5899 0 9108
5900 0 8223
5900 0 8339
5901 0 8208
5901 0 8292
5901 0 10173
5902 0 8223
5902 0 8339
5902 0 8445
5902 0 8447
5903 0 8210
5903 0 8295
5903 0 9468
5903 0 9519
5904 0 8223
5904 0 8339
5904 0 8693
5904 0 9338
5905 0 8295
5905 0 8311
5905 0 9525
5905 0 10568
5906 0 8207
5906 0 8270
5906 0 8480
5906 0 8481
5907 0 8208
5907 0 8231
5908 0 8266
5908 0 8324
5909 0 8230
5909 0 8266
5910 0 8223
5910 0 8339
5910 0 10275
5911 0 8223
5911 0 8339
5911 0 9624
5912 0 8196
5912 0 8220
5912 0 8571
5913 0 8230
5913 0 8266
5914 0 8275
5914 0 8295
5914 0 9025
5915 0 8208
5915 0 8231
5915 0 8666
5915 0 9586
5916 0 8261
5916 0 8289
5916 0 10432
5917 0 8261
5917 0 8289
5917 0 10435
5918 0 8226
5918 0 8270
5919 0 8277
5919 0 8288
5919 0 9704
5919 0 9715
5920 0 8328
5920 0 8329
5920 0 10405
5921 0 8208
5921 0 8231
5922 0 8270
5922 0 8320
5922 0 10234
5923 0 8208
5923 0 8231
5924 0 8280
5924 0 8295
5925 0 8223
5925 0 8322
5926 0 8295
5926 0 8311
5926 0 10256
5926 0 10257
5927 0 8295
5927 0 8311
5928 0 8208
5928 0 8269
5929 0 8208
5929 0 8314
5930 0 8240
5930 0 8248
5931 0 8223
5931 0 8224
5932 0 8210
5932 0 8295
5933 0 8295
5933 0 8311
5933 0 10098
5934 0 8261
5934 0 8292
5934 0 9797
5934 0 9834
5935 0 8230
5935 0 8266
5935 0 9116
5935 0 9316
5936 0 8235
5936 0 8268
5936 0 8591
5937 0 8208
5937 0 8233
5937 0 8618
5937 0 10380
5938 0 8299
5938 0 8336
5938 0 9042
5938 0 10342
5939 0 8295
5939 0 8297
5939 0 9102
5940 0 8295
5940 0 8297
5940 0 9102
5941 0 8223
5941 0 8339
5941 0 9839
5942 0 8275
5942 0 8295
5943 0 8277
5943 0 8288
5943 0 9713
5943 0 10471
5944 0 8223
5944 0 8339
5944 0 10275
5944 0 10366
5945 0 8208
5945 0 8214
5946 0 8223
5946 0 8307
5946 0 10052
5947 0 8226
5947 0 8270
5947 0 9663
5948 0 8240
5948 0 8248
5948 0 9891
5949 0 8223
5949 0 8339
5949 0 8693
5950 0 8261
5950 0 8292
5950 0 10019
5950 0 10052
5951 0 8223
5951 0 8339
5952 0 8208
5952 0 8233
5953 0 8220
5953 0 8244
5953 0 8994
5953 0 9627
5954 0 8220
5954 0 8338
5955 0 8197
5955 0 8321
5955 0 8989
5955 0 9702
5956 0 8208
5956 0 8273
5957 0 8223
5957 0 8238
5957 0 9261
5957 0 10452
5958 0 8208
5958 0 8233
5958 0 8621
5959 0 8223
5959 0 8224
5959 0 9038
5959 0 9037
5960 0 8261
5960 0 8292
5960 0 8869
5960 0 10242
5961 0 8220
5961 0 8244
5961 0 9074
5962 0 8270
5962 0 8320
5962 0 9167
5963 0 8223
5963 0 8339
5963 0 8693
5964 0 8295
5964 0 8296
5964 0 9225
5964 0 10380
5965 0 8295
5965 0 8319
5965 0 8487
5966 0 8223
5966 0 8339
5966 0 9503
5967 0 8261
5967 0 8262
5967 0 9160
5968 0 8208
5968 0 8250
5968 0 10405
5969 0 8295
5969 0 8296
5970 0 8208
5970 0 8233
5971 0 8208
5971 0 8314
5972 0 8208
5972 0 8269
5972 0 9418
5972 0 10061
5973 0 8208
5973 0 8233
5974 0 8261
5974 0 8292
5974 0 8607
5974 0 10250
5975 0 8223
5975 0 8307
5975 0 10123
5975 0 10124
5976 0 8208
5976 0 8209
5976 0 10405
5977 0 8255
5977 0 8295
5978 0 8223
5978 0 8339
5978 0 9784
5978 0 9896
5979 0 8288
5979 0 8316
5979 0 10127
5979 0 10130
5980 0 8208
5980 0 8233
5980 0 10338
5981 0 8208
5981 0 8218
5982 0 8270
5982 0 8320
5982 0 9167
5983 0 8281
5983 0 8282
5983 0 9089
5983 0 9779
5984 0 8223
5984 0 8307
5984 0 8697
5985 0 8295
5985 0 8306
5986 0 8270
5986 0 8317
5987 0 8234
5987 0 8248
5988 0 8261
5988 0 8292
5988 0 9494
5988 0 9496
5989 0 8208
5989 0 8269
5989 0 9253
5989 0 9265
5990 0 8223
5990 0 8339
5990 0 10248
5991 0 8210
5991 0 8295
5992 0 8295
5992 0 8311
5992 0 9334
5993 0 8223
5993 0 8307
5993 0 9338
5993 0 9339
5994 0 8223
5994 0 8339
5995 0 8208
5995 0 8209
5995 0 8567
5995 0 8882
5996 0 8281
5996 0 8305
5996 0 8365
5997 0 8299
5997 0 8300
5998 0 8295
5998 0 8319
5999 0 8197
5999 0 8253
5999 0 9141
6000 0 8281
6000 0 8284
6000 0 9089
6000 0 9779
6001 0 8277
6001 0 8288
6001 0 9713
6001 0 10471
6002 0 8223
6002 0 8224
6002 0 8440
6002 0 8765
6003 0 8328
6003 0 8329
6004 0 8223
6004 0 8278
6004 0 9404
6004 0 9444
6005 0 8245
6005 0 8270
6005 0 10155
6005 0 10156
6006 0 8261
6006 0 8285
6006 0 8784
6007 0 8261
6007 0 8285
6008 0 8281
6008 0 8283
6008 0 9779
6009 0 8223
6009 0 8278
6009 0 8467
6009 0 8474
6010 0 8208
6010 0 8250
6010 0 9208
6011 0 8219
6011 0 8223
6011 0 8958
6011 0 8961
6012 0 8208
6012 0 8269
6012 0 10027
6013 0 8261
6013 0 8262
6013 0 8457
6014 0 8204
6014 0 8268
6014 0 9021
6014 0 9052
6015 0 8270
6015 0 8320
6016 0 8261
6016 0 8285
6017 0 8223
6017 0 8322
6017 0 10438
6018 0 8270
6018 0 8320
6019 0 8226
6019 0 8270
6019 0 10235
6020 0 8223
6020 0 8307
6020 0 9094
6020 0 9244
6021 0 8223
6021 0 8339
6021 0 8693
6022 0 8208
6022 0 8250
6023 0 8223
6023 0 8339
6023 0 10111
6024 0 8223
6024 0 8278
6024 0 8467
6025 0 8223
6025 0 8339
6025 0 9367
6025 0 10275
6026 0 8247
6026 0 8261
6026 0 9935
6027 0 8295
6027 0 8297
6028 0 8223
6028 0 8307
6028 0 8595
6028 0 8818
6029 0 8223
6029 0 8339
6029 0 10159
6030 0 8240
6030 0 8248
6030 0 8431
6030 0 9902
6031 0 8223
6031 0 8322
6031 0 9505
6032 0 8208
6032 0 8218
6032 0 10142
6033 0 8208
6033 0 8233
6033 0 10292
6033 0 10380
6034 0 8211
6034 0 8266
6035 0 8223
6035 0 8339
6035 0 9486
6036 0 8208
6036 0 8231
6036 0 8790
6037 0 8223
6037 0 8278
6037 0 8467
6037 0 9404
6038 0 8208
6038 0 8231
6038 0 10416
6039 0 8208
6039 0 8218
6039 0 8950
6039 0 8964
6040 0 8223
6040 0 8339
6040 0 8693
6040 0 9338
6041 0 8219
6041 0 8223
6042 0 8261
6042 0 8289
6043 0 8261
6043 0 8292
6043 0 10142
6044 0 8208
6044 0 8250
6045 0 8261
6045 0 8262
6045 0 9723
6045 0 9873
6046 0 8223
6046 0 8339
6047 0 8295
6047 0 8306
6048 0 8261
6048 0 8262
6048 0 8617
6048 0 8959
6049 0 8295
6049 0 8296
6049 0 9471
6050 0 8220
6050 0 8338
6051 0 8275
6051 0 8295
6051 0 9582
6051 0 10359
6052 0 8261
6052 0 8285
6052 0 9218
6053 0 8208
6053 0 8308
6053 0 9103
6053 0 10023
6054 0 8216
6054 0 8295
6054 0 8898
6055 0 8220
6055 0 8244
6055 0 9323
6056 0 8261
6056 0 8285
6056 0 10466
6057 0 8261
6057 0 8285
6057 0 10466
6058 0 8261
6058 0 8262
6058 0 9416
6058 0 9437
6059 0 8261
6059 0 8285
6060 0 8292
6060 0 8330
6060 0 9456
6060 0 10352
6061 0 8223
6061 0 8238
6061 0 10071
6061 0 10452
6062 0 8295
6062 0 8297
6062 0 9291
6062 0 9292
6063 0 8219
6063 0 8223
6063 0 9723
6063 0 10142
6064 0 8230
6064 0 8266
6064 0 10044
6065 0 8292
6065 0 8299
6065 0 9943
6066 0 8295
6066 0 8296
6066 0 10416
6067 0 8292
6067 0 8299
6067 0 9943
6068 0 8270
6068 0 8320
6069 0 8220
6069 0 8244
6069 0 9439
6070 0 8223
6070 0 8323
6070 0 9490
6070 0 10250
6071 0 8261
6071 0 8285
6071 0 8690
6071 0 8845
6072 0 8223
6072 0 8339
6072 0 9942
6072 0 10503
6073 0 8208
6073 0 8250
6074 0 8220
6074 0 8244
6074 0 8399
6074 0 8401
6075 0 8210
6075 0 8295
6075 0 9468
6076 0 8208
6076 0 8218
6076 0 10325
6077 0 8240
6077 0 8248
6078 0 8267
6078 0 8295
6078 0 9576
6079 0 8199
6079 0 8270
6080 0 8207
6080 0 8270
6080 0 8650
6080 0 8652
6081 0 8270
6081 0 8320
6081 0 10234
6082 0 8223
6082 0 8339
6082 0 10019
6083 0 8208
6083 0 8218
6083 0 8673
6084 0 8240
6084 0 8248
6085 0 8281
6085 0 8282
6085 0 8752
6085 0 8753
6086 0 8223
6086 0 8307
6086 0 8693
6086 0 9338
6087 0 8270
6087 0 8317
6088 0 8196
6088 0 8220
6088 0 8625
6088 0 8626
6089 0 8223
6089 0 8339
6090 0 8223
6090 0 8238
6091 0 8223
6091 0 8339
6091 0 9896
6092 0 8223
6092 0 8339
6092 0 8693
6092 0 9338
6093 0 8261
6093 0 8285
6093 0 8379
6093 0 9709
6094 0 8270
6094 0 8320
6095 0 8220
6095 0 8338
6096 0 8223
6096 0 8322
6096 0 9285
6097 0 8223
6097 0 8278
6097 0 9404
6097 0 9405
6098 0 8208
6098 0 8218
6098 0 9643
6098 0 10052
6099 0 8219
6099 0 8223
6099 0 9873
6099 0 10142
6100 0 8208
6100 0 8250
6100 0 9719
6101 0 8223
6101 0 8307
6101 0 10281
6102 0 8210
6102 0 8295
6102 0 8784
6102 0 10157
6103 0 8261
6103 0 8292
6103 0 8669
6103 0 9160
6104 0 8223
6104 0 8339
6104 0 8640
6105 0 8295
6105 0 8297
6105 0 9102
6106 0 8208
6106 0 8233
6106 0 8374
6107 0 8223
6107 0 8339
6107 0 9503
6108 0 8248
6108 0 8313
6109 0 8223
6109 0 8307
6109 0 8950
6109 0 8968
6110 0 8208
6110 0 8218
6110 0 8673
6110 0 8674
6111 0 8223
6111 0 8307
6112 0 8223
6112 0 8339
6112 0 9564
6112 0 9896
6113 0 8223
6113 0 8339
6113 0 9896
6114 0 8220
6114 0 8244
6114 0 9052
6115 0 8208
6115 0 8310
6115 0 10084
6116 0 8199
6116 0 8270
6117 0 8223
6117 0 8224
6118 0 8223
6118 0 8339
6118 0 9761
6118 0 10493
6119 0 8223
6119 0 8339
6119 0 9475
6119 0 9744
6120 0 8261
6120 0 8285
6120 0 9527
6120 0 9607
6121 0 8223
6121 0 8339
6121 0 8478
6122 0 8208
6122 0 8250
6122 0 8444
6122 0 8458
6123 0 8208
6123 0 8314
6124 0 8223
6124 0 8238
6124 0 9260
6124 0 10452
6125 0 8248
6125 0 8287
6125 0 9961
6126 0 8220
6126 0 8292
6126 0 8403
6126 0 8537
6127 0 8261
6127 0 8262
6128 0 8295
6128 0 8297
6128 0 9770
6129 0 8223
6129 0 8307
6129 0 8494
6129 0 9506
6130 0 8223
6130 0 8339
6130 0 8896
6131 0 8223
6131 0 8307
6131 0 8698
6131 0 10019
6132 0 8226
6132 0 8270
6132 0 8871
6132 0 8970
6133 0 8234
6133 0 8248
6134 0 8208
6134 0 8231
6134 0 8666
6134 0 10222
6135 0 8277
6135 0 8288
6136 0 8248
6136 0 8276
6137 0 8208
6137 0 8308
6138 0 8219
6138 0 8223
6139 0 8208
6139 0 8273
6139 0 9208
6140 0 8208
6140 0 8308
6140 0 8422
6140 0 8423
6141 0 8223
6141 0 8339
6142 0 8261
6142 0 8285
6142 0 9806
6143 0 8270
6143 0 8320
6144 0 8261
6144 0 8262
6145 0 8210
6145 0 8295
6146 0 8208
6146 0 8231
6147 0 8223
6147 0 8307
6147 0 8698
6147 0 10019
6148 0 8208
6148 0 8231
6148 0 8680
6148 0 9232
6149 0 8223
6149 0 8238
6150 0 8295
6150 0 8306
6150 0 9345
6151 0 8248
6151 0 8341
6151 0 9683
6151 0 10560
6152 0 8223
6152 0 8307
6152 0 9503
6153 0 8223
6153 0 8307
6153 0 10275
6154 0 8261
6154 0 8285
6154 0 9538
6155 0 8223
6155 0 8307
6155 0 9501
6155 0 9505
6156 0 8223
6156 0 8339
6156 0 9034
6157 0 8215
6157 0 8270
6158 0 8223
6158 0 8224
6159 0 8223
6159 0 8339
6159 0 9503
6160 0 8208
6160 0 8214
6160 0 8702
6161 0 8208
6161 0 8233
6161 0 9713
6162 0 8210
6162 0 8295
6163 0 8277
6163 0 8288
6163 0 8854
6163 0 9030
6164 0 8261
6164 0 8292
6164 0 10176
6165 0 8208
6165 0 8250
6165 0 8444
6166 0 8223
6166 0 8322
6166 0 9643
6167 0 8270
6167 0 8317
6167 0 8588
6167 0 9604
6168 0 8295
6168 0 8306
6168 0 9292
6169 0 8248
6169 0 8274
6169 0 9683
6169 0 10316
6170 0 8223
6170 0 8339
6170 0 8353
6171 0 8223
6171 0 8307
6171 0 9727
6171 0 10525
6172 0 8220
6172 0 8338
6172 0 9339
6173 0 8220
6173 0 8338
6174 0 8223
6174 0 8307
6174 0 9329
6174 0 10177
6175 0 8226
6175 0 8270
6175 0 9295
6176 0 8199
6176 0 8270
6177 0 8257
6177 0 8281
6177 0 9203
6177 0 10300
6178 0 8248
6178 0 8276
6179 0 8261
6179 0 8292
6179 0 8970
6179 0 10099
6180 0 8208
6180 0 8218
6180 0 9723
6180 0 9982
6181 0 8208
6181 0 8231
6182 0 8197
6182 0 8272
6183 0 8270
6183 0 8320
6183 0 9954
6184 0 8255
6184 0 8295
6185 0 8248
6185 0 8318
6185 0 9824
6185 0 10183
6186 0 8211
6186 0 8266
6186 0 8748
6187 0 8281
6187 0 8337
6188 0 8261
6188 0 8262
6188 0 10157
6189 0 8223
6189 0 8307
6189 0 9329
6189 0 10177
6190 0 8223
6190 0 8307
6191 0 8220
6191 0 8244
6191 0 8437
6191 0 8886
6192 0 8208
6192 0 8250
6193 0 8234
6193 0 8248
6194 0 8234
6194 0 8248
6195 0 8223
6195 0 8339
6195 0 9503
6196 0 8223
6196 0 8339
6196 0 10078
6197 0 8223
6197 0 8339
6197 0 8641
6198 0 8223
6198 0 8339
6199 0 8261
6199 0 8262
6199 0 9127
6200 0 8295
6200 0 8297
6200 0 9109
6201 0 8261
6201 0 8292
6201 0 8987
6202 0 8277
6202 0 8288
6202 0 9713
6202 0 10471
6203 0 8208
6203 0 8218
6204 0 8220
6204 0 8237
6204 0 8732
6205 0 8223
6205 0 8278
6205 0 8467
6206 0 8295
6206 0 8297
6206 0 8831
6206 0 10571
6207 0 8208
6207 0 8233
6207 0 9155
6207 0 9471
6208 0 8223
6208 0 8238
6208 0 9259
6208 0 9260
6209 0 8223
6209 0 8278
6209 0 9404
6209 0 10556
6210 0 8223
6210 0 8339
6210 0 10542
6211 0 8295
6211 0 8306
6212 0 8277
6212 0 8288
6212 0 9728
6213 0 8223
6213 0 8339
6213 0 9338
6213 0 9339
6214 0 8288
6214 0 8292
6214 0 10218
6215 0 8295
6215 0 8319
6215 0 8702
6216 0 8299
6216 0 8300
6216 0 9949
6217 0 8223
6217 0 8307
6217 0 8617
6217 0 8964
6218 0 8223
6218 0 8307
6219 0 8288
6219 0 8316
6219 0 10127
6219 0 10133
6220 0 8223
6220 0 8238
6220 0 8346
6221 0 8223
6221 0 8278
6222 0 8223
6222 0 8339
6222 0 8640
6223 0 8219
6223 0 8223
6223 0 8497
6223 0 8617
6224 0 8208
6224 0 8231
6225 0 8220
6225 0 8338
6226 0 8261
6226 0 8285
6227 0 8277
6227 0 8288
6227 0 9713
6227 0 10471
6228 0 8261
6228 0 8292
6228 0 8497
6229 0 8261
6229 0 8292
6230 0 8208
6230 0 8218
6230 0 8950
6230 0 8954
6231 0 8223
6231 0 8339
6231 0 8478
6231 0 8477
6232 0 8220
6232 0 8338
6232 0 10542
6233 0 8223
6233 0 8278
6233 0 9744
6234 0 8270
6234 0 8317
6234 0 10173
6235 0 8248
6235 0 8292
6235 0 9169
6235 0 9669
6236 0 8223
6236 0 8224
6237 0 8270
6237 0 8320
6237 0 9151
6237 0 9152
6238 0 8223
6238 0 8339
6238 0 9096
6238 0 9099
6239 0 8220
6239 0 8244
6239 0 8403
6239 0 9012
6240 0 8208
6240 0 8308
6241 0 8295
6241 0 8296
6241 0 9194
6241 0 9937
6242 0 8206
6242 0 8299
6242 0 8403
6243 0 8196
6243 0 8220
6244 0 8215
6244 0 8270
6245 0 8223
6245 0 8238
6245 0 10409
6246 0 8223
6246 0 8339
6246 0 8478
6246 0 10020
6247 0 8208
6247 0 8250
6248 0 8292
6248 0 8330
6249 0 8223
6249 0 8307
6250 0 8208
6250 0 8290
6251 0 8299
6251 0 8301
6251 0 8403
6252 0 8277
6252 0 8288
6252 0 8845
6252 0 8970
6253 0 8223
6253 0 8339
6254 0 8223
6254 0 8238
6254 0 9255
6255 0 8223
6255 0 8307
6256 0 8208
6256 0 8218
6257 0 8223
6257 0 8339
6257 0 9839
6257 0 9896
6258 0 8268
6258 0 8332
6259 0 8277
6259 0 8288
6259 0 9154
6259 0 9713
6260 0 8261
6260 0 8292
6261 0 8223
6261 0 8238
6261 0 9209
6261 0 9210
6262 0 8223
6262 0 8339
6262 0 8693
6263 0 8295
6263 0 8297
6263 0 8632
6264 0 8328
6264 0 8329
6265 0 8208
6265 0 8233
6265 0 8621
6266 0 8208
6266 0 8308
6266 0 10025
6267 0 8223
6267 0 8339
6267 0 8566
6268 0 8292
6268 0 8295
6269 0 8235
6269 0 8268
6269 0 9070
6270 0 8248
6270 0 8276
6270 0 8816
6270 0 10299
6271 0 8266
6271 0 8292
6272 0 8223
6272 0 8339
6273 0 8220
6273 0 8244
6273 0 9327
6274 0 8223
6274 0 8307
6274 0 10052
6275 0 8277
6275 0 8288
6275 0 10197
6276 0 8220
6276 0 8338
6276 0 10542
6277 0 8210
6277 0 8295
6278 0 8223
6278 0 8238
6278 0 9258
6278 0 10453
6279 0 8223
6279 0 8307
6280 0 8223
6280 0 8238
6281 0 8261
6281 0 8262
6282 0 8226
6282 0 8270
6282 0 10381
6283 0 8295
6283 0 8297
6283 0 9346
6284 0 8208
6284 0 8250
6284 0 10323
6284 0 10339
6285 0 8223
6285 0 8339
6286 0 8208
6286 0 8218
6286 0 8457
6286 0 8784
6287 0 8266
6287 0 8324
6287 0 10477
6288 0 8223
6288 0 8339
6289 0 8208
6289 0 8214
6290 0 8223
6290 0 8323
6290 0 10178
6291 0 8261
6291 0 8289
6291 0 9607
6292 0 8223
6292 0 8307
6292 0 8611
6292 0 9277
6293 0 8261
6293 0 8292
6293 0 8873
6293 0 9003
6294 0 8208
6294 0 8250
6294 0 10542
6295 0 8208
6295 0 8233
6296 0 8223
6296 0 8307
6296 0 8612
6296 0 8846
6297 0 8275
6297 0 8295
6298 0 8223
6298 0 8339
6298 0 9896
6299 0 8207
6299 0 8270
6299 0 8650
6300 0 8240
6300 0 8248
6301 0 8270
6301 0 8320
6302 0 8261
6302 0 8292
6303 0 8223
6303 0 8339
6303 0 8709
6303 0 9503
6304 0 8223
6304 0 8307
6305 0 8295
6305 0 8319
6305 0 10185
6306 0 8226
6306 0 8270
6307 0 8220
6307 0 8222
6308 0 8207
6308 0 8270
6308 0 8650
6308 0 8652
6309 0 8220
6309 0 8244
6309 0 9323
6309 0 10402
6310 0 8208
6310 0 8233
6310 0 10380
6311 0 8226
6311 0 8270
6312 0 8261
6312 0 8292
6312 0 8381
6312 0 8773
6313 0 8220
6313 0 8222
6313 0 8392
6313 0 8560
6314 0 8230
6314 0 8266
6314 0 9316
6315 0 8270
6315 0 8320
6315 0 9444
6316 0 8223
6316 0 8238
6316 0 8909
6316 0 9260
6317 0 8208
6317 0 8218
6317 0 8950
6317 0 8964
6318 0 8261
6318 0 8285
6319 0 8261
6319 0 8262
6319 0 8691
6319 0 8766
6320 0 8223
6320 0 8339
6320 0 8693
6321 0 8223
6321 0 8339
6322 0 8261
6322 0 8262
6322 0 8586
6322 0 9761
6323 0 8261
6323 0 8292
6323 0 8423
6324 0 8281
6324 0 8337
6324 0 8740
6324 0 9176
6325 0 8295
6325 0 8306
6326 0 8261
6326 0 8289
6327 0 8270
6327 0 8320
6327 0 10114
6327 0 10234
6328 0 8223
6328 0 8278
6328 0 9205
6329 0 8220
6329 0 8338
6330 0 8208
6330 0 8269
6330 0 9551
6331 0 8299
6331 0 8300
6331 0 9938
6332 0 8223
6332 0 8307
6332 0 9982
6332 0 10052
6333 0 8223
6333 0 8339
6333 0 10078
6333 0 10094
6334 0 8223
6334 0 8339
6334 0 9494
6334 0 9498
6335 0 8226
6335 0 8270
6335 0 8563
6336 0 8223
6336 0 8307
6336 0 9159
6336 0 10529
6337 0 8223
6337 0 8339
6338 0 8261
6338 0 8285
6338 0 9107
6338 0 10041
6339 0 8295
6339 0 8297
6340 0 8234
6340 0 8248
6341 0 8226
6341 0 8270
6342 0 8261
6342 0 8289
6342 0 9607
6342 0 9623
6343 0 8223
6343 0 8339
6344 0 8330
6344 0 8331
6345 0 8208
6345 0 8231
6346 0 8208
6346 0 8218
6346 0 8964
6346 0 10096
6347 0 8223
6347 0 8278
6348 0 8208
6348 0 8308
6348 0 8422
6348 0 8423
6349 0 8196
6349 0 8220
6349 0 8731
6350 0 8208
6350 0 8231
6350 0 9503
6351 0 8208
6351 0 8273
6351 0 8639
6351 0 9424
6352 0 8226
6352 0 8270
6353 0 8220
6353 0 8244
6353 0 9074
6353 0 9582
6354 0 8208
6354 0 8250
6355 0 8223
6355 0 8339
6355 0 9338
6355 0 9339
6356 0 8261
6356 0 8292
6356 0 8617
6356 0 8950
6357 0 8219
6357 0 8223
6357 0 8970
6357 0 9784
6358 0 8223
6358 0 8339
6358 0 8457
6359 0 8223
6359 0 8339
6360 0 8223
6360 0 8278
6360 0 8467
6360 0 9404
6361 0 8261
6361 0 8289
6361 0 10191
6362 0 8295
6362 0 8297
6362 0 9291
6362 0 9292
6363 0 8208
6363 0 8250
6364 0 8281
6364 0 8305
6364 0 9267
6365 0 8248
6365 0 8318
6366 0 8295
6366 0 8319
6367 0 8223
6367 0 8307
6367 0 9501
6367 0 9505
6368 0 8223
6368 0 8224
6369 0 8281
6369 0 8282
6369 0 8752
6369 0 8753
6370 0 8261
6370 0 8262
6370 0 10325
6371 0 8208
6371 0 8273
6371 0 9013
6371 0 9015
6372 0 8261
6372 0 8292
6372 0 9797
6372 0 9834
6373 0 8219
6373 0 8223
6373 0 9896
6374 0 8223
6374 0 8278
6374 0 8467
6374 0 10556
6375 0 8223
6375 0 8339
6375 0 8640
6376 0 8220
6376 0 8244
6376 0 8399
6376 0 8994
6377 0 8277
6377 0 8288
6377 0 9713
6378 0 8208
6378 0 8250
6379 0 8267
6379 0 8295
6379 0 9576
6380 0 8248
6380 0 8341
6381 0 8288
6381 0 8315
6381 0 10157
6381 0 10424
6382 0 8295
6382 0 8296
6382 0 9194
6382 0 9937
6383 0 8270
6383 0 8292
6383 0 9998
6384 0 8220
6384 0 8338
6384 0 8693
6384 0 9338
6385 0 8220
6385 0 8338
6386 0 8240
6386 0 8248
6386 0 10057
6387 0 8210
6387 0 8295
6388 0 8270
6388 0 8320
6388 0 9167
6389 0 8261
6389 0 8285
6389 0 8467
6389 0 10052
6390 0 8261
6390 0 8285
6391 0 8295
6391 0 8297
6392 0 8223
6392 0 8339
6392 0 9489
6393 0 8261
6393 0 8292
6394 0 8210
6394 0 8295
6395 0 8208
6395 0 8252
6395 0 10405
6396 0 8295
6396 0 8296
6397 0 8295
6397 0 8297
6397 0 8790
6398 0 8295
6398 0 8296
6398 0 9471
6398 0 9473
6399 0 8223
6399 0 8224
6399 0 8620
6399 0 10052
6400 0 8223
6400 0 8339
6401 0 8223
6401 0 8278
6401 0 8467
6402 0 8208
6402 0 8326
6403 0 8223
6403 0 8278
6403 0 9744
6403 0 10556
6404 0 8223
6404 0 8307
6404 0 8427
6404 0 9489
6405 0 8223
6405 0 8339
6405 0 8346
6405 0 9140
6406 0 8208
6406 0 8250
6407 0 8288
6407 0 8316
6407 0 10127
6408 0 8261
6408 0 8262
6408 0 8690
6408 0 8691
6409 0 8256
6409 0 8328
6409 0 10450
6410 0 8247
6410 0 8261
6410 0 8533
6411 0 8295
6411 0 8297
6411 0 8856
6412 0 8223
6412 0 8238
6412 0 10452
6413 0 8234
6413 0 8248
6414 0 8220
6414 0 8338
6415 0 8223
6415 0 8238
6415 0 8346
6415 0 9260
6416 0 8223
6416 0 8307
6417 0 8240
6417 0 8248
6417 0 8383
6418 0 8295
6418 0 8297
6419 0 8223
6419 0 8339
6419 0 9339
6419 0 9503
6420 0 8223
6420 0 8278
6420 0 8478
6420 0 9744
6421 0 8220
6421 0 8244
6421 0 9562
6422 0 8248
6422 0 8276
6423 0 8223
6423 0 8339
6424 0 8223
6424 0 8278
6425 0 8223
6425 0 8339
6425 0 10287
6426 0 8223
6426 0 8307
6426 0 10162
6426 0 10163
6427 0 8223
6427 0 8339
6427 0 10542
6428 0 8246
6428 0 8295
6428 0 9346
6428 0 9594
6429 0 8223
6429 0 8339
6429 0 8698
6430 0 8223
6430 0 8307
6430 0 10163
6431 0 8223
6431 0 8307
6431 0 10163
6432 0 8220
6432 0 8244
6432 0 8994
6432 0 9213
6433 0 8255
6433 0 8295
6433 0 8544
6434 0 8277
6434 0 8288
6434 0 8678
6434 0 9721
6435 0 8208
6435 0 8231
6436 0 8223
6436 0 8339
6437 0 8223
6437 0 8339
6438 0 8270
6438 0 8320
6439 0 8270
6439 0 8320
6439 0 9167
6440 0 8210
6440 0 8295
6440 0 9053
6441 0 8223
6441 0 8278
6441 0 9744
6442 0 8277
6442 0 8288
6442 0 9713
6443 0 8270
6443 0 8317
6443 0 10173
6444 0 8208
6444 0 8218
6444 0 8617
6444 0 8950
6445 0 8208
6445 0 8231
6446 0 8261
6446 0 8285
6447 0 8299
6447 0 8300
6447 0 8418
6448 0 8223
6448 0 8339
6449 0 8292
6449 0 8299
6450 0 8275
6450 0 8295
6451 0 8223
6451 0 8278
6452 0 8223
6452 0 8339
6452 0 9570
6453 0 8220
6453 0 8338
6453 0 8628
6454 0 8295
6454 0 8311
6454 0 9873
6454 0 9876
6455 0 8208
6455 0 8308
6455 0 10025
6456 0 8261
6456 0 8262
6456 0 9419
6457 0 8208
6457 0 8308
6457 0 8711
6457 0 8723
6458 0 8223
6458 0 8339
6458 0 9744
6459 0 8223
6459 0 8278
6460 0 8199
6460 0 8270
6460 0 8444
6461 0 8295
6461 0 8297
6462 0 8295
6462 0 8297
6463 0 8223
6463 0 8307
6463 0 9896
6464 0 8247
6464 0 8261
6464 0 8533
6465 0 8208
6465 0 8233
6465 0 9937
6466 0 8295
6466 0 8297
6467 0 8223
6467 0 8322
6467 0 8595
6467 0 8818
6468 0 8223
6468 0 8307
6468 0 9497
6468 0 9498
6469 0 8256
6469 0 8328
6469 0 10405
6470 0 8223
6470 0 8339
6470 0 9486
6471 0 8223
6471 0 8339
6471 0 8693
6471 0 9338
6472 0 8223
6472 0 8307
6472 0 9486
6473 0 8295
6473 0 8306
6474 0 8223
6474 0 8307
6474 0 8698
6474 0 10473
6475 0 8199
6475 0 8270
6476 0 8245
6476 0 8270
6477 0 8208
6477 0 8250
6477 0 8436
6478 0 8261
6478 0 8285
6478 0 8690
6478 0 8766
6479 0 8197
6479 0 8272
6480 0 8196
6480 0 8220
6480 0 8390
6480 0 8403
6481 0 8247
6481 0 8261
6481 0 8533
6482 0 8223
6482 0 8307
6482 0 8846
6483 0 8208
6483 0 8231
6484 0 8208
6484 0 8233
6485 0 8223
6485 0 8307
6485 0 9670
6486 0 8220
6486 0 8338
6487 0 8255
6487 0 8295
6488 0 8223
6488 0 8339
6488 0 8693
6488 0 9338
6489 0 8247
6489 0 8261
6489 0 8533
6489 0 8534
6490 0 8223
6490 0 8238
6490 0 8950
6491 0 8208
6491 0 8214
6492 0 8261
6492 0 8262
6492 0 8792
6492 0 9404
6493 0 8220
6493 0 8338
6493 0 8395
6494 0 8226
6494 0 8270
6495 0 8277
6495 0 8288
6495 0 9719
6495 0 9993
6496 0 8261
6496 0 8292
6496 0 9656
6497 0 8208
6497 0 8231
6497 0 10396
6498 0 8234
6498 0 8248
6499 0 8210
6499 0 8295
6499 0 8544
6500 0 8261
6500 0 8262
6500 0 9607
6500 0 9867
6501 0 8223
6501 0 8307
6501 0 10052
6501 0 10123
6502 0 8223
6502 0 8224
6502 0 9466
6503 0 8223
6503 0 8307
6503 0 9139
6504 0 8270
6504 0 8317
6504 0 9295
6505 0 8208
6505 0 8231
6505 0 9338
6505 0 9340
6506 0 8240
6506 0 8248
6506 0 9351
6506 0 9354
6507 0 8199
6507 0 8270
6508 0 8255
6508 0 8295
6508 0 9939
6509 0 8208
6509 0 8214
6509 0 8558
6509 0 9719
6510 0 8261
6510 0 8292
6510 0 10489
6511 0 8277
6511 0 8288
6511 0 9713
6511 0 9715
6512 0 8261
6512 0 8292
6512 0 8457
6513 0 8208
6513 0 8273
6513 0 8557
6513 0 10015
6514 0 8208
6514 0 8250
6515 0 8261
6515 0 8289
6515 0 9607
6515 0 9611
6516 0 8328
6516 0 8329
6516 0 10405
6517 0 8248
6517 0 8287
6518 0 8208
6518 0 8231
6518 0 10542
6519 0 8234
6519 0 8248
6519 0 9951
6520 0 8223
6520 0 8339
6520 0 9284
6521 0 8208
6521 0 8218
6521 0 8464
6521 0 10234
6522 0 8261
6522 0 8292
6523 0 8261
6523 0 8262
6523 0 9704
6523 0 9708
6524 0 8261
6524 0 8262
6524 0 9704
6524 0 9708
6525 0 8261
6525 0 8262
6526 0 8247
6526 0 8261
6527 0 8295
6527 0 8297
6527 0 9678
6528 0 8270
6528 0 8335
6528 0 10561
6529 0 8223
6529 0 8307
6530 0 8223
6530 0 8323
6530 0 10178
6530 0 10179
6531 0 8223
6531 0 8307
6532 0 8223
6532 0 8307
6533 0 8208
6533 0 8233
6534 0 8223
6534 0 8339
6534 0 9338
6534 0 9667
6535 0 8226
6535 0 8270
6536 0 8223
6536 0 8339
6536 0 9503
6537 0 8270
6537 0 8320
6537 0 9167
6537 0 9692
6538 0 8270
6538 0 8335
6539 0 8261
6539 0 8289
6539 0 9607
6539 0 9608
6540 0 8208
6540 0 8250
6541 0 8204
6541 0 8268
6542 0 8223
6542 0 8307
6543 0 8248
6543 0 8313
6543 0 9844
6543 0 10152
6544 0 8197
6544 0 8272
6545 0 8208
6545 0 8233
6545 0 10378
6545 0 10379
6546 0 8208
6546 0 8231
6547 0 8220
6547 0 8244
6547 0 10323
6548 0 8223
6548 0 8307
6548 0 9186
6549 0 8223
6549 0 8339
6550 0 8223
6550 0 8339
6551 0 8277
6551 0 8288
6551 0 10197
6552 0 8223
6552 0 8339
6553 0 8216
6553 0 8295
6554 0 8257
6554 0 8281
6554 0 8630
6555 0 8208
6555 0 8231
6556 0 8208
6556 0 8308
6556 0 9704
6556 0 9713
6557 0 8280
6557 0 8295
6558 0 8223
6558 0 8339
6559 0 8208
6559 0 8250
6560 0 8208
6560 0 8231
6560 0 10242
6560 0 10244
6561 0 8208
6561 0 8250
6562 0 8208
6562 0 8273
6563 0 8223
6563 0 8224
6564 0 8220
6564 0 8338
6564 0 10542
6565 0 8208
6565 0 8250
6566 0 8261
6566 0 8292
6566 0 8621
6566 0 8627
6567 0 8223
6567 0 8339
6567 0 9503
6568 0 8208
6568 0 8218
6568 0 8878
6568 0 8986
6569 0 8257
6569 0 8281
6569 0 9335
6569 0 9336
6570 0 8200
6570 0 8270
6570 0 9294
6570 0 9296
6571 0 8223
6571 0 8307
6571 0 10123
6571 0 10124
6572 0 8229
6572 0 8328
6573 0 8261
6573 0 8289
6573 0 10524
6574 0 8208
6574 0 8233
6574 0 8705
6574 0 8706
6575 0 8215
6575 0 8270
6576 0 8223
6576 0 8307
6577 0 8220
6577 0 8244
6578 0 8208
6578 0 8250
6579 0 8223
6579 0 8339
6579 0 8477
6579 0 8566
6580 0 8223
6580 0 8339
6580 0 9896
6581 0 8223
6581 0 8307
6581 0 9501
6581 0 10319
6582 0 8220
6582 0 8244
6582 0 8708
6583 0 8208
6583 0 8308
6583 0 10023
6583 0 10024
6584 0 8261
6584 0 8292
6584 0 8454
6585 0 8223
6585 0 8339
6585 0 8693
6585 0 9338
6586 0 8223
6586 0 8339
6587 0 8210
6587 0 8295
6587 0 9468
6587 0 9519
6588 0 8240
6588 0 8248
6589 0 8281
6589 0 8283
6590 0 8261
6590 0 8262
6591 0 8223
6591 0 8307
6591 0 8595
6591 0 9607
6592 0 8223
6592 0 8339
6593 0 8198
6593 0 8270
6593 0 8895
6594 0 8220
6594 0 8244
6594 0 8389
6594 0 9627
6595 0 8223
6595 0 8238
6596 0 8208
6596 0 8231
6596 0 8444
6597 0 8256
6597 0 8328
6598 0 8208
6598 0 8231
6599 0 8208
6599 0 8308
6600 0 8223
6600 0 8322
6601 0 8208
6601 0 8231
6601 0 9147
6602 0 8247
6602 0 8261
6602 0 10017
6603 0 8223
6603 0 8323
6604 0 8223
6604 0 8339
6604 0 8693
6604 0 9338
6605 0 8208
6605 0 8250
6605 0 10202
6606 0 8247
6606 0 8261
6606 0 10206
6607 0 8199
6607 0 8270
6607 0 8725
6608 0 8208
6608 0 8326
6608 0 9575
6609 0 8208
6609 0 8326
6609 0 8416
6609 0 8444
6610 0 8242
6610 0 8288
6610 0 9713
6610 0 10272
6611 0 8223
6611 0 8339
6611 0 10305
6612 0 8261
6612 0 8285
6612 0 10431
6612 0 10434
6613 0 8295
6613 0 8311
6614 0 8220
6614 0 8338
6614 0 10542
6615 0 8270
6615 0 8320
6616 0 8223
6616 0 8339
6616 0 10355
6617 0 8270
6617 0 8320
6617 0 8666
6617 0 9167
6618 0 8223
6618 0 8339
6618 0 10542
6619 0 8208
6619 0 8308
6619 0 10024
6620 0 8223
6620 0 8339
6621 0 8227
6621 0 8299
6621 0 8403
6622 0 8261
6622 0 8292
6622 0 10018
6622 0 10242
6623 0 8281
6623 0 8282
6624 0 8208
6624 0 8250
6624 0 8450
6625 0 8230
6625 0 8266
6626 0 8208
6626 0 8231
6627 0 8295
6627 0 8311
6627 0 9113
6627 0 9174
6628 0 8328
6628 0 8329
6628 0 9115
6629 0 8223
6629 0 8307
6629 0 9329
6629 0 10177
6630 0 8295
6630 0 8306
6630 0 10004
6631 0 8208
6631 0 8250
6631 0 8444
6631 0 8458
6632 0 8288
6632 0 8291
6632 0 9875
6632 0 10142
6633 0 8223
6633 0 8307
6633 0 9339
6634 0 8223
6634 0 8339
6634 0 8693
6635 0 8223
6635 0 8278
6635 0 9404
6635 0 9409
6636 0 8220
6636 0 8338
6636 0 10542
6637 0 8270
6637 0 8320
6637 0 10561
6638 0 8240
6638 0 8248
6638 0 9006
6638 0 10354
6639 0 8288
6639 0 8316
6639 0 10127
6640 0 8208
6640 0 8231
6640 0 10405
6641 0 8270
6641 0 8317
6641 0 9305
6642 0 8261
6642 0 8292
6642 0 8837
6642 0 9799
6643 0 8208
6643 0 8231
6644 0 8220
6644 0 8338
6644 0 9339
6645 0 8270
6645 0 8317
6645 0 10173
6646 0 8248
6646 0 8274
6646 0 8662
6646 0 9683
6647 0 8196
6647 0 8220
6648 0 8196
6648 0 8220
6649 0 8208
6649 0 8250
6649 0 9916
6650 0 8223
6650 0 8278
6650 0 9475
6650 0 9744
6651 0 8197
6651 0 8253
6651 0 8613
6651 0 8797
6652 0 8223
6652 0 8278
6652 0 9074
6653 0 8220
6653 0 8338
6653 0 10542
6654 0 8270
6654 0 8320
6654 0 9444
6655 0 8275
6655 0 8295
6656 0 8223
6656 0 8278
6656 0 8467
6656 0 8471
6657 0 8208
6657 0 8218
6657 0 8678
6657 0 8950
6658 0 8261
6658 0 8292
6658 0 8660
6658 0 8950
6659 0 8277
6659 0 8288
6659 0 9713
6659 0 10272
6660 0 8295
6660 0 8297
6661 0 8223
6661 0 8307
6662 0 8208
6662 0 8308
6662 0 8822
6662 0 10022
6663 0 8196
6663 0 8220
6663 0 9074
6664 0 8220
6664 0 8338
6664 0 8692
6665 0 8220
6665 0 8237
6666 0 8199
6666 0 8270
6667 0 8223
6667 0 8307
6667 0 10052
6668 0 8277
6668 0 8288
6668 0 9713
6669 0 8223
6669 0 8224
6669 0 10337
6670 0 8270
6670 0 8320
6671 0 8208
6671 0 8218
6671 0 8464
6671 0 10234
6672 0 8277
6672 0 8288
6672 0 8678
6672 0 9713
6673 0 8223
6673 0 8238
6673 0 10409
6674 0 8223
6674 0 8228
6674 0 9060
6675 0 8248
6675 0 8274
6675 0 8662
6675 0 9683
6676 0 8208
6676 0 8250
6676 0 8444
6676 0 8458
6677 0 8208
6677 0 8233
6677 0 8546
6677 0 9767
6678 0 8196
6678 0 8220
6678 0 9074
6678 0 9582
6679 0 8223
6679 0 8339
6680 0 8270
6680 0 8320
6680 0 10234
6680 0 10235
6681 0 8208
6681 0 8250
6682 0 8226
6682 0 8270
6683 0 8208
6683 0 8231
6683 0 9128
6684 0 8220
6684 0 8244
6684 0 8403
6685 0 8230
6685 0 8266
6685 0 8596
6685 0 9117
6686 0 8261
6686 0 8292
6686 0 9038
6687 0 8299
6687 0 8336
6687 0 10405
6688 0 8226
6688 0 8270
6688 0 9014
6688 0 9096
6689 0 8210
6689 0 8295
6689 0 8681
6690 0 8208
6690 0 8218
6690 0 10142
6691 0 8295
6691 0 8306
6691 0 9291
6691 0 9292
6692 0 8261
6692 0 8292
6692 0 8351
6692 0 10127
6693 0 8270
6693 0 8320
6693 0 10561
6694 0 8295
6694 0 8311
6694 0 8614
6694 0 8615
6695 0 8295
6695 0 8296
6695 0 8980
6696 0 8270
6696 0 8335
6696 0 10155
6697 0 8266
6697 0 8292
6698 0 8261
6698 0 8292
6698 0 8448
6698 0 8456
6699 0 8208
6699 0 8269
6700 0 8223
6700 0 8307
6700 0 9505
6700 0 10179
6701 0 8247
6701 0 8261
6701 0 10017
6701 0 10136
6702 0 8226
6702 0 8270
6703 0 8261
6703 0 8285
6703 0 8379
6703 0 9709
6704 0 8255
6704 0 8295
6705 0 8223
6705 0 8339
6705 0 8478
6706 0 8208
6706 0 8231
6706 0 8562
6707 0 8223
6707 0 8307
6707 0 9501
6707 0 9509
6708 0 8226
6708 0 8270
6709 0 8197
6709 0 8272
6709 0 9080
6709 0 9081
6710 0 8295
6710 0 8319
6711 0 8280
6711 0 8295
6712 0 8223
6712 0 8339
6712 0 9034
6712 0 10052
6713 0 8277
6713 0 8288
6713 0 8970
6713 0 8975
6714 0 8223
6714 0 8238
6714 0 10409
6715 0 8223
6715 0 8339
6716 0 8295
6716 0 8297
6716 0 9345
6717 0 8277
6717 0 8288
6718 0 8197
6718 0 8253
6718 0 9173
6719 0 8299
6719 0 8336
6719 0 10405
6720 0 8223
6720 0 8307
6720 0 8698
6721 0 8270
6721 0 8320
6721 0 9167
6721 0 10405
6722 0 8247
6722 0 8261
6722 0 9020
6722 0 10481
6723 0 8270
6723 0 8317
6723 0 10173
6723 0 10561
6724 0 8270
6724 0 8317
6724 0 10173
6725 0 8261
6725 0 8262
6725 0 8449
6725 0 8457
6726 0 8208
6726 0 8231
6726 0 10283
6727 0 8234
6727 0 8248
6727 0 8587
6727 0 9632
6728 0 8223
6728 0 8339
6728 0 9761
6729 0 8257
6729 0 8281
6729 0 9953
6730 0 8208
6730 0 8218
6730 0 8488
6730 0 8505
6731 0 8248
6731 0 8313
6731 0 9114
6731 0 9355
6732 0 8223
6732 0 8339
6733 0 8208
6733 0 8233
6733 0 8374
6734 0 8243
6734 0 8330
6734 0 9314
6735 0 8277
6735 0 8288
6735 0 9719
6736 0 8261
6736 0 8262
6736 0 10058
6737 0 8270
6737 0 8317
6738 0 8270
6738 0 8335
6739 0 8223
6739 0 8307
6739 0 8698
6740 0 8223
6740 0 8224
6740 0 10315
6741 0 8208
6741 0 8218
6741 0 8617
6741 0 8787
6742 0 8223
6742 0 8307
6742 0 8697
6742 0 10019
6743 0 8199
6743 0 8270
6744 0 8223
6744 0 8322
6744 0 8497
6744 0 9654
6745 0 8280
6745 0 8295
6746 0 8223
6746 0 8339
6747 0 8270
6747 0 8304
6748 0 8223
6748 0 8339
6748 0 8478
6749 0 8223
6749 0 8278
6749 0 8467
6749 0 8472
6750 0 8208
6750 0 8231
6750 0 10542
6751 0 8261
6751 0 8285
6751 0 9324
6752 0 8288
6752 0 8316
6752 0 10130
6753 0 8281
6753 0 8305
6754 0 8226
6754 0 8270
6754 0 9648
6754 0 10542
6755 0 8226
6755 0 8270
6756 0 8208
6756 0 8250
6756 0 8444
6757 0 8208
6757 0 8214
6758 0 8281
6758 0 8282
6758 0 9953
6759 0 8223
6759 0 8307
6759 0 9501
6759 0 9505
6760 0 8223
6760 0 8339
6761 0 8295
6761 0 8319
6762 0 8270
6762 0 8335
6762 0 9167
6763 0 8261
6763 0 8285
6763 0 8766
6763 0 8767
6764 0 8295
6764 0 8327
6764 0 9683
6764 0 10100
6765 0 8223
6765 0 8339
6765 0 9863
6766 0 8261
6766 0 8285
6766 0 9527
6766 0 10517
6767 0 8223
6767 0 8278
6767 0 8885
6768 0 8270
6768 0 8320
6768 0 9954
6769 0 8270
6769 0 8317
6769 0 8416
6769 0 9916
6770 0 8223
6770 0 8228
6771 0 8208
6771 0 8292
6771 0 10338
6772 0 8220
6772 0 8338
6772 0 10485
6773 0 8261
6773 0 8292
6773 0 8540
6774 0 8223
6774 0 8278
6774 0 9690
6775 0 8199
6775 0 8270
6775 0 10542
6776 0 8223
6776 0 8238
6777 0 8223
6777 0 8339
6778 0 8277
6778 0 8288
6778 0 9713
6779 0 8257
6779 0 8281
6780 0 8257
6780 0 8281
6781 0 8261
6781 0 8262
6781 0 8584
6782 0 8223
6782 0 8339
6783 0 8261
6783 0 8292
6783 0 10268
6784 0 8208
6784 0 8231
6785 0 8255
6785 0 8295
6786 0 8235
6786 0 8268
6786 0 8913
6786 0 9960
6787 0 8197
6787 0 8272
6788 0 8223
6788 0 8339
6788 0 9008
6789 0 8261
6789 0 8292
6789 0 9875
6789 0 10142
6790 0 8223
6790 0 8339
6790 0 9486
6791 0 8220
6791 0 8338
6791 0 10510
6792 0 8261
6792 0 8262
6792 0 9620
6792 0 10142
6793 0 8208
6793 0 8214
6793 0 9992
6794 0 8208
6794 0 8233
6795 0 8208
6795 0 8233
6796 0 8261
6796 0 8289
6796 0 9038
6797 0 8277
6797 0 8288
6798 0 8208
6798 0 8233
6798 0 8926
6798 0 8927
6799 0 8199
6799 0 8270
6799 0 10561
6800 0 8219
6800 0 8223
6800 0 8970
6801 0 8208
6801 0 8218
6801 0 8505
6801 0 8617
6802 0 8266
6802 0 8324
6803 0 8229
6803 0 8328
6803 0 10561
6804 0 8226
6804 0 8270
6804 0 9565
6805 0 8277
6805 0 8288
6805 0 9728
6806 0 8292
6806 0 8330
6807 0 8223
6807 0 8278
6807 0 9744
6808 0 8220
6808 0 8338
6808 0 8693
6808 0 9338
6809 0 8220
6809 0 8338
6809 0 10542
6810 0 8294
6810 0 8295
6810 0 9934
6811 0 8295
6811 0 8306
6811 0 9294
6811 0 9307
6812 0 8223
6812 0 8339
6813 0 8223
6813 0 8339
6813 0 9489
6814 0 8261
6814 0 8292
6814 0 9653
6814 0 10250
6815 0 8197
6815 0 8321
6815 0 8722
6815 0 9451
6816 0 8223
6816 0 8339
6816 0 9288
6816 0 10078
6817 0 8223
6817 0 8238
6817 0 10452
6818 0 8208
6818 0 8214
6819 0 8223
6819 0 8339
6819 0 9338
6819 0 9340
6820 0 8261
6820 0 8262
6820 0 9864
6821 0 8215
6821 0 8270
6822 0 8223
6822 0 8339
6822 0 9784
6822 0 9896
6823 0 8230
6823 0 8266
6823 0 9316
6824 0 8261
6824 0 8285
6824 0 8767
6824 0 10465
6825 0 8223
6825 0 8339
6825 0 8478
6826 0 8248
6826 0 8313
6827 0 8295
6827 0 8297
6827 0 10205
6828 0 8208
6828 0 8231
6828 0 10283
6829 0 8226
6829 0 8270
6829 0 9246
6830 0 8220
6830 0 8338
6830 0 8693
6830 0 9338
6831 0 8220
6831 0 8244
6832 0 8261
6832 0 8292
6832 0 8423
6832 0 9440
6833 0 8220
6833 0 8244
6833 0 9719
6834 0 8299
6834 0 8336
6834 0 9190
6834 0 9191
6835 0 8261
6835 0 8285
6835 0 8833
6835 0 9727
6836 0 8223
6836 0 8339
6836 0 8693
6836 0 9338
6837 0 8261
6837 0 8262
6837 0 8768
6837 0 10307
6838 0 8230
6838 0 8266
6838 0 9217
6839 0 8208
6839 0 8218
6839 0 8868
6840 0 8208
6840 0 8233
6841 0 8223
6841 0 8339
6842 0 8223
6842 0 8307
6843 0 8223
6843 0 8339
6843 0 9338
6843 0 9340
6844 0 8223
6844 0 8339
6844 0 10123
6844 0 10124
6845 0 8208
6845 0 8250
6845 0 8628
6846 0 8223
6846 0 8339
6846 0 9486
6846 0 9488
6847 0 8223
6847 0 8307
6847 0 9486
6847 0 9488
6848 0 8220
6848 0 8221
6848 0 8645
6848 0 8693
6849 0 8208
6849 0 8250
6850 0 8261
6850 0 8292
6850 0 8515
6850 0 10123
6851 0 8223
6851 0 8339
6851 0 9896
6852 0 8277
6852 0 8288
6852 0 9713
6852 0 9956
6853 0 8223
6853 0 8224
6853 0 10404
6853 0 10565
6854 0 8197
6854 0 8272
6854 0 10074
6855 0 8299
6855 0 8302
6855 0 8403
6856 0 8219
6856 0 8223
6856 0 9784
6856 0 10142
6857 0 8223
6857 0 8339
6858 0 8208
6858 0 8273
6858 0 8639
6859 0 8223
6859 0 8307
6859 0 10052
6860 0 8261
6860 0 8289
6860 0 10528
6861 0 8208
6861 0 8231
6861 0 8666
6861 0 8676
6862 0 8223
6862 0 8307
6862 0 9034
6862 0 10052
6863 0 8280
6863 0 8295
6863 0 9810
6864 0 8295
6864 0 8306
6864 0 8649
6864 0 9237
6865 0 8208
6865 0 8233
6865 0 9373
6865 0 9442
6866 0 8288
6866 0 8315
6866 0 10157
6867 0 8261
6867 0 8292
6867 0 10179
6868 0 8261
6868 0 8292
6868 0 10078
6869 0 8208
6869 0 8326
6869 0 10234
6870 0 8277
6870 0 8288
6871 0 8288
6871 0 8316
6872 0 8220
6872 0 8338
6872 0 8416
6872 0 10542
6873 0 8223
6873 0 8322
6873 0 8617
6873 0 8950
6874 0 8220
6874 0 8244
6874 0 8399
6874 0 8401
6875 0 8261
6875 0 8292
6875 0 8354
6876 0 8223
6876 0 8339
6877 0 8208
6877 0 8250
6878 0 8204
6878 0 8268
6879 0 8208
6879 0 8250
6879 0 8480
6879 0 8835
6880 0 8223
6880 0 8238
6880 0 10415
6881 0 8261
6881 0 8292
6881 0 8970
6881 0 9784
6882 0 8223
6882 0 8339
6882 0 9896
6883 0 8223
6883 0 8278
6883 0 9404
6883 0 9413
6884 0 8261
6884 0 8262
6884 0 8457
6885 0 8220
6885 0 8334
6885 0 10417
6885 0 10418
6886 0 8219
6886 0 8223
6886 0 9875
6886 0 10142
6887 0 8261
6887 0 8292
6887 0 8607
6887 0 8921
6888 0 8292
6888 0 8299
6888 0 9138
6888 0 9943
6889 0 8219
6889 0 8223
6889 0 8970
6889 0 10142
6890 0 8226
6890 0 8270
6891 0 8261
6891 0 8292
6891 0 8501
6891 0 9496
6892 0 8208
6892 0 8231
6892 0 9073
6893 0 8220
6893 0 8244
6893 0 8780
6893 0 8817
6894 0 8223
6894 0 8339
6894 0 8478
6895 0 8270
6895 0 8335
6895 0 9759
6896 0 8270
6896 0 8335
6897 0 8223
6897 0 8278
6898 0 8220
6898 0 8334
6898 0 9976
6898 0 10423
6899 0 8208
6899 0 8250
6900 0 8223
6900 0 8278
6900 0 8792
6900 0 9843
6901 0 8270
6901 0 8320
6902 0 8223
6902 0 8323
6903 0 8295
6903 0 8297
6904 0 8227
6904 0 8299
6905 0 8208
6905 0 8314
6905 0 9208
6906 0 8295
6906 0 8297
6906 0 9291
6907 0 8208
6907 0 8218
6907 0 10141
6907 0 10284
6908 0 8261
6908 0 8262
6908 0 8690
6908 0 8766
6909 0 8208
6909 0 8218
6909 0 9643
6910 0 8223
6910 0 8339
6910 0 8640
6910 0 10110
6911 0 8275
6911 0 8295
6911 0 9685
6911 0 9696
6912 0 8208
6912 0 8231
6913 0 8208
6913 0 8231
6913 0 9307
6913 0 9308
6914 0 8216
6914 0 8295
6915 0 8277
6915 0 8288
6916 0 8261
6916 0 8292
6916 0 8950
6916 0 8954
6917 0 8261
6917 0 8262
6917 0 8690
6917 0 8691
6918 0 8223
6918 0 8339
6918 0 8478
6918 0 10275
6919 0 8256
6919 0 8328
6919 0 10336
6920 0 8208
6920 0 8231
6920 0 9208
6921 0 8208
6921 0 8269
6922 0 8295
6922 0 8306
6922 0 10004
6923 0 8261
6923 0 8292
6924 0 8223
6924 0 8307
6925 0 8223
6925 0 8307
6925 0 9621
6925 0 10019
6926 0 8261
6926 0 8262
6926 0 8449
6926 0 8457
6927 0 8295
6927 0 8296
6928 0 8230
6928 0 8266
6928 0 8668
6928 0 9117
6929 0 8210
6929 0 8295
6929 0 8520
6929 0 8894
6930 0 8261
6930 0 8292
6930 0 9193
6930 0 10450
6931 0 8208
6931 0 8231
6932 0 8299
6932 0 8301
6933 0 8261
6933 0 8292
6933 0 8404
6934 0 8261
6934 0 8292
6934 0 10464
6934 0 10461
6935 0 8223
6935 0 8339
6935 0 9463
6936 0 8295
6936 0 8297
6937 0 8270
6937 0 8320
6937 0 9444
6938 0 8210
6938 0 8295
6938 0 8558
6939 0 8277
6939 0 8288
6940 0 8208
6940 0 8231
6941 0 8223
6941 0 8339
6941 0 9503
6941 0 9839
6942 0 8215
6942 0 8270
6943 0 8245
6943 0 8270
6944 0 8261
6944 0 8285
6944 0 10052
6945 0 8223
6945 0 8322
6945 0 10572
6945 0 10530
6946 0 8223
6946 0 8339
6946 0 9338
6947 0 8223
6947 0 8307
6947 0 8427
6947 0 8950
6948 0 8223
6948 0 8307
6948 0 9503
6949 0 8223
6949 0 8339
6949 0 9060
6950 0 8266
6950 0 8324
6950 0 10263
6951 0 8299
6951 0 8336
6951 0 8403
6952 0 8208
6952 0 8218
6952 0 8541
6952 0 8573
6953 0 8208
6953 0 8214
6954 0 8223
6954 0 8339
6954 0 9040
6954 0 9338
6955 0 8261
6955 0 8285
6955 0 9821
6955 0 10052
6956 0 8208
6956 0 8231
6956 0 9137
6956 0 9579
6957 0 8210
6957 0 8295
6957 0 9468
6957 0 9519
6958 0 8223
6958 0 8307
6958 0 9495
6958 0 9496
6959 0 8223
6959 0 8339
6959 0 9503
6960 0 8223
6960 0 8278
6960 0 9404
6961 0 8270
6961 0 8317
6961 0 10173
6962 0 8223
6962 0 8278
6962 0 9475
6962 0 9744
6963 0 8210
6963 0 8295
6963 0 9994
6964 0 8261
6964 0 8285
6964 0 8766
6964 0 8767
6965 0 8208
6965 0 8250
6965 0 8436
6965 0 8444
6966 0 8277
6966 0 8288
6966 0 9715
6966 0 9719
6967 0 8226
6967 0 8270
6967 0 10542
6968 0 8255
6968 0 8295
6968 0 8632
6968 0 9827
6969 0 8270
6969 0 8335
6969 0 10365
6969 0 10561
6970 0 8270
6970 0 8317
6970 0 10173
6971 0 8261
6971 0 8289
6971 0 8970
6972 0 8198
6972 0 8270
6972 0 8884
6973 0 8208
6973 0 8273
6973 0 8453
6974 0 8208
6974 0 8308
6974 0 10023
6974 0 10024
6975 0 8210
6975 0 8295
6976 0 8208
6976 0 8233
6976 0 9869
6976 0 9870
6977 0 8212
6977 0 8330
6978 0 8261
6978 0 8292
6978 0 8354
6978 0 8355
6979 0 8208
6979 0 8231
6979 0 9916
6980 0 8208
6980 0 8231
6980 0 10459
6981 0 8330
6981 0 8331
6982 0 8199
6982 0 8270
6983 0 8295
6983 0 8297
6983 0 9683
6984 0 8208
6984 0 8310
6985 0 8261
6985 0 8292
6985 0 8838
6985 0 9284
6986 0 8223
6986 0 8307
6986 0 10123
6986 0 10124
6987 0 8223
6987 0 8238
6987 0 10452
6988 0 8210
6988 0 8295
6988 0 10405
6989 0 8223
6989 0 8323
6990 0 8199
6990 0 8270
6991 0 8261
6991 0 8285
6992 0 8281
6992 0 8283
6993 0 8270
6993 0 8320
6994 0 8226
6994 0 8270
6994 0 9096
6995 0 8220
6995 0 8244
6995 0 8403
6996 0 8295
6996 0 8306
6997 0 8208
6997 0 8308
6998 0 8204
6998 0 8268
6998 0 8377
6998 0 8806
6999 0 8223
6999 0 8238
6999 0 9210
7000 0 8208
7000 0 8233
7000 0 9471
7001 0 8261
7001 0 8292
7001 0 9389
7002 0 8208
7002 0 8314
7002 0 10155
7002 0 10156
7003 0 8208
7003 0 8231
7004 0 8223
7004 0 8339
7004 0 8521
7004 0 9963
7005 0 8223
7005 0 8339
7006 0 8199
7006 0 8270
7007 0 8261
7007 0 8285
7008 0 8248
7008 0 8341
7008 0 9572
7009 0 8220
7009 0 8334
7009 0 9847
7009 0 10563
7010 0 8234
7010 0 8248
7010 0 10031
7011 0 8208
7011 0 8218
7011 0 8464
7011 0 8675
7012 0 8208
7012 0 8214
7012 0 8754
7012 0 10324
7013 0 8256
7013 0 8328
7014 0 8226
7014 0 8270
7015 0 8208
7015 0 8269
7015 0 8789
7016 0 8220
7016 0 8334
7016 0 8401
7016 0 8405
7017 0 8223
7017 0 8224
7017 0 9003
7017 0 9557
7018 0 8295
7018 0 8297
7019 0 8295
7019 0 8327
7020 0 8261
7020 0 8292
7020 0 10542
7021 0 8261
7021 0 8262
7022 0 8295
7022 0 8306
7023 0 8295
7023 0 8319
7023 0 8735
7024 0 8261
7024 0 8292
7024 0 9755
7024 0 10387
7025 0 8295
7025 0 8327
7026 0 8220
7026 0 8338
7027 0 8208
7027 0 8231
7027 0 9048
7027 0 10500
7028 0 8261
7028 0 8292
7029 0 8220
7029 0 8244
7030 0 8199
7030 0 8270
7030 0 8416
7031 0 8261
7031 0 8285
7031 0 10307
7032 0 8208
7032 0 8231
7033 0 8248
7033 0 8313
7033 0 10152
7034 0 8208
7034 0 8233
7035 0 8261
7035 0 8262
7035 0 8423
7035 0 8424
7036 0 8230
7036 0 8266
7037 0 8210
7037 0 8295
7038 0 8208
7038 0 8214
7038 0 9004
7039 0 8208
7039 0 8308
7039 0 10170
7040 0 8223
7040 0 8339
7040 0 8997
7040 0 8999
7041 0 8223
7041 0 8339
7042 0 8223
7042 0 8339
7042 0 9896
7043 0 8295
7043 0 8297
7044 0 8219
7044 0 8223
7044 0 8970
7044 0 8974
7045 0 8261
7045 0 8262
7045 0 8423
7046 0 8223
7046 0 8339
7047 0 8261
7047 0 8285
7047 0 9269
7048 0 8223
7048 0 8339
7049 0 8208
7049 0 8308
7049 0 10024
7050 0 8261
7050 0 8285
7051 0 8220
7051 0 8244
7051 0 9167
7052 0 8223
7052 0 8339
7052 0 10542
7053 0 8223
7053 0 8278
7053 0 9205
7054 0 8223
7054 0 8339
7054 0 8693
7054 0 9338
7055 0 8208
7055 0 8218
7055 0 10142
7055 0 10420
7056 0 8208
7056 0 8218
7056 0 9643
7056 0 10052
7057 0 8226
7057 0 8270
7058 0 8270
7058 0 8317
7058 0 8588
7058 0 10173
7059 0 8230
7059 0 8266
7059 0 9117
7059 0 10352
7060 0 8226
7060 0 8270
7060 0 9096
7060 0 9099
7061 0 8223
7061 0 8339
7061 0 10542
7062 0 8223
7062 0 8228
7062 0 9854
7063 0 8277
7063 0 8288
7064 0 8295
7064 0 8306
7064 0 9682
7065 0 8197
7065 0 8272
7065 0 9913
7066 0 8197
7066 0 8253
7066 0 9130
7066 0 9135
7067 0 8197
7067 0 8253
7067 0 9131
7067 0 9850
7068 0 8197
7068 0 8253
7068 0 9130
7068 0 9135
7069 0 8197
7069 0 8253
7069 0 8756
7069 0 8911
7070 0 8223
7070 0 8307
7070 0 8640
7071 0 8200
7071 0 8270
7071 0 9659
7072 0 8226
7072 0 8270
7072 0 10405
7073 0 8223
7073 0 8307
7073 0 8852
7073 0 9501
7074 0 8208
7074 0 8218
7074 0 8950
7074 0 8954
7075 0 8223
7075 0 8339
7075 0 8640
7076 0 8197
7076 0 8272
7077 0 8261
7077 0 8292
7077 0 10046
7078 0 8270
7078 0 8271
7078 0 9096
7078 0 9099
7079 0 8204
7079 0 8268
7079 0 9052
7079 0 9185
7080 0 8208
7080 0 8233
7080 0 8914
7080 0 9144
7081 0 8223
7081 0 8339
7081 0 9635
7081 0 10542
7082 0 8208
7082 0 8250
7082 0 10380
7083 0 8208
7083 0 8218
7084 0 8223
7084 0 8307
7084 0 8501
7085 0 8295
7085 0 8297
7086 0 8219
7086 0 8223
7086 0 8971
7086 0 10099
7087 0 8216
7087 0 8295
7088 0 8210
7088 0 8295
7089 0 8240
7089 0 8248
7089 0 9443
7089 0 10219
7090 0 8223
7090 0 8339
7091 0 8208
7091 0 8233
7091 0 9328
7091 0 9869
7092 0 8295
7092 0 8297
7093 0 8295
7093 0 8311
7093 0 9109
7093 0 9146
7094 0 8196
7094 0 8220
7094 0 8346
7094 0 8348
7095 0 8223
7095 0 8228
7096 0 8223
7096 0 8339
7096 0 8640
7097 0 8270
7097 0 8271
7097 0 9719
7098 0 8223
7098 0 8339
7098 0 9896
7099 0 8223
7099 0 8339
7100 0 8268
7100 0 8292
7101 0 8208
7101 0 8214
7101 0 10304
7102 0 8223
7102 0 8339
7102 0 8444
7102 0 8456
7103 0 8223
7103 0 8339
7103 0 10283
7104 0 8216
7104 0 8295
7104 0 8537
7105 0 8261
7105 0 8292
7105 0 9713
7106 0 8261
7106 0 8285
7106 0 10052
7107 0 8235
7107 0 8268
7107 0 9546
7108 0 8220
7108 0 8237
7109 0 8288
7109 0 8292
7109 0 10193
7110 0 8223
7110 0 8323
7110 0 8951
7110 0 10117
7111 0 8223
7111 0 8224
7111 0 9284
7112 0 8223
7112 0 8307
7112 0 10052
7113 0 8223
7113 0 8339
7113 0 8457
7113 0 10191
7114 0 8223
7114 0 8278
7114 0 9205
7114 0 9445
7115 0 8288
7115 0 8316
7115 0 8351
7116 0 8226
7116 0 8270
7117 0 8223
7117 0 8339
7117 0 8478
7117 0 9503
7118 0 8223
7118 0 8339
7118 0 9896
7118 0 10137
7119 0 8261
7119 0 8262
7120 0 8261
7120 0 8285
7120 0 8849
7121 0 8261
7121 0 8262
7122 0 8230
7122 0 8266
7122 0 9456
7123 0 8223
7123 0 8339
7123 0 8693
7123 0 9338
7124 0 8248
7124 0 8313
7124 0 9844
7124 0 9845
7125 0 8261
7125 0 8292
7125 0 9704
7125 0 9714
7126 0 8270
7126 0 8320
7126 0 10234
7126 0 10235
7127 0 8261
7127 0 8285
7127 0 8768
7128 0 8220
7128 0 8338
7129 0 8223
7129 0 8278
7129 0 9474
7129 0 9744
7130 0 8236
7130 0 8266
7130 0 9239
7131 0 8295
7131 0 8297
7131 0 9808
7132 0 8223
7132 0 8322
7132 0 10170
7133 0 8223
7133 0 8339
7133 0 10501
7134 0 8223
7134 0 8339
7134 0 9486
7134 0 9488
7135 0 8220
7135 0 8244
7136 0 8223
7136 0 8278
7136 0 9404
7136 0 9405
7137 0 8220
7137 0 8222
7137 0 9208
7138 0 8248
7138 0 8276
7139 0 8261
7139 0 8292
7139 0 8524
7139 0 9126
7140 0 8270
7140 0 8320
7140 0 9444
7141 0 8223
7141 0 8278
7141 0 9404
7142 0 8219
7142 0 8223
7142 0 9877
7142 0 10099
7143 0 8223
7143 0 8339
7143 0 10542
7144 0 8223
7144 0 8339
7144 0 9065
7144 0 9503
7145 0 8295
7145 0 8306
7145 0 10368
7146 0 8223
7146 0 8339
7147 0 8261
7147 0 8285
7147 0 10520
7147 0 10521
7148 0 8223
7148 0 8339
7148 0 10527
7149 0 8226
7149 0 8270
7149 0 9296
7150 0 8270
7150 0 8317
7151 0 8261
7151 0 8262
7151 0 8691
7152 0 8196
7152 0 8220
7152 0 8390
7152 0 9769
7153 0 8220
7153 0 8237
7153 0 9957
7153 0 9958
7154 0 8220
7154 0 8237
7154 0 8403
7155 0 8223
7155 0 8307
7155 0 8698
7155 0 10019
7156 0 8208
7156 0 8250
7156 0 8453
7157 0 8223
7157 0 8278
7158 0 8223
7158 0 8339
7158 0 9503
7159 0 8328
7159 0 8329
7159 0 8703
7160 0 8208
7160 0 8269
7161 0 8261
7161 0 8292
7161 0 8784
7161 0 9861
7162 0 8234
7162 0 8248
7163 0 8270
7163 0 8335
7163 0 10242
7164 0 8199
7164 0 8270
7165 0 8295
7165 0 8306
7166 0 8261
7166 0 8292
7166 0 10170
7167 0 8220
7167 0 8338
7167 0 9055
7168 0 8270
7168 0 8320
7169 0 8261
7169 0 8262
7169 0 8563
7169 0 9438
7170 0 8223
7170 0 8339
7170 0 8354
7170 0 10105
7171 0 8223
7171 0 8307
7171 0 9501
7171 0 9505
7172 0 8288
7172 0 8292
7173 0 8220
7173 0 8221
7173 0 8994
7173 0 8999
7174 0 8248
7174 0 8276
7174 0 8487
7174 0 8798
7175 0 8261
7175 0 8292
7175 0 8845
7175 0 10191
7176 0 8277
7176 0 8288
7177 0 8219
7177 0 8223
7177 0 9187
7178 0 8277
7178 0 8288
7178 0 9713
7178 0 9956
7179 0 8220
7179 0 8338
7179 0 10542
7180 0 8277
7180 0 8288
7180 0 9706
7181 0 8295
7181 0 8297
7181 0 8661
7181 0 10101
7182 0 8242
7182 0 8288
7182 0 10567
7183 0 8299
7183 0 8336
7183 0 8346
7183 0 8347
7184 0 8270
7184 0 8304
7184 0 10202
7185 0 8215
7185 0 8270
7185 0 8884
7186 0 8255
7186 0 8295
7187 0 8208
7187 0 8231
7188 0 8261
7188 0 8285
7188 0 8849
7188 0 9649
7189 0 8208
7189 0 8218
7190 0 8220
7190 0 8338
7190 0 8640
7191 0 8223
7191 0 8238
7192 0 8223
7192 0 8339
7192 0 9655
7192 0 9862
7193 0 8223
7193 0 8339
7193 0 9795
7194 0 8261
7194 0 8262
7194 0 10142
7194 0 10144
7195 0 8220
7195 0 8244
7195 0 9052
7195 0 9185
7196 0 8208
7196 0 8231
7197 0 8277
7197 0 8288
7197 0 9713
7198 0 8223
7198 0 8339
7198 0 10401
7199 0 8261
7199 0 8285
7199 0 10242
7200 0 8223
7200 0 8278
7200 0 9403
7200 0 9404
7201 0 8277
7201 0 8288
7201 0 9713
7201 0 9956
7202 0 8270
7202 0 8304
7202 0 10155
7203 0 8220
7203 0 8244
7203 0 9434
7204 0 8248
7204 0 8287
7204 0 10405
7205 0 8208
7205 0 8250
7206 0 8223
7206 0 8307
7206 0 9489
7207 0 8208
7207 0 8218
7207 0 8950
7207 0 8954
7208 0 8223
7208 0 8339
7209 0 8223
7209 0 8339
7210 0 8199
7210 0 8270
7210 0 8416
7211 0 8223
7211 0 8339
7212 0 8266
7212 0 8303
7213 0 8226
7213 0 8270
7213 0 9014
7213 0 9096
7214 0 8219
7214 0 8223
7214 0 10093
7215 0 8208
7215 0 8314
7216 0 8295
7216 0 8297
7216 0 10098
7217 0 8261
7217 0 8285
7217 0 8659
7217 0 8849
7218 0 8261
7218 0 8285
7219 0 8261
7219 0 8285
7220 0 8223
7220 0 8339
7220 0 8354
7220 0 10105
7221 0 8208
7221 0 8231
7221 0 10400
7221 0 10405
7222 0 8223
7222 0 8278
7222 0 9403
7222 0 9404
7223 0 8208
7223 0 8250
7223 0 8650
7223 0 9934
7224 0 8223
7224 0 8339
7225 0 8261
7225 0 8292
7225 0 9276
7226 0 8261
7226 0 8285
7226 0 10536
7226 0 10537
7227 0 8223
7227 0 8339
7227 0 9486
7228 0 8261
7228 0 8262
7228 0 8824
7229 0 8220
7229 0 8338
7229 0 8640
7230 0 8223
7230 0 8278
7230 0 9744
7231 0 8261
7231 0 8262
7231 0 8689
7231 0 8690
7232 0 8295
7232 0 8306
7233 0 8220
7233 0 8244
7233 0 8994
7233 0 9323
7234 0 8208
7234 0 8214
7235 0 8261
7235 0 8262
7235 0 8824
7236 0 8208
7236 0 8269
7237 0 8223
7237 0 8307
7237 0 9843
7237 0 10557
7238 0 8223
7238 0 8278
7238 0 9403
7238 0 9404
7239 0 8223
7239 0 8278
7239 0 9744
7240 0 8223
7240 0 8238
7240 0 8480
7240 0 8481
7241 0 8223
7241 0 8307
7242 0 8223
7242 0 8278
7242 0 9475
7243 0 8223
7243 0 8228
7243 0 10202
7244 0 8223
7244 0 8278
7245 0 8220
7245 0 8338
7245 0 8412
7245 0 9851
7246 0 8223
7246 0 8322
7247 0 8223
7247 0 8224
7247 0 8503
7248 0 8261
7248 0 8292
7248 0 9284
7248 0 9606
7249 0 8220
7249 0 8244
7249 0 9052
7249 0 9185
7250 0 8208
7250 0 8231
7251 0 8261
7251 0 8262
7252 0 8261
7252 0 8262
7253 0 8261
7253 0 8292
7253 0 9875
7253 0 10142
7254 0 8215
7254 0 8270
7255 0 8299
7255 0 8300
7256 0 8208
7256 0 8314
7256 0 8516
7257 0 8270
7257 0 8271
7257 0 9659
7257 0 9809
7258 0 8223
7258 0 8224
7258 0 9446
7258 0 9515
7259 0 8223
7259 0 8339
7260 0 8208
7260 0 8233
7261 0 8220
7261 0 8338
7261 0 10495
7262 0 8223
7262 0 8339
7262 0 9896
7263 0 8226
7263 0 8270
7263 0 9022
7263 0 9096
7264 0 8247
7264 0 8261
7264 0 10017
7265 0 8208
7265 0 8231
7265 0 8684
7266 0 8208
7266 0 8231
7267 0 8223
7267 0 8307
7268 0 8223
7268 0 8278
7268 0 9404
7268 0 9405
7269 0 8223
7269 0 8339
7269 0 8477
7269 0 9338
7270 0 8223
7270 0 8307
7270 0 10052
7271 0 8223
7271 0 8339
7271 0 8693
7271 0 10542
7272 0 8281
7272 0 8282
7273 0 8197
7273 0 8321
7274 0 8223
7274 0 8307
7274 0 10049
7274 0 10052
7275 0 8223
7275 0 8307
7275 0 10052
7275 0 10369
7276 0 8261
7276 0 8289
7276 0 9607
7277 0 8220
7277 0 8222
7277 0 9744
7277 0 10423
7278 0 8223
7278 0 8339
7278 0 10542
7279 0 8223
7279 0 8339
7279 0 8478
7279 0 8477
7280 0 8223
7280 0 8278
7280 0 8513
7280 0 9404
7281 0 8223
7281 0 8278
7282 0 8223
7282 0 8339
7283 0 8220
7283 0 8244
7283 0 8403
7284 0 8199
7284 0 8270
7284 0 8628
7285 0 8208
7285 0 8231
7285 0 10283
7285 0 10405
7286 0 8295
7286 0 8297
7286 0 9109
7286 0 9110
7287 0 8208
7287 0 8314
7288 0 8223
7288 0 8323
7288 0 8607
7288 0 8922
7289 0 8270
7289 0 8320
7290 0 8208
7290 0 8250
7291 0 8270
7291 0 8271
7291 0 8413
7291 0 9659
7292 0 8223
7292 0 8339
7292 0 8641
7292 0 9565
7293 0 8223
7293 0 8339
7293 0 9624
7293 0 9896
7294 0 8295
7294 0 8297
7295 0 8277
7295 0 8288
7296 0 8281
7296 0 8282
7296 0 9779
7296 0 9781
7297 0 8208
7297 0 8308
7297 0 10047
7298 0 8281
7298 0 8282
7298 0 8752
7299 0 8277
7299 0 8288
7299 0 9713
7300 0 8208
7300 0 8218
7300 0 8505
7300 0 8950
7301 0 8208
7301 0 8218
7301 0 8950
7301 0 8969
7302 0 8219
7302 0 8223
7302 0 8495
7303 0 8223
7303 0 8322
7303 0 8505
7303 0 10163
7304 0 8219
7304 0 8223
7304 0 8718
7304 0 8950
7305 0 8223
7305 0 8322
7305 0 8495
7305 0 8497
7306 0 8328
7306 0 8329
7306 0 9783
7307 0 8270
7307 0 8271
7307 0 9659
7307 0 9664
7308 0 8223
7308 0 8339
7308 0 9503
7309 0 8223
7309 0 8339
7309 0 9065
7309 0 9503
7310 0 8220
7310 0 8237
7310 0 10005
7311 0 8208
7311 0 8250
7311 0 9208
7312 0 8261
7312 0 8289
7312 0 8379
7312 0 9330
7313 0 8270
7313 0 8335
7313 0 10295
7314 0 8270
7314 0 8271
7314 0 10155
7315 0 8199
7315 0 8270
7316 0 8197
7316 0 8272
7316 0 10570
7316 0 9157
7317 0 8219
7317 0 8223
7317 0 8970
7317 0 9784
7318 0 8223
7318 0 8307
7318 0 8698
7318 0 10473
7319 0 8223
7319 0 8307
7319 0 9503
7320 0 8208
7320 0 8231
7320 0 8670
7320 0 8680
7321 0 8223
7321 0 8307
7321 0 9503
7322 0 8208
7322 0 8231
7322 0 8416
7323 0 8223
7323 0 8339
7324 0 8208
7324 0 8218
7324 0 8878
7324 0 8986
7325 0 8270
7325 0 8320
7325 0 8401
7326 0 8208
7326 0 8218
7327 0 8223
7327 0 8339
7328 0 8261
7328 0 8262
7328 0 8849
7329 0 8208
7329 0 8233
7329 0 10439
7330 0 8261
7330 0 8289
7330 0 8516
7330 0 8519
7331 0 8208
7331 0 8231
7332 0 8236
7332 0 8266
7333 0 8226
7333 0 8270
7333 0 9565
7334 0 8261
7334 0 8285
7334 0 9527
7334 0 9694
7335 0 8223
7335 0 8339
7335 0 8737
7336 0 8223
7336 0 8307
7337 0 8248
7337 0 8313
7338 0 8208
7338 0 8233
7339 0 8261
7339 0 8262
7339 0 8690
7339 0 8766
7340 0 8223
7340 0 8307
7341 0 8295
7341 0 8297
7342 0 8223
7342 0 8339
7342 0 9896
7343 0 8281
7343 0 8283
7343 0 8365
7343 0 9638
7344 0 8208
7344 0 8250
7344 0 8790
7345 0 8208
7345 0 8273
7346 0 8208
7346 0 8269
7347 0 8208
7347 0 8233
7347 0 10380
7348 0 8261
7348 0 8262
7348 0 9705
7348 0 9715
7349 0 8261
7349 0 8262
7349 0 10142
7350 0 8223
7350 0 8307
7351 0 8277
7351 0 8288
7352 0 8223
7352 0 8278
7352 0 9404
7352 0 9405
7353 0 8208
7353 0 8250
7354 0 8261
7354 0 8292
7354 0 8501
7354 0 10275
7355 0 8292
7355 0 8328
7355 0 10405
7356 0 8295
7356 0 8306
7357 0 8219
7357 0 8223
7357 0 8678
7357 0 10145
7358 0 8223
7358 0 8339
7358 0 10321
7359 0 8208
7359 0 8218
7359 0 8505
7360 0 8220
7360 0 8338
7360 0 10467
7360 0 10468
7361 0 8196
7361 0 8220
7361 0 8346
7361 0 8348
7362 0 8261
7362 0 8262
7362 0 9123
7362 0 9415
7363 0 8208
7363 0 8231
7364 0 8220
7364 0 8338
7364 0 10542
7365 0 8219
7365 0 8223
7365 0 8962
7365 0 9707
7366 0 8223
7366 0 8307
7366 0 8617
7366 0 8950
7367 0 8295
7367 0 8306
7367 0 9153
7368 0 8295
7368 0 8306
7369 0 8223
7369 0 8307
7369 0 8697
7369 0 8843
7370 0 8277
7370 0 8288
7371 0 8223
7371 0 8339
7371 0 9503
7372 0 8277
7372 0 8288
7372 0 9706
7373 0 8223
7373 0 8238
7373 0 10452
7373 0 10453
7374 0 8223
7374 0 8323
7374 0 8607
7374 0 10188
7375 0 8223
7375 0 8278
7376 0 8208
7376 0 8231
7376 0 9657
7377 0 8208
7377 0 8308
7377 0 8422
7377 0 10027
7378 0 8261
7378 0 8285
7378 0 9649
7379 0 8196
7379 0 8220
7379 0 8626
7379 0 10242
7380 0 8223
7380 0 8278
7380 0 8512
7380 0 9404
7381 0 8223
7381 0 8339
7381 0 10542
7382 0 8270
7382 0 8320
7383 0 8223
7383 0 8339
7383 0 10275
7384 0 8208
7384 0 8250
7385 0 8281
7385 0 8305
7385 0 9622
7386 0 8220
7386 0 8244
7386 0 8708
7387 0 8223
7387 0 8307
7387 0 10052
7388 0 8223
7388 0 8278
7388 0 9843
7389 0 8261
7389 0 8285
7389 0 9708
7389 0 10142
7390 0 8261
7390 0 8285
7390 0 9708
7390 0 9986
7391 0 8261
7391 0 8285
7391 0 9708
7392 0 8219
7392 0 8223
7392 0 8970
7393 0 8277
7393 0 8288
7393 0 9445
7393 0 10217
7394 0 8219
7394 0 8223
7394 0 8878
7394 0 8950
7395 0 8261
7395 0 8285
7396 0 8196
7396 0 8220
7396 0 8346
7396 0 8348
7397 0 8198
7397 0 8270
7397 0 9167
7397 0 9168
7398 0 8196
7398 0 8220
7398 0 8403
7398 0 8480
7399 0 8277
7399 0 8288
7399 0 9713
7400 0 8196
7400 0 8220
7400 0 10120
7400 0 10474
7401 0 8223
7401 0 8339
7401 0 9299
7401 0 10494
7402 0 8277
7402 0 8288
7402 0 9713
7403 0 8223
7403 0 8339
7403 0 10093
7404 0 8235
7404 0 8268
7405 0 8198
7405 0 8270
7406 0 8208
7406 0 8273
7406 0 8639
7407 0 8223
7407 0 8339
7408 0 8223
7408 0 8278
7408 0 8467
7408 0 9744
7409 0 8277
7409 0 8288
7410 0 8255
7410 0 8295
7410 0 9939
7411 0 8295
7411 0 8306
7412 0 8220
7412 0 8244
7412 0 8399
7412 0 8401
7413 0 8299
7413 0 8301
7414 0 8248
7414 0 8276
7414 0 9391
7415 0 8277
7415 0 8288
7415 0 8973
7415 0 9704
7416 0 8223
7416 0 8339
7417 0 8270
7417 0 8320
7417 0 9444
7418 0 8223
7418 0 8228
7418 0 9854
7419 0 8248
7419 0 8276
7420 0 8261
7420 0 8285
7420 0 8690
7420 0 8766
7421 0 8230
7421 0 8266
7422 0 8208
7422 0 8209
7422 0 9601
7423 0 8208
7423 0 8250
7424 0 8255
7424 0 8295
7424 0 10295
7425 0 8223
7425 0 8339
7426 0 8223
7426 0 8307
7426 0 10052
7427 0 8223
7427 0 8339
7427 0 10052
7428 0 8223
7428 0 8339
7428 0 9338
7428 0 10510
7429 0 8208
7429 0 8218
7429 0 8950
7429 0 8964
7430 0 8261
7430 0 8292
7430 0 9038
7431 0 8299
7431 0 8336
7431 0 8403
7431 0 8404
7432 0 8261
7432 0 8262
7432 0 9446
7432 0 10470
7433 0 8223
7433 0 8339
7433 0 10123
7433 0 10124
7434 0 8247
7434 0 8261
7434 0 9569
7435 0 8277
7435 0 8288
7435 0 9704
7435 0 9705
7436 0 8261
7436 0 8292
7436 0 9501
7436 0 9505
7437 0 8223
7437 0 8339
7437 0 9094
7438 0 8210
7438 0 8295
7439 0 8223
7439 0 8339
7439 0 8908
7440 0 8281
7440 0 8305
7441 0 8223
7441 0 8339
7441 0 8693
7442 0 8277
7442 0 8288
7442 0 9713
7443 0 8197
7443 0 8321
7443 0 9734
7443 0 9936
7444 0 8295
7444 0 8296
7444 0 9194
7444 0 9937
7445 0 8261
7445 0 8292
7445 0 9723
7445 0 10142
7446 0 8225
7446 0 8248
7446 0 9177
7446 0 9453
7447 0 8279
7447 0 8299
7447 0 9413
7447 0 9744
7448 0 8223
7448 0 8339
7449 0 8223
7449 0 8339
7450 0 8223
7450 0 8307
7451 0 8208
7451 0 8250
7451 0 9064
7452 0 8223
7452 0 8339
7452 0 8693
7452 0 9338
7453 0 8223
7453 0 8339
7453 0 8994
7454 0 8295
7454 0 8297
7455 0 8261
7455 0 8262
7455 0 9731
7456 0 8223
7456 0 8339
7457 0 8208
7457 0 8218
7457 0 9079
7457 0 9542
7458 0 8223
7458 0 8339
7459 0 8208
7459 0 8233
7460 0 8215
7460 0 8270
7460 0 8871
7460 0 9659
7461 0 8223
7461 0 8322
7461 0 10247
7461 0 10406
7462 0 8223
7462 0 8322
7462 0 8433
7462 0 8846
7463 0 8223
7463 0 8278
7463 0 9404
7463 0 9744
7464 0 8295
7464 0 8297
7465 0 8223
7465 0 8307
7465 0 9505
7465 0 9551
7466 0 8275
7466 0 8295
7466 0 9735
7467 0 8208
7467 0 8250
7468 0 8292
7468 0 8295
7469 0 8208
7469 0 8231
7469 0 8999
7470 0 8223
7470 0 8339
7471 0 8261
7471 0 8289
7471 0 8890
7471 0 9711
7472 0 8223
7472 0 8339
7472 0 9038
7473 0 8223
7473 0 8307
7473 0 10052
7474 0 8208
7474 0 8218
7475 0 8230
7475 0 8266
7475 0 8657
7475 0 9117
7476 0 8204
7476 0 8268
7476 0 9904
7477 0 8223
7477 0 8339
7477 0 9503
7478 0 8299
7478 0 8301
7479 0 8208
7479 0 8252
7480 0 8234
7480 0 8248
7481 0 8261
7481 0 8285
7482 0 8270
7482 0 8317
7482 0 10561
7483 0 8223
7483 0 8307
7483 0 9986
7484 0 8208
7484 0 8250
7484 0 9048
7485 0 8270
7485 0 8317
7486 0 8223
7486 0 8339
7487 0 8208
7487 0 8233
7488 0 8261
7488 0 8262
7489 0 8223
7489 0 8339
7489 0 10078
7489 0 10094
7490 0 8294
7490 0 8295
7491 0 8208
7491 0 8290
7491 0 8444
7491 0 10234
7492 0 8223
7492 0 8322
7492 0 9508
7492 0 9510
7493 0 8223
7493 0 8339
7494 0 8270
7494 0 8320
7494 0 8871
7494 0 9659
7495 0 8223
7495 0 8339
7496 0 8223
7496 0 8339
7497 0 8295
7497 0 8297
7497 0 9291
7497 0 9292
7498 0 8226
7498 0 8270
7499 0 8295
7499 0 8306
7500 0 8223
7500 0 8278
7500 0 8467
7500 0 9404
7501 0 8226
7501 0 8270
7502 0 8226
7502 0 8270
7503 0 8223
7503 0 8307
7504 0 8226
7504 0 8270
7505 0 8223
7505 0 8339
7505 0 10124
7505 0 10346
7506 0 8230
7506 0 8266
7506 0 9426
7507 0 8208
7507 0 8231
7508 0 8295
7508 0 8296
7508 0 9471
7508 0 10440
7509 0 8208
7509 0 8218
7509 0 10052
7510 0 8223
7510 0 8307
7510 0 9563
7511 0 8223
7511 0 8339
7511 0 10401
7512 0 8268
7512 0 8332
7513 0 8270
7513 0 8317
7513 0 10561
7514 0 8220
7514 0 8338
7514 0 10542
7515 0 8210
7515 0 8295
7516 0 8226
7516 0 8270
7516 0 9014
7517 0 8223
7517 0 8224
7517 0 9038
7517 0 9454
7518 0 8223
7518 0 8307
7518 0 8829
7518 0 9038
7519 0 8220
7519 0 8338
7519 0 10542
7520 0 8223
7520 0 8224
7520 0 10077
7521 0 8220
7521 0 8338
7521 0 10542
7522 0 8208
7522 0 8233
7523 0 8223
7523 0 8278
7523 0 10078
7523 0 10079
7524 0 8223
7524 0 8339
7524 0 9784
7524 0 9896
7525 0 8295
7525 0 8297
7525 0 9936
7526 0 8270
7526 0 8320
7526 0 9167
7526 0 9168
7527 0 8223
7527 0 8339
7528 0 8247
7528 0 8261
7528 0 9235
7529 0 8261
7529 0 8292
7529 0 9986
7530 0 8199
7530 0 8270
7530 0 8416
7531 0 8220
7531 0 8338
7532 0 8207
7532 0 8270
7533 0 8197
7533 0 8321
7534 0 8280
7534 0 8295
7534 0 9291
7534 0 9292
7535 0 8223
7535 0 8278
7535 0 9404
7535 0 9405
7536 0 8261
7536 0 8285
7536 0 8486
7536 0 9649
7537 0 8226
7537 0 8270
7537 0 9565
7538 0 8223
7538 0 8339
7539 0 8241
7539 0 8266
7539 0 8893
7539 0 9280
7540 0 8220
7540 0 8338
7540 0 8693
7541 0 8257
7541 0 8281
7541 0 8598
7541 0 8599
7542 0 8223
7542 0 8278
7542 0 8512
7542 0 8514
7543 0 8299
7543 0 8300
7543 0 8702
7543 0 10204
7544 0 8223
7544 0 8339
7545 0 8295
7545 0 8306
7546 0 8223
7546 0 8278
7546 0 9404
7546 0 9405
7547 0 8261
7547 0 8262
7547 0 10142
7547 0 10144
7548 0 8223
7548 0 8238
7548 0 9074
7548 0 9582
7549 0 8266
7549 0 8324
7550 0 8220
7550 0 8292
7550 0 9383
7551 0 8223
7551 0 8307
7551 0 10052
7552 0 8208
7552 0 8218
7552 0 8986
7552 0 9643
7553 0 8208
7553 0 8233
7553 0 9090
7553 0 10380
7554 0 8223
7554 0 8339
7554 0 8693
7554 0 9338
7555 0 8261
7555 0 8292
7555 0 10467
7556 0 8223
7556 0 8307
7556 0 9034
7556 0 9212
7557 0 8223
7557 0 8307
7557 0 9503
7557 0 10546
7558 0 8295
7558 0 8306
7558 0 10004
7559 0 8223
7559 0 8339
7559 0 8640
7560 0 8295
7560 0 8297
7560 0 10036
7561 0 8196
7561 0 8220
7562 0 8264
7562 0 8266
7563 0 8208
7563 0 8233
7563 0 9090
7564 0 8208
7564 0 8218
7565 0 8277
7565 0 8288
7565 0 9728
7566 0 8230
7566 0 8266
7567 0 8263
7567 0 8266
7567 0 9483
7567 0 9568
7568 0 8236
7568 0 8266
7568 0 9239
7568 0 9568
7569 0 8223
7569 0 8238
7569 0 8427
7569 0 9489
7570 0 8277
7570 0 8288
7570 0 9704
7570 0 9728
7571 0 8223
7571 0 8224
7571 0 9038
7572 0 8196
7572 0 8220
7572 0 9769
7573 0 8223
7573 0 8307
7573 0 8698
7573 0 9839
7574 0 8223
7574 0 8339
7574 0 9338
7575 0 8208
7575 0 8233
7575 0 9869
7575 0 9870
7576 0 8223
7576 0 8339
7577 0 8208
7577 0 8233
7577 0 9582
7578 0 8208
7578 0 8250
7578 0 8679
7578 0 9014
7579 0 8227
7579 0 8299
7579 0 9949
7580 0 8223
7580 0 8278
7580 0 8467
7580 0 8470
7581 0 8223
7581 0 8278
7581 0 10556
7582 0 8256
7582 0 8328
7582 0 8893
7582 0 9738
7583 0 8223
7583 0 8339
7584 0 8208
7584 0 8214
7584 0 8639
7585 0 8215
7585 0 8270
7586 0 8223
7586 0 8339
7587 0 8295
7587 0 8306
7588 0 8223
7588 0 8238
7588 0 9258
7588 0 9261
7589 0 8279
7589 0 8299
7589 0 10436
7590 0 8223
7590 0 8238
7590 0 9260
7590 0 10409
7591 0 8223
7591 0 8307
7592 0 8223
7592 0 8339
7592 0 8693
7593 0 8196
7593 0 8220
7593 0 8346
7593 0 9105
7594 0 8225
7594 0 8248
7595 0 8261
7595 0 8285
7595 0 8690
7595 0 8766
7596 0 8261
7596 0 8285
7596 0 10119
7597 0 8223
7597 0 8339
7598 0 8281
7598 0 8282
7598 0 9779
7598 0 9782
7599 0 8210
7599 0 8295
7600 0 8261
7600 0 8262
7600 0 8457
7601 0 8299
7601 0 8336
7601 0 9984
7601 0 10450
7602 0 8328
7602 0 8329
7602 0 9719
7602 0 9985
7603 0 8261
7603 0 8289
7603 0 9607
7603 0 9611
7604 0 8255
7604 0 8295
7605 0 8220
7605 0 8338
7605 0 9338
7605 0 10495
7606 0 8223
7606 0 8339
7606 0 10495
7606 0 10510
7607 0 8295
7607 0 8297
7608 0 8295
7608 0 8306
7608 0 10014
7609 0 8223
7609 0 8307
7609 0 9839
7609 0 10557
7610 0 8288
7610 0 8316
7610 0 10127
7610 0 10128
7611 0 8208
7611 0 8290
7612 0 8204
7612 0 8268
7612 0 9889
7613 0 8223
7613 0 8278
7613 0 8737
7614 0 8208
7614 0 8250
7614 0 8530
7615 0 8223
7615 0 8224
7615 0 9038
7616 0 8223
7616 0 8339
7616 0 9340
7616 0 9339
7617 0 8219
7617 0 8223
7617 0 9367
7617 0 9496
7618 0 8299
7618 0 8301
7618 0 8402
7619 0 8220
7619 0 8338
7619 0 8640
7620 0 8288
7620 0 8292
7620 0 9048
7620 0 9096
7621 0 8299
7621 0 8336
7621 0 8404
7622 0 8277
7622 0 8288
7622 0 9713
7623 0 8261
7623 0 8292
7624 0 8295
7624 0 8297
7624 0 9736
7625 0 8277
7625 0 8288
7625 0 9713
7626 0 8196
7626 0 8220
7627 0 8220
7627 0 8222
7628 0 8270
7628 0 8309
7629 0 8223
7629 0 8339
7629 0 8693
7630 0 8223
7630 0 8307
7630 0 9501
7630 0 10163
7631 0 8223
7631 0 8323
7631 0 10250
7631 0 10350
7632 0 8223
7632 0 8339
7632 0 10275
7633 0 8220
7633 0 8338
7633 0 8693
7633 0 9338
7634 0 8295
7634 0 8319
7634 0 10185
7635 0 8208
7635 0 8231
7635 0 8442
7635 0 9448
7636 0 8261
7636 0 8292
7636 0 8950
7636 0 8968
7637 0 8277
7637 0 8288
7637 0 9713
7638 0 8270
7638 0 8335
7638 0 10405
7638 0 10561
7639 0 8223
7639 0 8307
7639 0 8351
7640 0 8223
7640 0 8339
7640 0 8478
7641 0 8219
7641 0 8223
7641 0 8950
7641 0 8960
7642 0 8295
7642 0 8297
7643 0 8208
7643 0 8273
7644 0 8261
7644 0 8285
7644 0 8845
7644 0 9801
7645 0 8288
7645 0 8316
7645 0 8351
7645 0 8950
7646 0 8220
7646 0 8244
7646 0 8403
7647 0 8261
7647 0 8289
7647 0 8720
7647 0 9607
7648 0 8220
7648 0 8338
7648 0 8693
7648 0 9338
7649 0 8261
7649 0 8285
7649 0 10175
7649 0 10517
7650 0 8223
7650 0 8307
7650 0 9907
7651 0 8223
7651 0 8339
7652 0 8277
7652 0 8288
7652 0 9713
7652 0 10272
7653 0 8270
7653 0 8320
7653 0 9444
7654 0 8208
7654 0 8233
7654 0 9182
7655 0 8256
7655 0 8328
7655 0 10454
7656 0 8223
7656 0 8307
7656 0 10052
7657 0 8208
7657 0 8231
7657 0 9064
7658 0 8220
7658 0 8338
7659 0 8208
7659 0 8214
7659 0 10043
7660 0 8295
7660 0 8297
7661 0 8288
7661 0 8291
7661 0 8590
7661 0 8970
7662 0 8223
7662 0 8339
7662 0 9486
7663 0 8223
7663 0 8238
7663 0 9074
7663 0 9582
7664 0 8328
7664 0 8329
7664 0 10405
7665 0 8230
7665 0 8266
7665 0 9117
7666 0 8268
7666 0 8332
7667 0 8220
7667 0 8244
7667 0 8399
7667 0 8401
7668 0 8235
7668 0 8268
7668 0 10329
7669 0 8226
7669 0 8270
7670 0 8261
7670 0 8285
7670 0 10493
7670 0 10517
7671 0 8299
7671 0 8300
7671 0 9249
7672 0 8208
7672 0 8250
7672 0 10216
7673 0 8270
7673 0 8317
7673 0 9307
7673 0 10172
7674 0 8208
7674 0 8233
7674 0 10288
7674 0 10290
7675 0 8208
7675 0 8326
7676 0 8223
7676 0 8339
7677 0 8223
7677 0 8278
7677 0 9074
7678 0 8220
7678 0 8244
7679 0 8223
7679 0 8307
7679 0 9038
7679 0 9557
7680 0 8208
7680 0 8292
7680 0 10386
7681 0 8277
7681 0 8288
7681 0 9704
7681 0 9706
7682 0 8208
7682 0 8231
7682 0 10202
7683 0 8220
7683 0 8334
7684 0 8223
7684 0 8339
7684 0 8478
7684 0 8477
7685 0 8208
7685 0 8254
7686 0 8223
7686 0 8278
7686 0 8467
7686 0 9205
7687 0 8220
7687 0 8334
7688 0 8223
7688 0 8339
7688 0 9896
7689 0 8208
7689 0 8290
7689 0 8462
7689 0 10214
7690 0 8223
7690 0 8278
7690 0 8564
7690 0 10483
7691 0 8295
7691 0 8297
7691 0 10225
7691 0 10226
7692 0 8208
7692 0 8290
7692 0 8666
7692 0 8930
7693 0 8208
7693 0 8231
7693 0 9128
7693 0 9671
7694 0 8223
7694 0 8339
7694 0 9489
7695 0 8223
7695 0 8339
7695 0 8793
7695 0 9896
7696 0 8223
7696 0 8278
7696 0 9296
7696 0 9404
7697 0 8223
7697 0 8307
7697 0 9501
7697 0 9505
7698 0 8223
7698 0 8224
7698 0 8457
7698 0 8872
7699 0 8223
7699 0 8339
7699 0 8607
7699 0 10069
7700 0 8243
7700 0 8330
7700 0 9456
7701 0 8208
7701 0 8218
7701 0 8949
7701 0 8950
7702 0 8208
7702 0 8218
7702 0 10438
7702 0 10461
7703 0 8210
7703 0 8295
7703 0 9103
7703 0 9450
7704 0 8277
7704 0 8288
7704 0 9713
7705 0 8223
7705 0 8339
7705 0 9527
7705 0 9926
7706 0 8293
7706 0 8295
7706 0 9950
7707 0 8220
7707 0 8244
7707 0 9719
7708 0 8295
7708 0 8296
7709 0 8208
7709 0 8231
7709 0 9991
7709 0 10231
7710 0 8261
7710 0 8289
7710 0 9607
7711 0 8223
7711 0 8339
7711 0 9338
7712 0 8208
7712 0 8269
7713 0 8223
7713 0 8278
7713 0 8512
7713 0 9744
7714 0 8208
7714 0 8269
7714 0 8423
7714 0 10008
7715 0 8223
7715 0 8339
7716 0 8223
7716 0 8339
7716 0 8480
7716 0 10148
7717 0 8261
7717 0 8292
7717 0 8497
7717 0 8498
7718 0 8223
7718 0 8339
7718 0 10542
7719 0 8196
7719 0 8220
7719 0 8390
7719 0 8401
7720 0 8223
7720 0 8224
7721 0 8219
7721 0 8223
7721 0 9709
7721 0 9723
7722 0 8223
7722 0 8307
7722 0 8354
7723 0 8208
7723 0 8233
7723 0 9869
7723 0 9870
7724 0 8295
7724 0 8306
7725 0 8295
7725 0 8297
7725 0 10186
7726 0 8197
7726 0 8321
7726 0 9270
7726 0 10405
7727 0 8197
7727 0 8321
7727 0 9029
7727 0 9270
7728 0 8198
7728 0 8270
7729 0 8255
7729 0 8295
7729 0 10295
7730 0 8277
7730 0 8288
7730 0 10222
7731 0 8208
7731 0 8231
7731 0 10202
7732 0 8223
7732 0 8339
7732 0 8354
7733 0 8223
7733 0 8238
7733 0 10453
7734 0 8295
7734 0 8297
7735 0 8198
7735 0 8270
7736 0 8223
7736 0 8339
7736 0 8693
7736 0 9338
7737 0 8208
7737 0 8269
7738 0 8223
7738 0 8278
7739 0 8208
7739 0 8218
7739 0 8464
7739 0 9658
7740 0 8277
7740 0 8288
7740 0 9704
7740 0 9713
7741 0 8208
7741 0 8218
7741 0 10326
7742 0 8208
7742 0 8231
7743 0 8223
7743 0 8339
7743 0 10236
7743 0 10240
7744 0 8261
7744 0 8262
7744 0 9038
7745 0 8223
7745 0 8339
7745 0 10405
7746 0 8208
7746 0 8231
7747 0 8223
7747 0 8307
7747 0 9505
7747 0 9502
7748 0 8208
7748 0 8218
7748 0 10134
7748 0 10135
7749 0 8241
7749 0 8266
7750 0 8220
7750 0 8338
7750 0 9220
7751 0 8261
7751 0 8292
7751 0 8457
7751 0 9860
7752 0 8208
7752 0 8231
7753 0 8281
7753 0 8305
7753 0 8561
7753 0 9743
7754 0 8223
7754 0 8278
7754 0 8885
7754 0 9404
7755 0 8208
7755 0 8218
7755 0 10164
7755 0 10250
7756 0 8208
7756 0 8218
7756 0 8488
7756 0 8505
7757 0 8208
7757 0 8218
7758 0 8223
7758 0 8339
7758 0 9489
7758 0 9896
7759 0 8223
7759 0 8339
7759 0 9503
7760 0 8223
7760 0 8339
7760 0 9896
7761 0 8208
7761 0 8231
7761 0 10542
7762 0 8223
7762 0 8322
7762 0 8342
7762 0 8698
7763 0 8288
7763 0 8316
7763 0 10127
7764 0 8223
7764 0 8339
7764 0 10542
7765 0 8223
7765 0 8278
7766 0 8223
7766 0 8278
7767 0 8223
7767 0 8339
7767 0 9503
7768 0 8261
7768 0 8292
7768 0 8512
7769 0 8223
7769 0 8339
7769 0 9503
7770 0 8275
7770 0 8295
7771 0 8223
7771 0 8339
7771 0 9896
7772 0 8219
7772 0 8223
7772 0 9723
7772 0 9774
7773 0 8247
7773 0 8261
7773 0 8533
7774 0 8223
7774 0 8339
7774 0 8478
7775 0 8208
7775 0 8218
7775 0 10325
7776 0 8223
7776 0 8307
7776 0 9501
7776 0 9505
7777 0 8261
7777 0 8289
7777 0 9038
7777 0 9557
7778 0 8223
7778 0 8307
7778 0 10052
7779 0 8208
7779 0 8308
7779 0 10027
7780 0 8223
7780 0 8339
7780 0 10401
7781 0 8223
7781 0 8339
7781 0 9896
7782 0 8226
7782 0 8270
7783 0 8277
7783 0 8288
7783 0 9722
7783 0 10027
7784 0 8223
7784 0 8278
7784 0 8468
7785 0 8223
7785 0 8339
7785 0 8693
7785 0 9338
7786 0 8246
7786 0 8295
7786 0 9346
7787 0 8225
7787 0 8248
7787 0 10201
7788 0 8223
7788 0 8307
7788 0 9784
7788 0 9896
7789 0 8223
7789 0 8224
7790 0 8261
7790 0 8285
7791 0 8208
7791 0 8290
7791 0 8436
7792 0 8261
7792 0 8262
7793 0 8223
7793 0 8339
7794 0 8208
7794 0 8231
7794 0 8444
7795 0 8210
7795 0 8295
7796 0 8223
7796 0 8339
7796 0 8399
7796 0 8640
7797 0 8223
7797 0 8307
7797 0 9505
7798 0 8208
7798 0 8308
7798 0 8422
7798 0 8423
7799 0 8277
7799 0 8288
7800 0 8208
7800 0 8233
7801 0 8220
7801 0 8338
7802 0 8223
7802 0 8339
7802 0 10497
7803 0 8270
7803 0 8320
7803 0 10202
7804 0 8223
7804 0 8339
7804 0 8478
7805 0 8261
7805 0 8262
7805 0 10197
7806 0 8261
7806 0 8262
7806 0 9365
7806 0 9700
7807 0 8223
7807 0 8307
7808 0 8227
7808 0 8299
7809 0 8261
7809 0 8292
7809 0 10325
7810 0 8275
7810 0 8295
7810 0 9684
7811 0 8226
7811 0 8270
7811 0 8412
7811 0 8416
7812 0 8270
7812 0 8320
7812 0 9167
7813 0 8215
7813 0 8270
7813 0 8867
7813 0 8870
7814 0 8261
7814 0 8292
7814 0 9490
7815 0 8208
7815 0 8231
7815 0 8776
7816 0 8208
7816 0 8218
7817 0 8208
7817 0 8231
7818 0 8223
7818 0 8307
7818 0 8850
7818 0 9842
7819 0 8328
7819 0 8329
7819 0 10405
7820 0 8223
7820 0 8307
7820 0 8846
7821 0 8270
7821 0 8304
7822 0 8208
7822 0 8231
7822 0 9614
7823 0 8223
7823 0 8278
7823 0 8792
7823 0 9404
7824 0 8226
7824 0 8270
7824 0 8725
7825 0 8208
7825 0 8233
7825 0 9090
7826 0 8223
7826 0 8339
7826 0 10510
7827 0 8210
7827 0 8295
7828 0 8210
7828 0 8295
7828 0 9605
7829 0 8270
7829 0 8335
7829 0 9444
7829 0 9719
7830 0 8208
7830 0 8231
7830 0 9208
7831 0 8223
7831 0 8278
7832 0 8223
7832 0 8278
7833 0 8208
7833 0 8231
7834 0 8220
7834 0 8244
7835 0 8223
7835 0 8307
7835 0 10052
7835 0 10273
7836 0 8223
7836 0 8278
7836 0 9744
7836 0 10078
7837 0 8261
7837 0 8289
7837 0 9607
7838 0 8219
7838 0 8223
7838 0 8972
7839 0 8223
7839 0 8339
7839 0 10510
7840 0 8299
7840 0 8336
7840 0 10450
7840 0 10451
7841 0 8223
7841 0 8224
7841 0 9284
7842 0 8208
7842 0 8250
7842 0 9433
7842 0 9464
7843 0 8277
7843 0 8288
7843 0 9706
7843 0 10471
7844 0 8223
7844 0 8224
7844 0 9032
7844 0 9284
7845 0 8257
7845 0 8281
7845 0 9536
7845 0 9779
7846 0 8208
7846 0 8292
7846 0 8627
7847 0 8281
7847 0 8305
7847 0 8385
7847 0 8751
7848 0 8261
7848 0 8292
7848 0 9656
7848 0 9822
7849 0 8208
7849 0 8218
7849 0 8877
7849 0 10492
7850 0 8223
7850 0 8278
7850 0 9744
7851 0 8234
7851 0 8248
7852 0 8261
7852 0 8292
7853 0 8208
7853 0 8308
7853 0 8423
7853 0 10170
7854 0 8261
7854 0 8292
7854 0 9034
7855 0 8223
7855 0 8339
7855 0 9326
7855 0 10421
7856 0 8223
7856 0 8339
7856 0 9503
7857 0 8223
7857 0 8307
7857 0 9502
7858 0 8261
7858 0 8292
7858 0 8784
7858 0 9861
7859 0 8230
7859 0 8266
7860 0 8208
7860 0 8250
7861 0 8261
7861 0 8262
7861 0 9219
7861 0 10277
7862 0 8281
7862 0 8282
7862 0 9779
7862 0 10198
7863 0 8223
7863 0 8339
7864 0 8257
7864 0 8281
7864 0 9204
7864 0 9335
7865 0 8261
7865 0 8285
7865 0 8925
7865 0 9607
7866 0 8261
7866 0 8262
7866 0 8500
7867 0 8208
7867 0 8218
7867 0 8488
7867 0 8505
7868 0 8208
7868 0 8218
7868 0 8955
7868 0 8964
7869 0 8288
7869 0 8316
7870 0 8247
7870 0 8261
7870 0 10412
7871 0 8261
7871 0 8262
7871 0 8543
7871 0 8833
7872 0 8223
7872 0 8238
7872 0 9074
7872 0 9582
7873 0 8261
7873 0 8285
7873 0 10307
7874 0 8223
7874 0 8278
7875 0 8261
7875 0 8285
7875 0 10175
7875 0 10517
7876 0 8270
7876 0 8320
7877 0 8223
7877 0 8307
7877 0 10163
7878 0 8223
7878 0 8339
7878 0 9342
7878 0 10504
7879 0 8281
7879 0 8282
7880 0 8281
7880 0 8282
7880 0 8830
7880 0 9089
7881 0 8261
7881 0 8292
7882 0 8220
7882 0 8338
7882 0 8403
7883 0 8223
7883 0 8339
7883 0 9486
7883 0 9488
7884 0 8223
7884 0 8238
7884 0 9258
7884 0 9432
7885 0 8240
7885 0 8248
7886 0 8223
7886 0 8228
7886 0 9645
7887 0 8223
7887 0 8307
7887 0 10052
7888 0 8223
7888 0 8307
7889 0 8196
7889 0 8220
7889 0 8349
7889 0 9247
7890 0 8223
7890 0 8339
7890 0 8693
7890 0 9338
7891 0 8261
7891 0 8285
7891 0 10517
7892 0 8223
7892 0 8278
7892 0 8477
7893 0 8281
7893 0 8305
7894 0 8270
7894 0 8320
7895 0 8261
7895 0 8285
7895 0 9527
7895 0 9607
7896 0 8295
7896 0 8327
7897 0 8261
7897 0 8289
7897 0 9607
7897 0 10191
7898 0 8261
7898 0 8289
7898 0 9642
7899 0 8208
7899 0 8231
7900 0 8223
7900 0 8339
7900 0 9503
7900 0 10019
7901 0 8223
7901 0 8339
7901 0 8477
7902 0 8223
7902 0 8278
7902 0 10078
7902 0 10079
7903 0 8295
7903 0 8306
7903 0 10367
7903 0 10368
7904 0 8270
7904 0 8320
7904 0 9167
7905 0 8220
7905 0 8338
7905 0 8693
7905 0 9338
7906 0 8261
7906 0 8262
7906 0 9459
7906 0 10351
7907 0 8295
7907 0 8306
7907 0 9758
7908 0 8226
7908 0 8270
7908 0 9014
7909 0 8223
7909 0 8307
7909 0 9567
7910 0 8208
7910 0 8231
7910 0 9430
7910 0 9916
7911 0 8223
7911 0 8307
7912 0 8223
7912 0 8339
7912 0 10275
7912 0 10276
7913 0 8197
7913 0 8253
7913 0 10576
7913 0 10261
7914 0 8220
7914 0 8244
7915 0 8277
7915 0 8288
7916 0 8223
7916 0 8307
7916 0 9839
7916 0 10052
7917 0 8223
7917 0 8339
7917 0 10082
7917 0 10080
7918 0 8299
7918 0 8336
7918 0 8404
7919 0 8261
7919 0 8292
7919 0 8444
7919 0 8445
7920 0 8261
7920 0 8292
7920 0 8362
7920 0 9563
7921 0 8223
7921 0 8238
7921 0 8714
7921 0 9261
7922 0 8199
7922 0 8270
7923 0 8223
7923 0 8278
7923 0 8512
7923 0 8513
7924 0 8220
7924 0 8338
7924 0 8693
7924 0 9338
7925 0 8223
7925 0 8339
7925 0 9503
7926 0 8223
7926 0 8307
7926 0 9338
7926 0 9340
7927 0 8215
7927 0 8270
7927 0 9349
7928 0 8208
7928 0 8214
7929 0 8295
7929 0 8297
7930 0 8223
7930 0 8339
7930 0 8640
7931 0 8261
7931 0 8262
7931 0 9708
7932 0 8234
7932 0 8248
7933 0 8208
7933 0 8218
7934 0 8220
7934 0 8292
7934 0 8537
7934 0 8994
7935 0 8208
7935 0 8250
7935 0 10339
7936 0 8207
7936 0 8270
7937 0 8208
7937 0 8231
7938 0 8261
7938 0 8292
7938 0 8457
7939 0 8295
7939 0 8296
7940 0 8223
7940 0 8339
7941 0 8261
7941 0 8292
7941 0 10275
7942 0 8208
7942 0 8269
7942 0 8665
7943 0 8280
7943 0 8295
7944 0 8223
7944 0 8307
7945 0 8208
7945 0 8214
7945 0 8632
7946 0 8223
7946 0 8339
7947 0 8277
7947 0 8288
7947 0 9713
7947 0 9956
7948 0 8208
7948 0 8233
7949 0 8223
7949 0 8339
7949 0 8478
7950 0 8220
7950 0 8338
7951 0 8299
7951 0 8301
7951 0 8403
7951 0 9947
7952 0 8208
7952 0 8250
7953 0 8261
7953 0 8285
7953 0 8839
7953 0 8849
7954 0 8277
7954 0 8288
7954 0 9713
7955 0 8220
7955 0 8338
7955 0 8640
7956 0 8223
7956 0 8339
7956 0 10542
7957 0 8261
7957 0 8262
7957 0 8690
7958 0 8223
7958 0 8339
7958 0 8627
7958 0 10253
7959 0 8257
7959 0 8281
7960 0 8270
7960 0 8320
7960 0 9167
7961 0 8261
7961 0 8292
7962 0 8270
7962 0 8320
7962 0 10234
7963 0 8223
7963 0 8238
7963 0 8346
7963 0 8348
7964 0 8292
7964 0 8328
7964 0 10405
7965 0 8292
7965 0 8328
7965 0 10405
7966 0 8292
7966 0 8328
7966 0 10405
7966 0 10450
7967 0 8261
7967 0 8262
7968 0 8223
7968 0 8238
7968 0 9257
7968 0 9260
7969 0 8240
7969 0 8248
7969 0 10200
7970 0 8223
7970 0 8339
7970 0 9896
7971 0 8216
7971 0 8295
7971 0 10295
7972 0 8246
7972 0 8295
7973 0 8223
7973 0 8339
7973 0 10542
7974 0 8223
7974 0 8339
7975 0 8223
7975 0 8339
7975 0 8354
7975 0 10105
7976 0 8226
7976 0 8270
7976 0 10561
7977 0 8223
7977 0 8339
7977 0 8353
7978 0 8223
7978 0 8278
7978 0 8512
7978 0 9404
7979 0 8223
7979 0 8307
7979 0 9784
7979 0 9896
7980 0 8208
7980 0 8218
7980 0 8617
7980 0 8950
7981 0 8277
7981 0 8288
7981 0 9713
7981 0 9956
7982 0 8248
7982 0 8276
7982 0 8429
7982 0 8798
7983 0 8223
7983 0 8278
7983 0 9404
7983 0 9607
7984 0 8208
7984 0 8250
7984 0 10216
7984 0 10405
7985 0 8208
7985 0 8250
7985 0 10339
7986 0 8261
7986 0 8262
7986 0 9542
7987 0 8223
7987 0 8278
7987 0 8467
7988 0 8270
7988 0 8335
7988 0 10460
7988 0 10561
7989 0 8281
7989 0 8305
7990 0 8208
7990 0 8254
7990 0 9697
7990 0 10107
7991 0 8261
7991 0 8289
7991 0 9727
7991 0 10531
7992 0 8223
7992 0 8323
7992 0 10179
7993 0 8223
7993 0 8278
7993 0 9405
7993 0 9744
7994 0 8261
7994 0 8262
7994 0 10142
7995 0 8219
7995 0 8223
7995 0 8941
7995 0 9774
7996 0 8261
7996 0 8262
7997 0 8208
7997 0 8233
7998 0 8277
7998 0 8288
7998 0 9713
7998 0 9715
7999 0 8197
7999 0 8272
8000 0 8196
8000 0 8220
8000 0 8390
8000 0 9769
8001 0 8223
8001 0 8322
8001 0 8950
8001 0 8968
8002 0 8220
8002 0 8338
8003 0 8248
8003 0 8287
8003 0 10088
8004 0 8270
8004 0 8320
8004 0 9167
8005 0 8208
8005 0 8308
8006 0 8208
8006 0 8231
8006 0 8819
8006 0 10084
8007 0 8223
8007 0 8278
8007 0 8512
8007 0 9404
8008 0 8223
8008 0 8278
8008 0 8467
8009 0 8208
8009 0 8233
8010 0 8261
8010 0 8262
8010 0 9714
8010 0 10533
8011 0 8270
8011 0 8317
8011 0 10173
8012 0 8223
8012 0 8339
8012 0 10159
8013 0 8223
8013 0 8339
8013 0 8693
8013 0 9338
8014 0 8223
8014 0 8322
8014 0 8361
8014 0 8362
8015 0 8213
8015 0 8299
8016 0 8223
8016 0 8339
8017 0 8223
8017 0 8307
8017 0 9896
8018 0 8223
8018 0 8339
8018 0 8872
8018 0 9003
8019 0 8208
8019 0 8250
8020 0 8223
8020 0 8339
8020 0 9096
8020 0 9341
8021 0 8208
8021 0 8273
8021 0 10561
8022 0 8223
8022 0 8307
8022 0 10275
8022 0 10553
8023 0 8208
8023 0 8218
8023 0 8505
8023 0 10163
8024 0 8223
8024 0 8224
8024 0 10345
8025 0 8277
8025 0 8288
8025 0 9713
8026 0 8223
8026 0 8339
8026 0 9340
8026 0 9339
8027 0 8223
8027 0 8339
8028 0 8261
8028 0 8285
8028 0 8467
8028 0 10327
8029 0 8223
8029 0 8307
8030 0 8261
8030 0 8292
8030 0 10127
8030 0 10132
8031 0 8295
8031 0 8297
8031 0 8616
8031 0 8649
8032 0 8223
8032 0 8339
8032 0 8508
8033 0 8247
8033 0 8261
8033 0 8820
8033 0 8821
8034 0 8220
8034 0 8244
8034 0 8537
8034 0 9052
8035 0 8223
8035 0 8339
8036 0 8223
8036 0 8323
8037 0 8223
8037 0 8339
8037 0 10078
8037 0 10462
8038 0 8223
8038 0 8339
8038 0 9338
8039 0 8275
8039 0 8295
8039 0 8538
8039 0 9685
8040 0 8223
8040 0 8307
8040 0 8697
8040 0 10019
8041 0 8208
8041 0 8308
8041 0 10023
8041 0 10024
8042 0 8247
8042 0 8261
8042 0 8994
8042 0 9597
8043 0 8277
8043 0 8288
8043 0 9719
8044 0 8220
8044 0 8222
8045 0 8208
8045 0 8218
8045 0 10052
8046 0 8223
8046 0 8339
8047 0 8220
8047 0 8338
8047 0 8640
8048 0 8275
8048 0 8295
8048 0 9582
8049 0 8223
8049 0 8339
8049 0 9896
8050 0 8223
8050 0 8224
8051 0 8223
8051 0 8238
8051 0 10409
8052 0 8223
8052 0 8322
8052 0 8505
8053 0 8208
8053 0 8231
8053 0 9238
8054 0 8292
8054 0 8295
8055 0 8223
8055 0 8339
8055 0 8640
8056 0 8223
8056 0 8339
8056 0 8640
8057 0 8281
8057 0 8305
8057 0 8365
8058 0 8295
8058 0 8311
8058 0 9113
8059 0 8220
8059 0 8338
8059 0 10510
8060 0 8261
8060 0 8285
8060 0 9527
8060 0 9926
8061 0 8261
8061 0 8292
8061 0 9404
8061 0 10557
8062 0 8270
8062 0 8335
8063 0 8207
8063 0 8270
8063 0 10561
8064 0 8299
8064 0 8301
8064 0 8402
8065 0 8281
8065 0 8282
8065 0 9782
8066 0 8247
8066 0 8261
8066 0 8533
8066 0 8534
8067 0 8295
8067 0 8306
8068 0 8208
8068 0 8250
8069 0 8223
8069 0 8339
8069 0 8477
8070 0 8223
8070 0 8238
8070 0 10452
8070 0 10453
8071 0 8196
8071 0 8220
8071 0 8569
8071 0 8571
8072 0 8295
8072 0 8306
8072 0 9053
8072 0 9291
8073 0 8208
8073 0 8273
8073 0 10561
8074 0 8219
8074 0 8223
8074 0 10142
8074 0 10294
8075 0 8295
8075 0 8297
8075 0 8790
8076 0 8248
8076 0 8287
8077 0 8223
8077 0 8339
8077 0 8477
8078 0 8215
8078 0 8270
8078 0 8871
8078 0 9014
8079 0 8219
8079 0 8223
8079 0 9784
8080 0 8223
8080 0 8339
8080 0 8478
8081 0 8220
8081 0 8338
8081 0 9338
8081 0 9340
8082 0 8223
8082 0 8339
8083 0 8261
8083 0 8285
8084 0 8208
8084 0 8269
8085 0 8223
8085 0 8278
8085 0 9205
8086 0 8240
8086 0 8248
8086 0 9362
8086 0 9681
8087 0 8208
8087 0 8233
8087 0 9200
8087 0 9713
8088 0 8261
8088 0 8289
8089 0 8277
8089 0 8288
8089 0 8357
8090 0 8223
8090 0 8238
8091 0 8223
8091 0 8278
8091 0 9205
8092 0 8223
8092 0 8339
8093 0 8208
8093 0 8231
8093 0 8983
8093 0 10003
8094 0 8223
8094 0 8339
8094 0 9832
8095 0 8295
8095 0 8297
8096 0 8299
8096 0 8301
8096 0 9948
8097 0 8223
8097 0 8278
8097 0 9474
8097 0 9475
8098 0 8277
8098 0 8288
8098 0 9713
8099 0 8223
8099 0 8339
8100 0 8208
8100 0 8250
8100 0 8450
8100 0 9544
8101 0 8292
8101 0 8295
8101 0 9233
8102 0 8261
8102 0 8262
8102 0 8858
8102 0 9712
8103 0 8270
8103 0 8320
8103 0 9167
8103 0 9692
8104 0 8208
8104 0 8218
8104 0 8678
8104 0 8950
8105 0 8249
8105 0 8266
8105 0 9359
8105 0 9360
8106 0 8223
8106 0 8278
8106 0 8467
8107 0 8267
8107 0 8295
8108 0 8208
8108 0 8308
8108 0 8423
8109 0 8208
8109 0 8308
8109 0 8423
8110 0 8295
8110 0 8306
8111 0 8208
8111 0 8233
8111 0 9090
8111 0 9691
8112 0 8261
8112 0 8285
8112 0 8824
8112 0 8849
8113 0 8199
8113 0 8270
8113 0 9816
8114 0 8223
8114 0 8339
8114 0 9570
8115 0 8295
8115 0 8319
8116 0 8261
8116 0 8262
8117 0 8223
8117 0 8307
8117 0 10052
8118 0 8223
8118 0 8339
8119 0 8223
8119 0 8307
8119 0 10166
8120 0 8261
8120 0 8285
8120 0 9375
8120 0 10431
8121 0 8226
8121 0 8270
8122 0 8281
8122 0 8282
8122 0 8752
8122 0 8753
8123 0 8223
8123 0 8307
8123 0 8838
8123 0 9189
8124 0 8223
8124 0 8339
8124 0 8359
8125 0 8223
8125 0 8339
8125 0 8478
8125 0 10213
8126 0 8223
8126 0 8307
8127 0 8199
8127 0 8270
8128 0 8223
8128 0 8339
8128 0 9486
8129 0 8242
8129 0 8288
8129 0 8950
8130 0 8223
8130 0 8339
8130 0 8427
8130 0 9489
8131 0 8219
8131 0 8223
8131 0 8958
8131 0 8961
8132 0 8295
8132 0 8306
8133 0 8223
8133 0 8339
8133 0 10052
8134 0 8223
8134 0 8339
8134 0 8896
8134 0 8950
8135 0 8197
8135 0 8321
8136 0 8208
8136 0 8218
8136 0 9643
8136 0 9673
8137 0 8247
8137 0 8261
8137 0 9701
8137 0 9750
8138 0 8277
8138 0 8288
8139 0 8223
8139 0 8339
8139 0 9338
8139 0 9339
8140 0 8223
8140 0 8307
8140 0 8427
8140 0 9503
8141 0 8223
8141 0 8339
8141 0 9489
8141 0 9503
8142 0 8223
8142 0 8339
8142 0 8427
8143 0 8257
8143 0 8281
8143 0 8376
8143 0 8630
8144 0 8223
8144 0 8339
8145 0 8292
8145 0 8328
8145 0 10405
8146 0 8208
8146 0 8231
8147 0 8223
8147 0 8339
8147 0 9034
8148 0 8288
8148 0 8291
8148 0 9877
8148 0 10142
8149 0 8295
8149 0 8297
8149 0 8662
8149 0 9683
8150 0 8223
8150 0 8322
8151 0 8295
8151 0 8306
8152 0 8219
8152 0 8223
8152 0 8970
8152 0 9723
8153 0 8223
8153 0 8339
8154 0 8208
8154 0 8214
8154 0 8946
8154 0 9523
8155 0 8208
8155 0 8214
8155 0 10405
8156 0 8223
8156 0 8339
8156 0 10577
8157 0 8223
8157 0 8339
8158 0 8277
8158 0 8288
8158 0 9713
8159 0 8198
8159 0 8270
8159 0 9167
8159 0 9692
8160 0 8270
8160 0 8335
8160 0 9167
8161 0 8223
8161 0 8307
8161 0 8693
8161 0 8694
8162 0 8223
8162 0 8307
8162 0 8737
8163 0 8223
8163 0 8339
8164 0 8208
8164 0 8218
8164 0 10325
8165 0 8210
8165 0 8295
8165 0 9866
8166 0 8208
8166 0 8231
8166 0 10202
8167 0 8270
8167 0 8335
8168 0 8226
8168 0 8270
8169 0 8223
8169 0 8228
8169 0 10202
8170 0 8220
8170 0 8222
8170 0 8395
8171 0 8208
8171 0 8218
8171 0 8497
8171 0 9378
8172 0 8223
8172 0 8339
8172 0 9338
8172 0 9486
8173 0 8208
8173 0 8218
8173 0 10471
8174 0 8220
8174 0 8338
8174 0 10542
8175 0 8220
8175 0 8244
8175 0 9627
8176 0 8220
8176 0 8338
8177 0 8261
8177 0 8292
8177 0 8464
8177 0 8497
8178 0 8208
8178 0 8273
8179 0 8223
8179 0 8278
8179 0 9744
8179 0 10078
8180 0 8223
8180 0 8339
8181 0 8223
8181 0 8339
8181 0 8478
8181 0 10401
8182 0 8261
8182 0 8262
8182 0 8971
8182 0 10142
8183 0 8223
8183 0 8339
8183 0 8445
8183 0 8447
8184 0 8295
8184 0 8297
8185 0 8223
8185 0 8339
8185 0 8478
8185 0 10275
8186 0 8223
8186 0 8339
8186 0 8556
8187 0 8268
8187 0 8292
8187 0 8467
8187 0 8475
8188 0 8223
8188 0 8224
8188 0 9284
8189 0 8248
8189 0 8276
8190 0 8208
8190 0 8233
8190 0 10289
8190 0 10290
8191 0 8234
8191 0 8248
8191 0 8634
8192 0 8223
8192 0 8307
8192 0 8478
8192 0 10401
8193 0 8261
8193 0 8262
8194 0 8223
8194 0 8339
8194 0 10496
8195 0 8240
8195 0 8248
0 1 10605
0 1 10721
1 1 10581
1 1 10652
2 1 10605
2 1 10721
3 1 10590
3 1 10690
4 1 10602
4 1 10720
5 1 10605
5 1 10620
6 1 10605
6 1 10721
7 1 10648
7 1 10706
8 1 10643
8 1 10667
9 1 10602
9 1 10720
10 1 10605
10 1 10721
11 1 10605
11 1 10660
12 1 10592
12 1 10677
13 1 10629
13 1 10643
14 1 10643
14 1 10674
15 1 10652
15 1 10717
16 1 10638
16 1 10710
17 1 10590
17 1 10600
18 1 10643
18 1 10674
19 1 10605
19 1 10606
20 1 10637
20 1 10677
21 1 10677
21 1 10688
22 1 10586
22 1 10650
23 1 10605
23 1 10620
24 1 10590
24 1 10651
25 1 10605
25 1 10689
26 1 10605
26 1 10721
27 1 10643
27 1 10644
28 1 10643
28 1 10644
29 1 10643
29 1 10644
30 1 10590
30 1 10613
31 1 10602
31 1 10720
32 1 10605
32 1 10721
33 1 10677
33 1 10688
34 1 10602
34 1 10604
35 1 10643
35 1 10644
36 1 10605
36 1 10689
37 1 10605
37 1 10689
38 1 10605
38 1 10721
39 1 10602
39 1 10603
40 1 10605
40 1 10660
41 1 10605
41 1 10721
42 1 10643
42 1 10674
43 1 10590
43 1 10690
44 1 10677
44 1 10688
45 1 10643
45 1 10674
46 1 10643
46 1 10671
47 1 10659
47 1 10670
48 1 10590
48 1 10615
49 1 10578
49 1 10602
50 1 10590
50 1 10600
51 1 10605
51 1 10721
52 1 10581
52 1 10652
53 1 10605
53 1 10721
54 1 10590
54 1 10600
55 1 10590
55 1 10596
56 1 10643
56 1 10674
57 1 10643
57 1 10644
58 1 10677
58 1 10679
59 1 10650
59 1 10714
60 1 10612
60 1 10648
61 1 10605
61 1 10721
62 1 10602
62 1 10720
63 1 10590
63 1 10613
64 1 10578
64 1 10602
65 1 10677
65 1 10688
66 1 10643
66 1 10644
67 1 10629
67 1 10643
68 1 10674
68 1 10681
69 1 10605
69 1 10721
70 1 10602
70 1 10716
71 1 10605
71 1 10721
72 1 10677
72 1 10688
73 1 10605
73 1 10721
74 1 10663
74 1 10666
75 1 10643
75 1 10667
76 1 10602
76 1 10720
77 1 10605
77 1 10721
78 1 10590
78 1 10632
79 1 10605
79 1 10660
80 1 10605
80 1 10606
81 1 10643
81 1 10644
82 1 10590
82 1 10615
83 1 10605
83 1 10721
84 1 10590
84 1 10600
85 1 10643
85 1 10674
86 1 10605
86 1 10721
87 1 10652
87 1 10702
88 1 10602
88 1 10720
89 1 10608
89 1 10652
90 1 10590
90 1 10632
91 1 10605
91 1 10721
92 1 10605
92 1 10705
93 1 10645
93 1 10648
94 1 10602
94 1 10626
95 1 10657
95 1 10677
96 1 10605
96 1 10610
97 1 10648
97 1 10706
98 1 10677
98 1 10679
99 1 10643
99 1 10674
100 1 10605
100 1 10689
101 1 10710
101 1 10711
102 1 10605
102 1 10721
103 1 10597
103 1 10652
104 1 10677
104 1 10679
105 1 10643
105 1 10667
106 1 10612
106 1 10648
107 1 10602
107 1 10626
108 1 10590
108 1 10600
109 1 10652
109 1 10717
110 1 10605
110 1 10660
111 1 10643
111 1 10667
112 1 10605
112 1 10620
113 1 10605
113 1 10721
114 1 10608
114 1 10652
115 1 10643
115 1 10644
116 1 10605
116 1 10689
117 1 10590
117 1 10615
118 1 10605
118 1 10660
119 1 10605
119 1 10721
120 1 10630
120 1 10669
121 1 10605
121 1 10721
122 1 10663
122 1 10665
123 1 10710
123 1 10711
124 1 10590
124 1 10615
125 1 10605
125 1 10721
126 1 10605
126 1 10721
127 1 10677
127 1 10679
128 1 10605
128 1 10606
129 1 10590
129 1 10600
130 1 10652
130 1 10702
131 1 10605
131 1 10721
132 1 10652
132 1 10702
133 1 10628
133 1 10677
134 1 10605
134 1 10610
135 1 10643
135 1 10644
136 1 10605
136 1 10705
137 1 10643
137 1 10671
138 1 10663
138 1 10665
139 1 10630
139 1 10658
140 1 10605
140 1 10721
141 1 10605
141 1 10689
142 1 10605
142 1 10689
143 1 10628
143 1 10677
144 1 10637
144 1 10677
145 1 10605
145 1 10721
146 1 10643
146 1 10644
147 1 10605
147 1 10620
148 1 10710
148 1 10711
149 1 10605
149 1 10721
150 1 10657
150 1 10677
151 1 10612
151 1 10648
152 1 10590
152 1 10632
153 1 10643
153 1 10674
154 1 10643
154 1 10674
155 1 10605
155 1 10721
156 1 10590
156 1 10632
157 1 10670
157 1 10673
158 1 10605
158 1 10721
159 1 10605
159 1 10721
160 1 10602
160 1 10626
161 1 10643
161 1 10667
162 1 10602
162 1 10720
163 1 10605
163 1 10721
164 1 10663
164 1 10687
165 1 10590
165 1 10632
166 1 10590
166 1 10632
167 1 10605
167 1 10721
168 1 10590
168 1 10690
169 1 10605
169 1 10721
170 1 10605
170 1 10721
171 1 10590
171 1 10690
172 1 10590
172 1 10708
173 1 10643
173 1 10644
174 1 10590
174 1 10600
175 1 10605
175 1 10689
176 1 10605
176 1 10620
177 1 10652
177 1 10699
178 1 10605
178 1 10721
179 1 10643
179 1 10667
180 1 10602
180 1 10626
181 1 10681
181 1 10718
182 1 10652
182 1 10702
183 1 10605
183 1 10721
184 1 10605
184 1 10721
185 1 10652
185 1 10702
186 1 10630
186 1 10658
187 1 10605
187 1 10721
188 1 10649
188 1 10677
189 1 10710
189 1 10711
190 1 10590
190 1 10615
191 1 10605
191 1 10610
192 1 10643
192 1 10644
193 1 10622
193 1 10630
194 1 10601
194 1 10605
195 1 10605
195 1 10721
196 1 10590
196 1 10613
197 1 10590
197 1 10690
198 1 10659
198 1 10670
199 1 10605
199 1 10721
200 1 10623
200 1 10648
201 1 10605
201 1 10721
202 1 10629
202 1 10643
203 1 10643
203 1 10667
204 1 10605
204 1 10721
205 1 10590
205 1 10632
206 1 10677
206 1 10679
207 1 10710
207 1 10711
208 1 10605
208 1 10721
209 1 10677
209 1 10679
210 1 10605
210 1 10689
211 1 10643
211 1 10674
212 1 10643
212 1 10667
213 1 10605
213 1 10689
214 1 10677
214 1 10679
215 1 10605
215 1 10606
216 1 10605
216 1 10689
217 1 10602
217 1 10604
218 1 10643
218 1 10667
219 1 10659
219 1 10670
220 1 10643
220 1 10667
221 1 10602
221 1 10716
222 1 10605
222 1 10721
223 1 10605
223 1 10721
224 1 10652
224 1 10702
225 1 10605
225 1 10721
226 1 10643
226 1 10667
227 1 10605
227 1 10689
228 1 10605
228 1 10606
229 1 10639
229 1 10663
230 1 10586
230 1 10650
231 1 10590
231 1 10596
232 1 10605
232 1 10606
233 1 10590
233 1 10613
234 1 10590
234 1 10615
235 1 10605
235 1 10620
236 1 10605
236 1 10689
237 1 10643
237 1 10674
238 1 10590
238 1 10613
239 1 10643
239 1 10667
240 1 10677
240 1 10688
241 1 10677
241 1 10679
242 1 10605
242 1 10721
243 1 10605
243 1 10721
244 1 10590
244 1 10596
245 1 10605
245 1 10721
246 1 10681
246 1 10718
247 1 10590
247 1 10600
248 1 10605
248 1 10620
249 1 10643
249 1 10667
250 1 10674
250 1 10710
251 1 10663
251 1 10687
252 1 10629
252 1 10643
253 1 10710
253 1 10711
254 1 10590
254 1 10690
255 1 10659
255 1 10670
256 1 10677
256 1 10701
257 1 10605
257 1 10721
258 1 10677
258 1 10688
259 1 10602
259 1 10604
260 1 10612
260 1 10648
261 1 10590
261 1 10596
262 1 10643
262 1 10667
263 1 10609
263 1 10681
264 1 10602
264 1 10720
265 1 10602
265 1 10640
266 1 10605
266 1 10705
267 1 10605
267 1 10660
268 1 10605
268 1 10721
269 1 10605
269 1 10721
270 1 10609
270 1 10681
271 1 10608
271 1 10652
272 1 10652
272 1 10717
273 1 10608
273 1 10652
274 1 10605
274 1 10705
275 1 10677
275 1 10679
276 1 10590
276 1 10600
277 1 10605
277 1 10689
278 1 10630
278 1 10707
279 1 10605
279 1 10660
280 1 10605
280 1 10721
281 1 10590
281 1 10600
282 1 10605
282 1 10721
283 1 10580
283 1 10652
284 1 10652
284 1 10717
285 1 10605
285 1 10610
286 1 10652
286 1 10702
287 1 10643
287 1 10667
288 1 10605
288 1 10689
289 1 10630
289 1 10658
290 1 10605
290 1 10689
291 1 10601
291 1 10605
292 1 10643
292 1 10644
293 1 10643
293 1 10671
294 1 10648
294 1 10706
295 1 10659
295 1 10670
296 1 10586
296 1 10650
297 1 10643
297 1 10671
298 1 10605
298 1 10610
299 1 10630
299 1 10669
300 1 10602
300 1 10720
301 1 10657
301 1 10677
302 1 10605
302 1 10721
303 1 10605
303 1 10606
304 1 10590
304 1 10613
305 1 10590
305 1 10613
306 1 10602
306 1 10626
307 1 10590
307 1 10615
308 1 10590
308 1 10613
309 1 10652
309 1 10717
310 1 10590
310 1 10615
311 1 10590
311 1 10632
312 1 10677
312 1 10688
313 1 10608
313 1 10652
314 1 10681
314 1 10683
315 1 10590
315 1 10632
316 1 10605
316 1 10620
317 1 10643
317 1 10667
318 1 10648
318 1 10694
319 1 10602
319 1 10626
320 1 10602
320 1 10626
321 1 10643
321 1 10644
322 1 10605
322 1 10721
323 1 10579
323 1 10635
324 1 10579
324 1 10635
325 1 10579
325 1 10635
326 1 10652
326 1 10717
327 1 10602
327 1 10720
328 1 10590
328 1 10613
329 1 10578
329 1 10602
330 1 10605
330 1 10721
331 1 10605
331 1 10721
332 1 10643
332 1 10674
333 1 10602
333 1 10720
334 1 10605
334 1 10721
335 1 10643
335 1 10674
336 1 10605
336 1 10721
337 1 10605
337 1 10721
338 1 10605
338 1 10689
339 1 10590
339 1 10613
340 1 10590
340 1 10615
341 1 10605
341 1 10721
342 1 10590
342 1 10613
343 1 10643
343 1 10667
344 1 10590
344 1 10596
345 1 10652
345 1 10699
346 1 10601
346 1 10605
347 1 10605
347 1 10689
348 1 10605
348 1 10721
349 1 10590
349 1 10600
350 1 10677
350 1 10688
351 1 10605
351 1 10721
352 1 10681
352 1 10682
353 1 10652
353 1 10699
354 1 10643
354 1 10674
355 1 10629
355 1 10643
356 1 10650
356 1 10674
357 1 10674
357 1 10712
358 1 10605
358 1 10721
359 1 10659
359 1 10670
360 1 10590
360 1 10632
361 1 10643
361 1 10671
362 1 10590
362 1 10613
363 1 10643
363 1 10674
364 1 10605
364 1 10721
365 1 10652
365 1 10686
366 1 10605
366 1 10721
367 1 10579
367 1 10703
368 1 10605
368 1 10721
369 1 10605
369 1 10689
370 1 10589
370 1 10652
371 1 10662
371 1 10677
372 1 10605
372 1 10660
373 1 10652
373 1 10686
374 1 10630
374 1 10656
375 1 10605
375 1 10689
376 1 10590
376 1 10613
377 1 10681
377 1 10718
378 1 10643
378 1 10671
379 1 10590
379 1 10613
380 1 10677
380 1 10679
381 1 10602
381 1 10720
382 1 10590
382 1 10613
383 1 10617
383 1 10650
384 1 10590
384 1 10613
385 1 10605
385 1 10689
386 1 10602
386 1 10604
387 1 10677
387 1 10693
388 1 10590
388 1 10596
389 1 10643
389 1 10674
390 1 10710
390 1 10711
391 1 10605
391 1 10689
392 1 10643
392 1 10644
393 1 10652
393 1 10702
394 1 10602
394 1 10720
395 1 10601
395 1 10605
396 1 10605
396 1 10721
397 1 10710
397 1 10711
398 1 10605
398 1 10721
399 1 10590
399 1 10690
400 1 10590
400 1 10696
401 1 10659
401 1 10670
402 1 10643
402 1 10671
403 1 10605
403 1 10660
404 1 10630
404 1 10669
405 1 10605
405 1 10721
406 1 10605
406 1 10660
407 1 10663
407 1 10687
408 1 10605
408 1 10721
409 1 10652
409 1 10686
410 1 10605
410 1 10610
411 1 10605
411 1 10721
412 1 10590
412 1 10690
413 1 10586
413 1 10650
414 1 10605
414 1 10721
415 1 10623
415 1 10648
416 1 10663
416 1 10666
417 1 10662
417 1 10677
418 1 10605
418 1 10721
419 1 10652
419 1 10699
420 1 10592
420 1 10677
421 1 10590
421 1 10596
422 1 10602
422 1 10720
423 1 10643
423 1 10671
424 1 10601
424 1 10605
425 1 10602
425 1 10626
426 1 10628
426 1 10677
427 1 10637
427 1 10677
428 1 10710
428 1 10711
429 1 10605
429 1 10689
430 1 10590
430 1 10613
431 1 10605
431 1 10689
432 1 10602
432 1 10716
433 1 10602
433 1 10716
434 1 10602
434 1 10626
435 1 10590
435 1 10615
436 1 10605
436 1 10660
437 1 10605
437 1 10660
438 1 10605
438 1 10606
439 1 10590
439 1 10655
440 1 10590
440 1 10615
441 1 10612
441 1 10648
442 1 10605
442 1 10721
443 1 10586
443 1 10650
444 1 10590
444 1 10651
445 1 10605
445 1 10660
446 1 10605
446 1 10620
447 1 10605
447 1 10689
448 1 10579
448 1 10654
449 1 10578
449 1 10602
450 1 10659
450 1 10670
451 1 10652
451 1 10717
452 1 10605
452 1 10721
453 1 10652
453 1 10699
454 1 10602
454 1 10619
455 1 10590
455 1 10596
456 1 10602
456 1 10720
457 1 10602
457 1 10604
458 1 10605
458 1 10721
459 1 10602
459 1 10720
460 1 10677
460 1 10688
461 1 10601
461 1 10605
462 1 10605
462 1 10704
463 1 10605
463 1 10721
464 1 10643
464 1 10674
465 1 10605
465 1 10721
466 1 10643
466 1 10644
467 1 10643
467 1 10674
468 1 10605
468 1 10721
469 1 10590
469 1 10596
470 1 10616
470 1 10630
471 1 10592
471 1 10677
472 1 10590
472 1 10696
473 1 10643
473 1 10674
474 1 10674
474 1 10712
475 1 10674
475 1 10712
476 1 10605
476 1 10721
477 1 10592
477 1 10677
478 1 10578
478 1 10602
479 1 10643
479 1 10674
480 1 10643
480 1 10674
481 1 10590
481 1 10613
482 1 10605
482 1 10721
483 1 10674
483 1 10677
484 1 10605
484 1 10721
485 1 10652
485 1 10653
486 1 10659
486 1 10670
487 1 10605
487 1 10660
488 1 10589
488 1 10652
489 1 10605
489 1 10721
490 1 10605
490 1 10689
491 1 10605
491 1 10721
492 1 10605
492 1 10689
493 1 10605
493 1 10721
494 1 10605
494 1 10721
495 1 10677
495 1 10693
496 1 10643
496 1 10644
497 1 10677
497 1 10679
498 1 10590
498 1 10600
499 1 10590
499 1 10615
500 1 10649
500 1 10677
501 1 10643
501 1 10644
502 1 10643
502 1 10644
503 1 10643
503 1 10667
504 1 10612
504 1 10648
505 1 10602
505 1 10604
506 1 10677
506 1 10679
507 1 10605
507 1 10704
508 1 10643
508 1 10674
509 1 10652
509 1 10686
510 1 10652
510 1 10699
511 1 10677
511 1 10688
512 1 10605
512 1 10721
513 1 10652
513 1 10717
514 1 10648
514 1 10706
515 1 10643
515 1 10674
516 1 10652
516 1 10699
517 1 10590
517 1 10613
518 1 10681
518 1 10718
519 1 10605
519 1 10606
520 1 10643
520 1 10667
521 1 10605
521 1 10721
522 1 10643
522 1 10674
523 1 10652
523 1 10702
524 1 10657
524 1 10677
525 1 10643
525 1 10671
526 1 10605
526 1 10689
527 1 10592
527 1 10677
528 1 10605
528 1 10721
529 1 10602
529 1 10626
530 1 10605
530 1 10689
531 1 10605
531 1 10660
532 1 10590
532 1 10613
533 1 10605
533 1 10620
534 1 10617
534 1 10650
535 1 10609
535 1 10681
536 1 10605
536 1 10689
537 1 10643
537 1 10671
538 1 10624
538 1 10670
539 1 10677
539 1 10693
540 1 10601
540 1 10605
541 1 10605
541 1 10721
542 1 10652
542 1 10717
543 1 10652
543 1 10702
544 1 10590
544 1 10615
545 1 10629
545 1 10643
546 1 10627
546 1 10652
547 1 10643
547 1 10674
548 1 10605
548 1 10721
549 1 10659
549 1 10670
550 1 10677
550 1 10678
551 1 10659
551 1 10670
552 1 10630
552 1 10658
553 1 10590
553 1 10613
554 1 10590
554 1 10632
555 1 10590
555 1 10690
556 1 10643
556 1 10644
557 1 10643
557 1 10674
558 1 10643
558 1 10674
559 1 10710
559 1 10711
560 1 10605
560 1 10721
561 1 10605
561 1 10721
562 1 10590
562 1 10636
563 1 10590
563 1 10674
564 1 10605
564 1 10689
565 1 10590
565 1 10651
566 1 10622
566 1 10630
567 1 10643
567 1 10667
568 1 10677
568 1 10678
569 1 10605
569 1 10620
570 1 10670
570 1 10698
571 1 10602
571 1 10626
572 1 10605
572 1 10721
573 1 10602
573 1 10674
574 1 10670
574 1 10673
575 1 10643
575 1 10671
576 1 10643
576 1 10674
577 1 10590
577 1 10596
578 1 10605
578 1 10660
579 1 10659
579 1 10670
580 1 10652
580 1 10699
581 1 10659
581 1 10670
582 1 10578
582 1 10602
583 1 10652
583 1 10702
584 1 10652
584 1 10717
585 1 10677
585 1 10679
586 1 10602
586 1 10626
587 1 10650
587 1 10674
588 1 10657
588 1 10677
589 1 10652
589 1 10717
590 1 10602
590 1 10720
591 1 10652
591 1 10653
592 1 10677
592 1 10678
593 1 10643
593 1 10667
594 1 10643
594 1 10644
595 1 10616
595 1 10630
596 1 10605
596 1 10704
597 1 10605
597 1 10721
598 1 10590
598 1 10632
599 1 10605
599 1 10721
600 1 10605
600 1 10721
601 1 10578
601 1 10602
602 1 10602
602 1 10720
603 1 10612
603 1 10648
604 1 10605
604 1 10721
605 1 10590
605 1 10632
606 1 10592
606 1 10677
607 1 10605
607 1 10660
608 1 10643
608 1 10644
609 1 10643
609 1 10644
610 1 10605
610 1 10721
611 1 10639
611 1 10663
612 1 10605
612 1 10689
613 1 10652
613 1 10702
614 1 10608
614 1 10652
615 1 10605
615 1 10689
616 1 10643
616 1 10674
617 1 10602
617 1 10626
618 1 10605
618 1 10721
619 1 10605
619 1 10660
620 1 10659
620 1 10670
621 1 10649
621 1 10677
622 1 10590
622 1 10632
623 1 10657
623 1 10677
624 1 10643
624 1 10674
625 1 10605
625 1 10721
626 1 10652
626 1 10699
627 1 10643
627 1 10671
628 1 10605
628 1 10721
629 1 10601
629 1 10605
630 1 10590
630 1 10615
631 1 10578
631 1 10602
632 1 10590
632 1 10690
633 1 10605
633 1 10721
634 1 10605
634 1 10721
635 1 10602
635 1 10720
636 1 10605
636 1 10721
637 1 10602
637 1 10619
638 1 10605
638 1 10721
639 1 10643
639 1 10667
640 1 10605
640 1 10689
641 1 10605
641 1 10620
642 1 10681
642 1 10718
643 1 10590
643 1 10632
644 1 10643
644 1 10674
645 1 10605
645 1 10721
646 1 10605
646 1 10620
647 1 10643
647 1 10674
648 1 10590
648 1 10613
649 1 10605
649 1 10721
650 1 10590
650 1 10632
651 1 10605
651 1 10721
652 1 10605
652 1 10721
653 1 10602
653 1 10720
654 1 10590
654 1 10596
655 1 10677
655 1 10693
656 1 10605
656 1 10704
657 1 10663
657 1 10687
658 1 10605
658 1 10689
659 1 10605
659 1 10689
660 1 10605
660 1 10721
661 1 10643
661 1 10644
662 1 10605
662 1 10721
663 1 10605
663 1 10721
664 1 10580
664 1 10652
665 1 10677
665 1 10688
666 1 10590
666 1 10600
667 1 10639
667 1 10663
668 1 10605
668 1 10689
669 1 10605
669 1 10721
670 1 10662
670 1 10677
671 1 10602
671 1 10720
672 1 10602
672 1 10720
673 1 10605
673 1 10689
674 1 10643
674 1 10667
675 1 10605
675 1 10721
676 1 10605
676 1 10689
677 1 10643
677 1 10674
678 1 10602
678 1 10626
679 1 10590
679 1 10655
680 1 10630
680 1 10658
681 1 10643
681 1 10667
682 1 10652
682 1 10702
683 1 10643
683 1 10667
684 1 10677
684 1 10709
685 1 10608
685 1 10652
686 1 10605
686 1 10689
687 1 10590
687 1 10690
688 1 10605
688 1 10606
689 1 10652
689 1 10702
690 1 10643
690 1 10644
691 1 10578
691 1 10602
692 1 10602
692 1 10626
693 1 10602
693 1 10674
694 1 10605
694 1 10606
695 1 10643
695 1 10667
696 1 10605
696 1 10704
697 1 10605
697 1 10689
698 1 10605
698 1 10606
699 1 10605
699 1 10721
700 1 10605
700 1 10721
701 1 10590
701 1 10600
702 1 10602
702 1 10720
703 1 10605
703 1 10721
704 1 10590
704 1 10600
705 1 10590
705 1 10600
706 1 10652
706 1 10702
707 1 10648
707 1 10674
708 1 10605
708 1 10660
709 1 10643
709 1 10674
710 1 10659
710 1 10670
711 1 10674
711 1 10710
712 1 10674
712 1 10677
713 1 10643
713 1 10674
714 1 10605
714 1 10721
715 1 10659
715 1 10670
716 1 10605
716 1 10620
717 1 10670
717 1 10674
718 1 10659
718 1 10670
719 1 10643
719 1 10667
720 1 10605
720 1 10721
721 1 10590
721 1 10600
722 1 10579
722 1 10635
723 1 10605
723 1 10721
724 1 10643
724 1 10674
725 1 10605
725 1 10689
726 1 10590
726 1 10596
727 1 10605
727 1 10606
728 1 10605
728 1 10721
729 1 10643
729 1 10667
730 1 10643
730 1 10674
731 1 10605
731 1 10689
732 1 10605
732 1 10721
733 1 10579
733 1 10654
734 1 10677
734 1 10688
735 1 10608
735 1 10652
736 1 10643
736 1 10644
737 1 10677
737 1 10679
738 1 10608
738 1 10652
739 1 10643
739 1 10667
740 1 10605
740 1 10721
741 1 10597
741 1 10652
742 1 10590
742 1 10632
743 1 10597
743 1 10652
744 1 10643
744 1 10667
745 1 10630
745 1 10658
746 1 10605
746 1 10620
747 1 10605
747 1 10704
748 1 10602
748 1 10604
749 1 10605
749 1 10660
750 1 10652
750 1 10653
751 1 10643
751 1 10667
752 1 10605
752 1 10689
753 1 10612
753 1 10648
754 1 10643
754 1 10674
755 1 10605
755 1 10689
756 1 10605
756 1 10705
757 1 10639
757 1 10663
758 1 10605
758 1 10689
759 1 10602
759 1 10626
760 1 10608
760 1 10652
761 1 10643
761 1 10674
762 1 10659
762 1 10670
763 1 10659
763 1 10670
764 1 10652
764 1 10699
765 1 10659
765 1 10670
766 1 10659
766 1 10670
767 1 10659
767 1 10670
768 1 10592
768 1 10677
769 1 10643
769 1 10667
770 1 10643
770 1 10667
771 1 10605
771 1 10721
772 1 10605
772 1 10721
773 1 10605
773 1 10721
774 1 10643
774 1 10674
775 1 10581
775 1 10652
776 1 10649
776 1 10677
777 1 10592
777 1 10677
778 1 10605
778 1 10620
779 1 10605
779 1 10721
780 1 10643
780 1 10644
781 1 10602
781 1 10674
782 1 10605
782 1 10689
783 1 10643
783 1 10674
784 1 10643
784 1 10667
785 1 10601
785 1 10605
786 1 10605
786 1 10689
787 1 10659
787 1 10670
788 1 10612
788 1 10648
789 1 10590
789 1 10600
790 1 10579
790 1 10654
791 1 10643
791 1 10644
792 1 10605
792 1 10606
793 1 10605
793 1 10689
794 1 10605
794 1 10660
795 1 10643
795 1 10667
796 1 10652
796 1 10702
797 1 10605
797 1 10689
798 1 10647
798 1 10681
799 1 10643
799 1 10674
800 1 10605
800 1 10721
801 1 10605
801 1 10721
802 1 10584
802 1 10648
803 1 10605
803 1 10620
804 1 10605
804 1 10721
805 1 10677
805 1 10679
806 1 10643
806 1 10667
807 1 10590
807 1 10600
808 1 10677
808 1 10693
809 1 10605
809 1 10704
810 1 10643
810 1 10674
811 1 10605
811 1 10689
812 1 10612
812 1 10648
813 1 10674
813 1 10677
814 1 10605
814 1 10721
815 1 10605
815 1 10606
816 1 10643
816 1 10674
817 1 10580
817 1 10652
818 1 10605
818 1 10721
819 1 10581
819 1 10652
820 1 10677
820 1 10679
821 1 10605
821 1 10721
822 1 10652
822 1 10653
823 1 10605
823 1 10689
824 1 10605
824 1 10689
825 1 10605
825 1 10704
826 1 10630
826 1 10658
827 1 10677
827 1 10693
828 1 10605
828 1 10721
829 1 10581
829 1 10652
830 1 10605
830 1 10660
831 1 10602
831 1 10626
832 1 10605
832 1 10721
833 1 10605
833 1 10660
834 1 10643
834 1 10674
835 1 10652
835 1 10653
836 1 10590
836 1 10690
837 1 10605
837 1 10689
838 1 10652
838 1 10699
839 1 10677
839 1 10679
840 1 10630
840 1 10658
841 1 10605
841 1 10721
842 1 10601
842 1 10605
843 1 10652
843 1 10699
844 1 10605
844 1 10721
845 1 10605
845 1 10721
846 1 10643
846 1 10674
847 1 10663
847 1 10664
848 1 10581
848 1 10652
849 1 10579
849 1 10635
850 1 10605
850 1 10689
851 1 10605
851 1 10660
852 1 10605
852 1 10689
853 1 10579
853 1 10654
854 1 10590
854 1 10615
855 1 10605
855 1 10606
856 1 10643
856 1 10674
857 1 10605
857 1 10721
858 1 10643
858 1 10667
859 1 10659
859 1 10670
860 1 10643
860 1 10674
861 1 10605
861 1 10721
862 1 10590
862 1 10690
863 1 10659
863 1 10670
864 1 10643
864 1 10674
865 1 10677
865 1 10688
866 1 10630
866 1 10669
867 1 10652
867 1 10702
868 1 10590
868 1 10600
869 1 10652
869 1 10702
870 1 10643
870 1 10671
871 1 10643
871 1 10644
872 1 10602
872 1 10720
873 1 10605
873 1 10704
874 1 10590
874 1 10690
875 1 10590
875 1 10613
876 1 10677
876 1 10679
877 1 10590
877 1 10613
878 1 10590
878 1 10600
879 1 10605
879 1 10689
880 1 10580
880 1 10652
881 1 10677
881 1 10678
882 1 10605
882 1 10721
883 1 10590
883 1 10651
884 1 10590
884 1 10615
885 1 10652
885 1 10702
886 1 10605
886 1 10721
887 1 10605
887 1 10689
888 1 10643
888 1 10674
889 1 10643
889 1 10667
890 1 10605
890 1 10721
891 1 10605
891 1 10620
892 1 10602
892 1 10720
893 1 10605
893 1 10704
894 1 10590
894 1 10655
895 1 10590
895 1 10632
896 1 10602
896 1 10626
897 1 10605
897 1 10721
898 1 10677
898 1 10679
899 1 10605
899 1 10660
900 1 10590
900 1 10596
901 1 10677
901 1 10679
902 1 10677
902 1 10679
903 1 10677
903 1 10679
904 1 10605
904 1 10721
905 1 10605
905 1 10721
906 1 10590
906 1 10672
907 1 10710
907 1 10711
908 1 10677
908 1 10678
909 1 10605
909 1 10721
910 1 10602
910 1 10720
911 1 10643
911 1 10644
912 1 10605
912 1 10704
913 1 10590
913 1 10613
914 1 10590
914 1 10708
915 1 10590
915 1 10615
916 1 10643
916 1 10671
917 1 10643
917 1 10674
918 1 10605
918 1 10620
919 1 10643
919 1 10667
920 1 10605
920 1 10660
921 1 10643
921 1 10644
922 1 10598
922 1 10677
923 1 10579
923 1 10654
924 1 10652
924 1 10699
925 1 10590
925 1 10690
926 1 10657
926 1 10677
927 1 10590
927 1 10596
928 1 10643
928 1 10667
929 1 10677
929 1 10679
930 1 10629
930 1 10643
931 1 10602
931 1 10720
932 1 10579
932 1 10635
933 1 10590
933 1 10613
934 1 10608
934 1 10652
935 1 10605
935 1 10610
936 1 10605
936 1 10721
937 1 10643
937 1 10674
938 1 10637
938 1 10677
939 1 10643
939 1 10644
940 1 10578
940 1 10602
941 1 10663
941 1 10674
942 1 10602
942 1 10674
943 1 10578
943 1 10602
944 1 10578
944 1 10602
945 1 10590
945 1 10632
946 1 10650
946 1 10674
947 1 10605
947 1 10721
948 1 10590
948 1 10708
949 1 10629
949 1 10643
950 1 10598
950 1 10677
951 1 10578
951 1 10602
952 1 10630
952 1 10656
953 1 10630
953 1 10658
954 1 10579
954 1 10654
955 1 10605
955 1 10610
956 1 10710
956 1 10711
957 1 10605
957 1 10704
958 1 10677
958 1 10688
959 1 10605
959 1 10689
960 1 10643
960 1 10644
961 1 10629
961 1 10643
962 1 10629
962 1 10643
963 1 10605
963 1 10721
964 1 10605
964 1 10660
965 1 10643
965 1 10674
966 1 10605
966 1 10660
967 1 10643
967 1 10667
968 1 10605
968 1 10721
969 1 10605
969 1 10721
970 1 10605
970 1 10721
971 1 10643
971 1 10667
972 1 10602
972 1 10626
973 1 10602
973 1 10716
974 1 10652
974 1 10702
975 1 10590
975 1 10613
976 1 10652
976 1 10702
977 1 10590
977 1 10613
978 1 10670
978 1 10673
979 1 10590
979 1 10615
980 1 10637
980 1 10677
981 1 10630
981 1 10656
982 1 10643
982 1 10667
983 1 10647
983 1 10681
984 1 10605
984 1 10620
985 1 10590
985 1 10690
986 1 10609
986 1 10681
987 1 10605
987 1 10689
988 1 10579
988 1 10654
989 1 10643
989 1 10674
990 1 10677
990 1 10679
991 1 10605
991 1 10721
992 1 10605
992 1 10606
993 1 10643
993 1 10644
994 1 10643
994 1 10674
995 1 10605
995 1 10689
996 1 10652
996 1 10699
997 1 10605
997 1 10660
998 1 10608
998 1 10652
999 1 10677
999 1 10693
1000 1 10605
1000 1 10620
1001 1 10605
1001 1 10721
1002 1 10579
1002 1 10703
1003 1 10643
1003 1 10667
1004 1 10609
1004 1 10681
1005 1 10579
1005 1 10654
1006 1 10590
1006 1 10600
1007 1 10580
1007 1 10652
1008 1 10677
1008 1 10679
1009 1 10605
1009 1 10721
1010 1 10643
1010 1 10644
1011 1 10643
1011 1 10667
1012 1 10590
1012 1 10613
1013 1 10605
1013 1 10689
1014 1 10605
1014 1 10721
1015 1 10643
1015 1 10671
1016 1 10616
1016 1 10630
1017 1 10677
1017 1 10679
1018 1 10612
1018 1 10648
1019 1 10605
1019 1 10620
1020 1 10677
1020 1 10693
1021 1 10659
1021 1 10670
1022 1 10605
1022 1 10721
1023 1 10605
1023 1 10721
1024 1 10643
1024 1 10674
1025 1 10643
1025 1 10667
1026 1 10590
1026 1 10613
1027 1 10629
1027 1 10643
1028 1 10643
1028 1 10644
1029 1 10590
1029 1 10613
1030 1 10579
1030 1 10654
1031 1 10612
1031 1 10648
1032 1 10605
1032 1 10721
1033 1 10605
1033 1 10721
1034 1 10590
1034 1 10613
1035 1 10677
1035 1 10693
1036 1 10652
1036 1 10702
1037 1 10630
1037 1 10658
1038 1 10643
1038 1 10674
1039 1 10622
1039 1 10630
1040 1 10605
1040 1 10721
1041 1 10605
1041 1 10721
1042 1 10605
1042 1 10721
1043 1 10605
1043 1 10721
1044 1 10605
1044 1 10660
1045 1 10590
1045 1 10632
1046 1 10663
1046 1 10719
1047 1 10590
1047 1 10600
1048 1 10602
1048 1 10716
1049 1 10663
1049 1 10719
1050 1 10643
1050 1 10674
1051 1 10637
1051 1 10677
1052 1 10605
1052 1 10721
1053 1 10590
1053 1 10632
1054 1 10650
1054 1 10714
1055 1 10652
1055 1 10699
1056 1 10643
1056 1 10667
1057 1 10605
1057 1 10620
1058 1 10643
1058 1 10644
1059 1 10605
1059 1 10620
1060 1 10605
1060 1 10721
1061 1 10602
1061 1 10720
1062 1 10601
1062 1 10605
1063 1 10605
1063 1 10606
1064 1 10643
1064 1 10667
1065 1 10605
1065 1 10660
1066 1 10581
1066 1 10652
1067 1 10605
1067 1 10721
1068 1 10630
1068 1 10723
1069 1 10677
1069 1 10679
1070 1 10605
1070 1 10721
1071 1 10652
1071 1 10717
1072 1 10590
1072 1 10615
1073 1 10605
1073 1 10620
1074 1 10578
1074 1 10602
1075 1 10590
1075 1 10651
1076 1 10590
1076 1 10651
1077 1 10605
1077 1 10689
1078 1 10605
1078 1 10660
1079 1 10605
1079 1 10660
1080 1 10677
1080 1 10688
1081 1 10605
1081 1 10606
1082 1 10578
1082 1 10602
1083 1 10605
1083 1 10689
1084 1 10643
1084 1 10674
1085 1 10605
1085 1 10704
1086 1 10605
1086 1 10721
1087 1 10643
1087 1 10644
1088 1 10605
1088 1 10689
1089 1 10643
1089 1 10667
1090 1 10602
1090 1 10720
1091 1 10605
1091 1 10689
1092 1 10605
1092 1 10689
1093 1 10659
1093 1 10670
1094 1 10605
1094 1 10620
1095 1 10652
1095 1 10702
1096 1 10605
1096 1 10721
1097 1 10590
1097 1 10613
1098 1 10659
1098 1 10670
1099 1 10643
1099 1 10671
1100 1 10605
1100 1 10721
1101 1 10595
1101 1 10681
1102 1 10605
1102 1 10704
1103 1 10605
1103 1 10660
1104 1 10605
1104 1 10689
1105 1 10590
1105 1 10632
1106 1 10590
1106 1 10708
1107 1 10677
1107 1 10693
1108 1 10605
1108 1 10721
1109 1 10643
1109 1 10674
1110 1 10602
1110 1 10626
1111 1 10608
1111 1 10652
1112 1 10643
1112 1 10644
1113 1 10643
1113 1 10674
1114 1 10605
1114 1 10689
1115 1 10605
1115 1 10721
1116 1 10602
1116 1 10720
1117 1 10605
1117 1 10620
1118 1 10643
1118 1 10667
1119 1 10605
1119 1 10620
1120 1 10590
1120 1 10613
1121 1 10605
1121 1 10721
1122 1 10637
1122 1 10677
1123 1 10605
1123 1 10606
1124 1 10652
1124 1 10699
1125 1 10605
1125 1 10689
1126 1 10605
1126 1 10721
1127 1 10643
1127 1 10644
1128 1 10605
1128 1 10721
1129 1 10605
1129 1 10721
1130 1 10602
1130 1 10720
1131 1 10602
1131 1 10720
1132 1 10605
1132 1 10721
1133 1 10605
1133 1 10606
1134 1 10609
1134 1 10681
1135 1 10590
1135 1 10615
1136 1 10580
1136 1 10652
1137 1 10598
1137 1 10677
1138 1 10643
1138 1 10644
1139 1 10605
1139 1 10721
1140 1 10605
1140 1 10721
1141 1 10590
1141 1 10632
1142 1 10605
1142 1 10721
1143 1 10710
1143 1 10711
1144 1 10605
1144 1 10606
1145 1 10579
1145 1 10654
1146 1 10602
1146 1 10720
1147 1 10590
1147 1 10632
1148 1 10643
1148 1 10644
1149 1 10605
1149 1 10721
1150 1 10637
1150 1 10677
1151 1 10605
1151 1 10660
1152 1 10677
1152 1 10693
1153 1 10602
1153 1 10720
1154 1 10605
1154 1 10660
1155 1 10605
1155 1 10660
1156 1 10605
1156 1 10689
1157 1 10602
1157 1 10619
1158 1 10659
1158 1 10670
1159 1 10605
1159 1 10660
1160 1 10590
1160 1 10600
1161 1 10605
1161 1 10721
1162 1 10602
1162 1 10619
1163 1 10605
1163 1 10721
1164 1 10643
1164 1 10674
1165 1 10590
1165 1 10615
1166 1 10590
1166 1 10672
1167 1 10605
1167 1 10620
1168 1 10590
1168 1 10615
1169 1 10605
1169 1 10620
1170 1 10605
1170 1 10721
1171 1 10605
1171 1 10689
1172 1 10605
1172 1 10660
1173 1 10605
1173 1 10721
1174 1 10590
1174 1 10600
1175 1 10605
1175 1 10705
1176 1 10677
1176 1 10701
1177 1 10648
1177 1 10706
1178 1 10605
1178 1 10689
1179 1 10605
1179 1 10660
1180 1 10605
1180 1 10620
1181 1 10605
1181 1 10689
1182 1 10590
1182 1 10632
1183 1 10590
1183 1 10636
1184 1 10609
1184 1 10681
1185 1 10605
1185 1 10721
1186 1 10659
1186 1 10670
1187 1 10589
1187 1 10652
1188 1 10590
1188 1 10613
1189 1 10643
1189 1 10667
1190 1 10643
1190 1 10667
1191 1 10605
1191 1 10689
1192 1 10605
1192 1 10721
1193 1 10605
1193 1 10721
1194 1 10590
1194 1 10632
1195 1 10590
1195 1 10615
1196 1 10605
1196 1 10721
1197 1 10659
1197 1 10670
1198 1 10590
1198 1 10632
1199 1 10590
1199 1 10690
1200 1 10590
1200 1 10600
1201 1 10592
1201 1 10677
1202 1 10652
1202 1 10699
1203 1 10652
1203 1 10699
1204 1 10590
1204 1 10613
1205 1 10643
1205 1 10667
1206 1 10677
1206 1 10679
1207 1 10602
1207 1 10619
1208 1 10590
1208 1 10613
1209 1 10630
1209 1 10658
1210 1 10605
1210 1 10620
1211 1 10602
1211 1 10720
1212 1 10605
1212 1 10660
1213 1 10590
1213 1 10613
1214 1 10590
1214 1 10613
1215 1 10643
1215 1 10674
1216 1 10597
1216 1 10652
1217 1 10605
1217 1 10705
1218 1 10643
1218 1 10644
1219 1 10643
1219 1 10674
1220 1 10652
1220 1 10699
1221 1 10643
1221 1 10667
1222 1 10602
1222 1 10626
1223 1 10652
1223 1 10717
1224 1 10590
1224 1 10600
1225 1 10605
1225 1 10721
1226 1 10605
1226 1 10721
1227 1 10605
1227 1 10660
1228 1 10643
1228 1 10667
1229 1 10643
1229 1 10667
1230 1 10681
1230 1 10683
1231 1 10602
1231 1 10720
1232 1 10659
1232 1 10670
1233 1 10605
1233 1 10689
1234 1 10643
1234 1 10667
1235 1 10605
1235 1 10689
1236 1 10659
1236 1 10670
1237 1 10659
1237 1 10670
1238 1 10630
1238 1 10700
1239 1 10605
1239 1 10704
1240 1 10677
1240 1 10679
1241 1 10605
1241 1 10660
1242 1 10590
1242 1 10613
1243 1 10602
1243 1 10604
1244 1 10643
1244 1 10667
1245 1 10590
1245 1 10672
1246 1 10605
1246 1 10689
1247 1 10643
1247 1 10671
1248 1 10590
1248 1 10596
1249 1 10605
1249 1 10606
1250 1 10605
1250 1 10689
1251 1 10659
1251 1 10670
1252 1 10605
1252 1 10721
1253 1 10590
1253 1 10672
1254 1 10652
1254 1 10702
1255 1 10643
1255 1 10644
1256 1 10643
1256 1 10644
1257 1 10605
1257 1 10721
1258 1 10605
1258 1 10704
1259 1 10605
1259 1 10620
1260 1 10643
1260 1 10671
1261 1 10605
1261 1 10610
1262 1 10590
1262 1 10632
1263 1 10605
1263 1 10721
1264 1 10650
1264 1 10714
1265 1 10605
1265 1 10689
1266 1 10605
1266 1 10660
1267 1 10602
1267 1 10619
1268 1 10652
1268 1 10702
1269 1 10590
1269 1 10651
1270 1 10590
1270 1 10655
1271 1 10710
1271 1 10711
1272 1 10590
1272 1 10613
1273 1 10590
1273 1 10692
1274 1 10630
1274 1 10700
1275 1 10608
1275 1 10652
1276 1 10590
1276 1 10613
1277 1 10605
1277 1 10606
1278 1 10605
1278 1 10721
1279 1 10681
1279 1 10718
1280 1 10677
1280 1 10679
1281 1 10605
1281 1 10721
1282 1 10605
1282 1 10660
1283 1 10605
1283 1 10606
1284 1 10605
1284 1 10660
1285 1 10605
1285 1 10660
1286 1 10605
1286 1 10620
1287 1 10605
1287 1 10660
1288 1 10605
1288 1 10721
1289 1 10643
1289 1 10667
1290 1 10605
1290 1 10689
1291 1 10605
1291 1 10721
1292 1 10590
1292 1 10600
1293 1 10605
1293 1 10660
1294 1 10605
1294 1 10721
1295 1 10605
1295 1 10721
1296 1 10602
1296 1 10674
1297 1 10601
1297 1 10605
1298 1 10605
1298 1 10660
1299 1 10590
1299 1 10615
1300 1 10605
1300 1 10660
1301 1 10605
1301 1 10704
1302 1 10605
1302 1 10721
1303 1 10590
1303 1 10613
1304 1 10605
1304 1 10704
1305 1 10590
1305 1 10615
1306 1 10601
1306 1 10605
1307 1 10590
1307 1 10613
1308 1 10639
1308 1 10663
1309 1 10605
1309 1 10721
1310 1 10605
1310 1 10704
1311 1 10605
1311 1 10721
1312 1 10659
1312 1 10670
1313 1 10605
1313 1 10721
1314 1 10605
1314 1 10721
1315 1 10605
1315 1 10721
1316 1 10643
1316 1 10644
1317 1 10605
1317 1 10721
1318 1 10605
1318 1 10689
1319 1 10590
1319 1 10600
1320 1 10605
1320 1 10721
1321 1 10590
1321 1 10596
1322 1 10605
1322 1 10721
1323 1 10605
1323 1 10721
1324 1 10605
1324 1 10660
1325 1 10605
1325 1 10704
1326 1 10630
1326 1 10656
1327 1 10605
1327 1 10721
1328 1 10605
1328 1 10721
1329 1 10605
1329 1 10721
1330 1 10605
1330 1 10721
1331 1 10677
1331 1 10679
1332 1 10590
1332 1 10600
1333 1 10605
1333 1 10704
1334 1 10605
1334 1 10705
1335 1 10643
1335 1 10667
1336 1 10605
1336 1 10620
1337 1 10612
1337 1 10648
1338 1 10605
1338 1 10721
1339 1 10590
1339 1 10634
1340 1 10652
1340 1 10699
1341 1 10605
1341 1 10689
1342 1 10605
1342 1 10721
1343 1 10602
1343 1 10720
1344 1 10605
1344 1 10660
1345 1 10602
1345 1 10674
1346 1 10643
1346 1 10674
1347 1 10605
1347 1 10705
1348 1 10590
1348 1 10613
1349 1 10605
1349 1 10721
1350 1 10630
1350 1 10700
1351 1 10670
1351 1 10673
1352 1 10590
1352 1 10596
1353 1 10612
1353 1 10648
1354 1 10605
1354 1 10660
1355 1 10674
1355 1 10681
1356 1 10590
1356 1 10596
1357 1 10605
1357 1 10689
1358 1 10659
1358 1 10670
1359 1 10643
1359 1 10667
1360 1 10643
1360 1 10674
1361 1 10630
1361 1 10674
1362 1 10605
1362 1 10660
1363 1 10659
1363 1 10670
1364 1 10590
1364 1 10613
1365 1 10677
1365 1 10679
1366 1 10605
1366 1 10689
1367 1 10590
1367 1 10613
1368 1 10605
1368 1 10704
1369 1 10602
1369 1 10716
1370 1 10605
1370 1 10689
1371 1 10605
1371 1 10689
1372 1 10602
1372 1 10720
1373 1 10605
1373 1 10689
1374 1 10605
1374 1 10660
1375 1 10605
1375 1 10689
1376 1 10590
1376 1 10615
1377 1 10605
1377 1 10721
1378 1 10659
1378 1 10670
1379 1 10659
1379 1 10670
1380 1 10602
1380 1 10720
1381 1 10590
1381 1 10613
1382 1 10605
1382 1 10689
1383 1 10608
1383 1 10652
1384 1 10589
1384 1 10652
1385 1 10652
1385 1 10702
1386 1 10605
1386 1 10660
1387 1 10677
1387 1 10679
1388 1 10590
1388 1 10672
1389 1 10590
1389 1 10613
1390 1 10677
1390 1 10688
1391 1 10590
1391 1 10613
1392 1 10652
1392 1 10702
1393 1 10608
1393 1 10652
1394 1 10677
1394 1 10693
1395 1 10605
1395 1 10660
1396 1 10612
1396 1 10648
1397 1 10605
1397 1 10689
1398 1 10629
1398 1 10643
1399 1 10590
1399 1 10632
1400 1 10657
1400 1 10677
1401 1 10677
1401 1 10678
1402 1 10652
1402 1 10702
1403 1 10605
1403 1 10689
1404 1 10605
1404 1 10721
1405 1 10643
1405 1 10644
1406 1 10605
1406 1 10721
1407 1 10590
1407 1 10600
1408 1 10602
1408 1 10626
1409 1 10643
1409 1 10667
1410 1 10605
1410 1 10721
1411 1 10601
1411 1 10605
1412 1 10605
1412 1 10660
1413 1 10605
1413 1 10660
1414 1 10605
1414 1 10660
1415 1 10642
1415 1 10670
1416 1 10590
1416 1 10596
1417 1 10652
1417 1 10702
1418 1 10601
1418 1 10605
1419 1 10590
1419 1 10600
1420 1 10590
1420 1 10632
1421 1 10605
1421 1 10689
1422 1 10601
1422 1 10605
1423 1 10590
1423 1 10615
1424 1 10622
1424 1 10630
1425 1 10590
1425 1 10615
1426 1 10590
1426 1 10613
1427 1 10612
1427 1 10648
1428 1 10605
1428 1 10660
1429 1 10601
1429 1 10605
1430 1 10579
1430 1 10654
1431 1 10579
1431 1 10654
1432 1 10605
1432 1 10721
1433 1 10579
1433 1 10635
1434 1 10643
1434 1 10671
1435 1 10605
1435 1 10620
1436 1 10612
1436 1 10648
1437 1 10602
1437 1 10626
1438 1 10602
1438 1 10720
1439 1 10601
1439 1 10605
1440 1 10616
1440 1 10630
1441 1 10590
1441 1 10613
1442 1 10627
1442 1 10652
1443 1 10605
1443 1 10660
1444 1 10652
1444 1 10699
1445 1 10602
1445 1 10619
1446 1 10605
1446 1 10721
1447 1 10605
1447 1 10689
1448 1 10652
1448 1 10702
1449 1 10670
1449 1 10673
1450 1 10605
1450 1 10721
1451 1 10590
1451 1 10655
1452 1 10590
1452 1 10672
1453 1 10579
1453 1 10635
1454 1 10581
1454 1 10652
1455 1 10605
1455 1 10721
1456 1 10605
1456 1 10660
1457 1 10602
1457 1 10720
1458 1 10605
1458 1 10721
1459 1 10590
1459 1 10655
1460 1 10643
1460 1 10674
1461 1 10590
1461 1 10651
1462 1 10605
1462 1 10721
1463 1 10605
1463 1 10721
1464 1 10601
1464 1 10605
1465 1 10612
1465 1 10648
1466 1 10592
1466 1 10677
1467 1 10627
1467 1 10652
1468 1 10579
1468 1 10654
1469 1 10586
1469 1 10650
1470 1 10590
1470 1 10615
1471 1 10605
1471 1 10721
1472 1 10590
1472 1 10600
1473 1 10605
1473 1 10660
1474 1 10579
1474 1 10654
1475 1 10637
1475 1 10677
1476 1 10675
1476 1 10677
1477 1 10605
1477 1 10721
1478 1 10590
1478 1 10696
1479 1 10601
1479 1 10605
1480 1 10605
1480 1 10689
1481 1 10605
1481 1 10660
1482 1 10605
1482 1 10660
1483 1 10590
1483 1 10632
1484 1 10590
1484 1 10615
1485 1 10590
1485 1 10651
1486 1 10652
1486 1 10702
1487 1 10605
1487 1 10721
1488 1 10602
1488 1 10674
1489 1 10602
1489 1 10626
1490 1 10602
1490 1 10626
1491 1 10590
1491 1 10600
1492 1 10643
1492 1 10644
1493 1 10605
1493 1 10721
1494 1 10605
1494 1 10721
1495 1 10649
1495 1 10677
1496 1 10605
1496 1 10705
1497 1 10579
1497 1 10703
1498 1 10605
1498 1 10721
1499 1 10605
1499 1 10660
1500 1 10652
1500 1 10717
1501 1 10605
1501 1 10704
1502 1 10590
1502 1 10613
1503 1 10590
1503 1 10696
1504 1 10605
1504 1 10660
1505 1 10657
1505 1 10677
1506 1 10590
1506 1 10708
1507 1 10643
1507 1 10674
1508 1 10605
1508 1 10721
1509 1 10643
1509 1 10644
1510 1 10590
1510 1 10615
1511 1 10605
1511 1 10689
1512 1 10590
1512 1 10613
1513 1 10605
1513 1 10721
1514 1 10643
1514 1 10671
1515 1 10590
1515 1 10672
1516 1 10590
1516 1 10613
1517 1 10652
1517 1 10702
1518 1 10590
1518 1 10613
1519 1 10590
1519 1 10615
1520 1 10590
1520 1 10690
1521 1 10605
1521 1 10721
1522 1 10590
1522 1 10655
1523 1 10590
1523 1 10613
1524 1 10605
1524 1 10721
1525 1 10590
1525 1 10613
1526 1 10586
1526 1 10650
1527 1 10605
1527 1 10620
1528 1 10612
1528 1 10648
1529 1 10605
1529 1 10660
1530 1 10605
1530 1 10689
1531 1 10643
1531 1 10674
1532 1 10652
1532 1 10702
1533 1 10677
1533 1 10688
1534 1 10582
1534 1 10652
1535 1 10629
1535 1 10643
1536 1 10605
1536 1 10721
1537 1 10605
1537 1 10721
1538 1 10605
1538 1 10721
1539 1 10652
1539 1 10702
1540 1 10659
1540 1 10670
1541 1 10605
1541 1 10689
1542 1 10605
1542 1 10689
1543 1 10643
1543 1 10667
1544 1 10605
1544 1 10721
1545 1 10605
1545 1 10660
1546 1 10602
1546 1 10626
1547 1 10590
1547 1 10613
1548 1 10652
1548 1 10674
1549 1 10605
1549 1 10606
1550 1 10605
1550 1 10721
1551 1 10677
1551 1 10679
1552 1 10605
1552 1 10660
1553 1 10650
1553 1 10674
1554 1 10605
1554 1 10721
1555 1 10605
1555 1 10721
1556 1 10605
1556 1 10721
1557 1 10598
1557 1 10677
1558 1 10681
1558 1 10718
1559 1 10605
1559 1 10721
1560 1 10605
1560 1 10721
1561 1 10605
1561 1 10606
1562 1 10657
1562 1 10677
1563 1 10605
1563 1 10660
1564 1 10605
1564 1 10610
1565 1 10605
1565 1 10704
1566 1 10652
1566 1 10699
1567 1 10590
1567 1 10613
1568 1 10657
1568 1 10677
1569 1 10605
1569 1 10660
1570 1 10601
1570 1 10605
1571 1 10652
1571 1 10702
1572 1 10605
1572 1 10660
1573 1 10602
1573 1 10626
1574 1 10608
1574 1 10652
1575 1 10657
1575 1 10677
1576 1 10629
1576 1 10643
1577 1 10605
1577 1 10721
1578 1 10605
1578 1 10689
1579 1 10605
1579 1 10689
1580 1 10605
1580 1 10721
1581 1 10605
1581 1 10721
1582 1 10605
1582 1 10660
1583 1 10602
1583 1 10720
1584 1 10601
1584 1 10605
1585 1 10602
1585 1 10626
1586 1 10643
1586 1 10674
1587 1 10643
1587 1 10674
1588 1 10643
1588 1 10674
1589 1 10643
1589 1 10674
1590 1 10605
1590 1 10689
1591 1 10677
1591 1 10688
1592 1 10605
1592 1 10606
1593 1 10605
1593 1 10721
1594 1 10605
1594 1 10689
1595 1 10622
1595 1 10630
1596 1 10605
1596 1 10660
1597 1 10590
1597 1 10600
1598 1 10605
1598 1 10705
1599 1 10643
1599 1 10644
1600 1 10602
1600 1 10674
1601 1 10590
1601 1 10613
1602 1 10605
1602 1 10721
1603 1 10605
1603 1 10620
1604 1 10657
1604 1 10677
1605 1 10602
1605 1 10619
1606 1 10605
1606 1 10689
1607 1 10590
1607 1 10596
1608 1 10605
1608 1 10689
1609 1 10605
1609 1 10689
1610 1 10677
1610 1 10701
1611 1 10677
1611 1 10701
1612 1 10605
1612 1 10620
1613 1 10597
1613 1 10652
1614 1 10605
1614 1 10606
1615 1 10605
1615 1 10689
1616 1 10605
1616 1 10721
1617 1 10643
1617 1 10667
1618 1 10578
1618 1 10602
1619 1 10677
1619 1 10679
1620 1 10605
1620 1 10689
1621 1 10597
1621 1 10652
1622 1 10605
1622 1 10689
1623 1 10657
1623 1 10677
1624 1 10602
1624 1 10674
1625 1 10643
1625 1 10674
1626 1 10605
1626 1 10721
1627 1 10590
1627 1 10596
1628 1 10605
1628 1 10704
1629 1 10643
1629 1 10674
1630 1 10605
1630 1 10721
1631 1 10590
1631 1 10613
1632 1 10590
1632 1 10651
1633 1 10608
1633 1 10652
1634 1 10659
1634 1 10670
1635 1 10590
1635 1 10596
1636 1 10579
1636 1 10703
1637 1 10605
1637 1 10721
1638 1 10590
1638 1 10596
1639 1 10590
1639 1 10615
1640 1 10590
1640 1 10615
1641 1 10677
1641 1 10701
1642 1 10605
1642 1 10721
1643 1 10677
1643 1 10679
1644 1 10677
1644 1 10688
1645 1 10630
1645 1 10674
1646 1 10605
1646 1 10660
1647 1 10579
1647 1 10703
1648 1 10643
1648 1 10674
1649 1 10630
1649 1 10669
1650 1 10605
1650 1 10721
1651 1 10598
1651 1 10677
1652 1 10605
1652 1 10721
1653 1 10605
1653 1 10721
1654 1 10605
1654 1 10721
1655 1 10643
1655 1 10667
1656 1 10605
1656 1 10705
1657 1 10605
1657 1 10721
1658 1 10643
1658 1 10644
1659 1 10590
1659 1 10596
1660 1 10643
1660 1 10644
1661 1 10677
1661 1 10709
1662 1 10605
1662 1 10689
1663 1 10590
1663 1 10613
1664 1 10581
1664 1 10652
1665 1 10605
1665 1 10721
1666 1 10643
1666 1 10674
1667 1 10605
1667 1 10689
1668 1 10605
1668 1 10689
1669 1 10677
1669 1 10679
1670 1 10677
1670 1 10693
1671 1 10677
1671 1 10678
1672 1 10605
1672 1 10620
1673 1 10605
1673 1 10689
1674 1 10652
1674 1 10699
1675 1 10605
1675 1 10606
1676 1 10605
1676 1 10689
1677 1 10643
1677 1 10644
1678 1 10605
1678 1 10721
1679 1 10643
1679 1 10674
1680 1 10579
1680 1 10654
1681 1 10605
1681 1 10721
1682 1 10605
1682 1 10610
1683 1 10677
1683 1 10693
1684 1 10643
1684 1 10667
1685 1 10643
1685 1 10671
1686 1 10602
1686 1 10626
1687 1 10605
1687 1 10721
1688 1 10590
1688 1 10600
1689 1 10590
1689 1 10600
1690 1 10605
1690 1 10721
1691 1 10643
1691 1 10674
1692 1 10643
1692 1 10644
1693 1 10643
1693 1 10674
1694 1 10605
1694 1 10689
1695 1 10605
1695 1 10689
1696 1 10605
1696 1 10689
1697 1 10598
1697 1 10677
1698 1 10590
1698 1 10632
1699 1 10605
1699 1 10704
1700 1 10605
1700 1 10606
1701 1 10602
1701 1 10626
1702 1 10590
1702 1 10596
1703 1 10643
1703 1 10671
1704 1 10586
1704 1 10650
1705 1 10590
1705 1 10596
1706 1 10659
1706 1 10670
1707 1 10643
1707 1 10671
1708 1 10605
1708 1 10721
1709 1 10605
1709 1 10721
1710 1 10609
1710 1 10681
1711 1 10605
1711 1 10721
1712 1 10579
1712 1 10654
1713 1 10663
1713 1 10664
1714 1 10590
1714 1 10596
1715 1 10590
1715 1 10596
1716 1 10637
1716 1 10677
1717 1 10605
1717 1 10606
1718 1 10605
1718 1 10721
1719 1 10605
1719 1 10721
1720 1 10605
1720 1 10721
1721 1 10605
1721 1 10721
1722 1 10605
1722 1 10660
1723 1 10590
1723 1 10613
1724 1 10637
1724 1 10677
1725 1 10605
1725 1 10721
1726 1 10643
1726 1 10667
1727 1 10670
1727 1 10698
1728 1 10659
1728 1 10670
1729 1 10602
1729 1 10720
1730 1 10612
1730 1 10648
1731 1 10630
1731 1 10700
1732 1 10643
1732 1 10644
1733 1 10595
1733 1 10681
1734 1 10605
1734 1 10689
1735 1 10677
1735 1 10679
1736 1 10659
1736 1 10670
1737 1 10652
1737 1 10699
1738 1 10605
1738 1 10721
1739 1 10590
1739 1 10596
1740 1 10605
1740 1 10689
1741 1 10630
1741 1 10656
1742 1 10605
1742 1 10689
1743 1 10663
1743 1 10687
1744 1 10605
1744 1 10689
1745 1 10605
1745 1 10704
1746 1 10643
1746 1 10644
1747 1 10652
1747 1 10717
1748 1 10648
1748 1 10694
1749 1 10590
1749 1 10613
1750 1 10597
1750 1 10652
1751 1 10605
1751 1 10660
1752 1 10590
1752 1 10696
1753 1 10663
1753 1 10719
1754 1 10605
1754 1 10689
1755 1 10579
1755 1 10635
1756 1 10643
1756 1 10667
1757 1 10602
1757 1 10604
1758 1 10605
1758 1 10721
1759 1 10643
1759 1 10671
1760 1 10590
1760 1 10632
1761 1 10677
1761 1 10679
1762 1 10590
1762 1 10632
1763 1 10605
1763 1 10689
1764 1 10590
1764 1 10692
1765 1 10602
1765 1 10720
1766 1 10605
1766 1 10721
1767 1 10601
1767 1 10605
1768 1 10639
1768 1 10663
1769 1 10643
1769 1 10671
1770 1 10601
1770 1 10605
1771 1 10643
1771 1 10644
1772 1 10590
1772 1 10613
1773 1 10652
1773 1 10702
1774 1 10590
1774 1 10600
1775 1 10590
1775 1 10613
1776 1 10593
1776 1 10648
1777 1 10590
1777 1 10615
1778 1 10605
1778 1 10721
1779 1 10676
1779 1 10677
1780 1 10602
1780 1 10720
1781 1 10633
1781 1 10650
1782 1 10605
1782 1 10721
1783 1 10601
1783 1 10605
1784 1 10674
1784 1 10677
1785 1 10590
1785 1 10651
1786 1 10590
1786 1 10615
1787 1 10595
1787 1 10681
1788 1 10681
1788 1 10682
1789 1 10624
1789 1 10670
1790 1 10643
1790 1 10667
1791 1 10652
1791 1 10702
1792 1 10629
1792 1 10643
1793 1 10602
1793 1 10626
1794 1 10602
1794 1 10604
1795 1 10650
1795 1 10714
1796 1 10602
1796 1 10720
1797 1 10659
1797 1 10670
1798 1 10643
1798 1 10667
1799 1 10638
1799 1 10710
1800 1 10590
1800 1 10632
1801 1 10605
1801 1 10721
1802 1 10605
1802 1 10721
1803 1 10605
1803 1 10721
1804 1 10605
1804 1 10721
1805 1 10590
1805 1 10596
1806 1 10605
1806 1 10704
1807 1 10590
1807 1 10655
1808 1 10611
1808 1 10710
1809 1 10681
1809 1 10722
1810 1 10605
1810 1 10721
1811 1 10601
1811 1 10605
1812 1 10579
1812 1 10654
1813 1 10677
1813 1 10679
1814 1 10605
1814 1 10721
1815 1 10602
1815 1 10720
1816 1 10624
1816 1 10670
1817 1 10605
1817 1 10689
1818 1 10605
1818 1 10689
1819 1 10590
1819 1 10696
1820 1 10643
1820 1 10644
1821 1 10643
1821 1 10667
1822 1 10605
1822 1 10721
1823 1 10590
1823 1 10651
1824 1 10590
1824 1 10632
1825 1 10677
1825 1 10679
1826 1 10579
1826 1 10635
1827 1 10579
1827 1 10635
1828 1 10605
1828 1 10689
1829 1 10590
1829 1 10674
1830 1 10605
1830 1 10721
1831 1 10590
1831 1 10615
1832 1 10590
1832 1 10672
1833 1 10652
1833 1 10653
1834 1 10590
1834 1 10613
1835 1 10605
1835 1 10689
1836 1 10624
1836 1 10670
1837 1 10605
1837 1 10721
1838 1 10611
1838 1 10710
1839 1 10592
1839 1 10677
1840 1 10602
1840 1 10604
1841 1 10592
1841 1 10677
1842 1 10597
1842 1 10652
1843 1 10643
1843 1 10667
1844 1 10675
1844 1 10677
1845 1 10605
1845 1 10721
1846 1 10607
1846 1 10630
1847 1 10605
1847 1 10689
1848 1 10590
1848 1 10696
1849 1 10590
1849 1 10632
1850 1 10590
1850 1 10708
1851 1 10590
1851 1 10651
1852 1 10652
1852 1 10653
1853 1 10652
1853 1 10653
1854 1 10602
1854 1 10720
1855 1 10643
1855 1 10667
1856 1 10677
1856 1 10679
1857 1 10590
1857 1 10596
1858 1 10605
1858 1 10721
1859 1 10590
1859 1 10613
1860 1 10601
1860 1 10605
1861 1 10602
1861 1 10604
1862 1 10677
1862 1 10679
1863 1 10597
1863 1 10652
1864 1 10602
1864 1 10626
1865 1 10659
1865 1 10670
1866 1 10605
1866 1 10721
1867 1 10605
1867 1 10721
1868 1 10612
1868 1 10648
1869 1 10659
1869 1 10670
1870 1 10605
1870 1 10610
1871 1 10605
1871 1 10610
1872 1 10652
1872 1 10702
1873 1 10605
1873 1 10689
1874 1 10624
1874 1 10670
1875 1 10659
1875 1 10670
1876 1 10601
1876 1 10605
1877 1 10605
1877 1 10721
1878 1 10586
1878 1 10650
1879 1 10602
1879 1 10720
1880 1 10601
1880 1 10605
1881 1 10590
1881 1 10613
1882 1 10590
1882 1 10613
1883 1 10677
1883 1 10679
1884 1 10602
1884 1 10720
1885 1 10677
1885 1 10688
1886 1 10670
1886 1 10698
1887 1 10605
1887 1 10721
1888 1 10602
1888 1 10626
1889 1 10590
1889 1 10674
1890 1 10643
1890 1 10667
1891 1 10643
1891 1 10674
1892 1 10590
1892 1 10708
1893 1 10659
1893 1 10670
1894 1 10622
1894 1 10630
1895 1 10652
1895 1 10702
1896 1 10681
1896 1 10722
1897 1 10617
1897 1 10650
1898 1 10652
1898 1 10717
1899 1 10677
1899 1 10693
1900 1 10612
1900 1 10648
1901 1 10643
1901 1 10667
1902 1 10590
1902 1 10632
1903 1 10643
1903 1 10644
1904 1 10659
1904 1 10670
1905 1 10605
1905 1 10689
1906 1 10586
1906 1 10650
1907 1 10670
1907 1 10674
1908 1 10605
1908 1 10705
1909 1 10601
1909 1 10605
1910 1 10677
1910 1 10679
1911 1 10586
1911 1 10650
1912 1 10605
1912 1 10721
1913 1 10605
1913 1 10721
1914 1 10599
1914 1 10630
1915 1 10677
1915 1 10701
1916 1 10609
1916 1 10681
1917 1 10602
1917 1 10604
1918 1 10605
1918 1 10721
1919 1 10627
1919 1 10652
1920 1 10590
1920 1 10591
1921 1 10681
1921 1 10683
1922 1 10629
1922 1 10643
1923 1 10605
1923 1 10689
1924 1 10643
1924 1 10644
1925 1 10659
1925 1 10670
1926 1 10652
1926 1 10699
1927 1 10605
1927 1 10721
1928 1 10643
1928 1 10644
1929 1 10643
1929 1 10667
1930 1 10643
1930 1 10667
1931 1 10652
1931 1 10702
1932 1 10586
1932 1 10650
1933 1 10652
1933 1 10699
1934 1 10581
1934 1 10652
1935 1 10663
1935 1 10664
1936 1 10605
1936 1 10689
1937 1 10629
1937 1 10643
1938 1 10605
1938 1 10705
1939 1 10590
1939 1 10613
1940 1 10590
1940 1 10708
1941 1 10677
1941 1 10678
1942 1 10605
1942 1 10620
1943 1 10605
1943 1 10721
1944 1 10605
1944 1 10721
1945 1 10601
1945 1 10605
1946 1 10710
1946 1 10711
1947 1 10677
1947 1 10688
1948 1 10590
1948 1 10651
1949 1 10590
1949 1 10696
1950 1 10590
1950 1 10615
1951 1 10617
1951 1 10650
1952 1 10602
1952 1 10716
1953 1 10590
1953 1 10615
1954 1 10677
1954 1 10679
1955 1 10677
1955 1 10679
1956 1 10592
1956 1 10677
1957 1 10579
1957 1 10635
1958 1 10605
1958 1 10705
1959 1 10643
1959 1 10667
1960 1 10590
1960 1 10615
1961 1 10601
1961 1 10605
1962 1 10590
1962 1 10615
1963 1 10637
1963 1 10677
1964 1 10590
1964 1 10672
1965 1 10663
1965 1 10665
1966 1 10652
1966 1 10702
1967 1 10590
1967 1 10615
1968 1 10643
1968 1 10667
1969 1 10652
1969 1 10702
1970 1 10605
1970 1 10721
1971 1 10602
1971 1 10720
1972 1 10670
1972 1 10674
1973 1 10609
1973 1 10681
1974 1 10605
1974 1 10721
1975 1 10643
1975 1 10644
1976 1 10590
1976 1 10596
1977 1 10639
1977 1 10663
1978 1 10652
1978 1 10702
1979 1 10590
1979 1 10655
1980 1 10602
1980 1 10720
1981 1 10602
1981 1 10720
1982 1 10677
1982 1 10688
1983 1 10605
1983 1 10660
1984 1 10605
1984 1 10721
1985 1 10605
1985 1 10721
1986 1 10579
1986 1 10654
1987 1 10590
1987 1 10596
1988 1 10605
1988 1 10689
1989 1 10590
1989 1 10596
1990 1 10637
1990 1 10677
1991 1 10579
1991 1 10654
1992 1 10609
1992 1 10681
1993 1 10605
1993 1 10721
1994 1 10605
1994 1 10620
1995 1 10605
1995 1 10721
1996 1 10605
1996 1 10660
1997 1 10605
1997 1 10721
1998 1 10601
1998 1 10605
1999 1 10582
1999 1 10652
2000 1 10639
2000 1 10663
2001 1 10639
2001 1 10663
2002 1 10612
2002 1 10648
2003 1 10630
2003 1 10656
2004 1 10590
2004 1 10615
2005 1 10590
2005 1 10615
2006 1 10670
2006 1 10697
2007 1 10639
2007 1 10663
2008 1 10605
2008 1 10721
2009 1 10605
2009 1 10689
2010 1 10677
2010 1 10679
2011 1 10590
2011 1 10696
2012 1 10605
2012 1 10689
2013 1 10652
2013 1 10702
2014 1 10605
2014 1 10721
2015 1 10605
2015 1 10689
2016 1 10579
2016 1 10635
2017 1 10677
2017 1 10693
2018 1 10605
2018 1 10689
2019 1 10663
2019 1 10666
2020 1 10652
2020 1 10699
2021 1 10670
2021 1 10673
2022 1 10670
2022 1 10698
2023 1 10681
2023 1 10718
2024 1 10592
2024 1 10677
2025 1 10582
2025 1 10652
2026 1 10677
2026 1 10688
2027 1 10670
2027 1 10698
2028 1 10605
2028 1 10660
2029 1 10677
2029 1 10678
2030 1 10657
2030 1 10677
2031 1 10590
2031 1 10696
2032 1 10602
2032 1 10626
2033 1 10605
2033 1 10689
2034 1 10677
2034 1 10678
2035 1 10670
2035 1 10697
2036 1 10663
2036 1 10666
2037 1 10590
2037 1 10632
2038 1 10592
2038 1 10677
2039 1 10605
2039 1 10689
2040 1 10643
2040 1 10671
2041 1 10595
2041 1 10681
2042 1 10659
2042 1 10670
2043 1 10588
2043 1 10681
2044 1 10659
2044 1 10670
2045 1 10601
2045 1 10605
2046 1 10659
2046 1 10670
2047 1 10590
2047 1 10696
2048 1 10630
2048 1 10695
2049 1 10590
2049 1 10596
2050 1 10677
2050 1 10688
2051 1 10677
2051 1 10678
2052 1 10659
2052 1 10670
2053 1 10605
2053 1 10689
2054 1 10590
2054 1 10596
2055 1 10659
2055 1 10670
2056 1 10579
2056 1 10703
2057 1 10602
2057 1 10619
2058 1 10590
2058 1 10655
2059 1 10652
2059 1 10691
2060 1 10652
2060 1 10699
2061 1 10630
2061 1 10700
2062 1 10652
2062 1 10653
2063 1 10643
2063 1 10644
2064 1 10605
2064 1 10620
2065 1 10605
2065 1 10620
2066 1 10659
2066 1 10670
2067 1 10586
2067 1 10650
2068 1 10597
2068 1 10652
2069 1 10605
2069 1 10689
2070 1 10663
2070 1 10719
2071 1 10601
2071 1 10605
2072 1 10605
2072 1 10620
2073 1 10676
2073 1 10677
2074 1 10586
2074 1 10650
2075 1 10605
2075 1 10721
2076 1 10605
2076 1 10721
2077 1 10605
2077 1 10721
2078 1 10605
2078 1 10721
2079 1 10605
2079 1 10721
2080 1 10605
2080 1 10689
2081 1 10605
2081 1 10721
2082 1 10601
2082 1 10605
2083 1 10605
2083 1 10721
2084 1 10595
2084 1 10681
2085 1 10605
2085 1 10721
2086 1 10601
2086 1 10605
2087 1 10622
2087 1 10630
2088 1 10605
2088 1 10689
2089 1 10605
2089 1 10721
2090 1 10590
2090 1 10600
2091 1 10590
2091 1 10615
2092 1 10588
2092 1 10681
2093 1 10602
2093 1 10604
2094 1 10643
2094 1 10667
2095 1 10605
2095 1 10689
2096 1 10590
2096 1 10600
2097 1 10590
2097 1 10615
2098 1 10602
2098 1 10720
2099 1 10659
2099 1 10670
2100 1 10590
2100 1 10613
2101 1 10605
2101 1 10689
2102 1 10579
2102 1 10654
2103 1 10605
2103 1 10705
2104 1 10645
2104 1 10648
2105 1 10590
2105 1 10615
2106 1 10659
2106 1 10670
2107 1 10605
2107 1 10721
2108 1 10605
2108 1 10620
2109 1 10605
2109 1 10721
2110 1 10590
2110 1 10632
2111 1 10590
2111 1 10613
2112 1 10659
2112 1 10670
2113 1 10650
2113 1 10714
2114 1 10579
2114 1 10654
2115 1 10605
2115 1 10606
2116 1 10605
2116 1 10689
2117 1 10605
2117 1 10606
2118 1 10643
2118 1 10667
2119 1 10663
2119 1 10665
2120 1 10590
2120 1 10655
2121 1 10605
2121 1 10689
2122 1 10681
2122 1 10718
2123 1 10630
2123 1 10669
2124 1 10602
2124 1 10720
2125 1 10590
2125 1 10596
2126 1 10670
2126 1 10674
2127 1 10602
2127 1 10626
2128 1 10622
2128 1 10630
2129 1 10677
2129 1 10679
2130 1 10602
2130 1 10604
2131 1 10609
2131 1 10681
2132 1 10590
2132 1 10596
2133 1 10630
2133 1 10658
2134 1 10630
2134 1 10700
2135 1 10652
2135 1 10699
2136 1 10578
2136 1 10602
2137 1 10583
2137 1 10670
2138 1 10590
2138 1 10615
2139 1 10605
2139 1 10721
2140 1 10583
2140 1 10670
2141 1 10605
2141 1 10689
2142 1 10663
2142 1 10674
2143 1 10612
2143 1 10648
2144 1 10590
2144 1 10591
2145 1 10590
2145 1 10632
2146 1 10605
2146 1 10660
2147 1 10621
2147 1 10650
2148 1 10677
2148 1 10701
2149 1 10643
2149 1 10667
2150 1 10677
2150 1 10679
2151 1 10605
2151 1 10689
2152 1 10605
2152 1 10620
2153 1 10605
2153 1 10721
2154 1 10605
2154 1 10689
2155 1 10602
2155 1 10604
2156 1 10602
2156 1 10626
2157 1 10643
2157 1 10674
2158 1 10605
2158 1 10610
2159 1 10677
2159 1 10679
2160 1 10677
2160 1 10679
2161 1 10677
2161 1 10679
2162 1 10677
2162 1 10679
2163 1 10677
2163 1 10679
2164 1 10677
2164 1 10679
2165 1 10677
2165 1 10679
2166 1 10677
2166 1 10679
2167 1 10677
2167 1 10709
2168 1 10616
2168 1 10630
2169 1 10592
2169 1 10677
2170 1 10590
2170 1 10615
2171 1 10652
2171 1 10686
2172 1 10590
2172 1 10613
2173 1 10585
2173 1 10602
2174 1 10643
2174 1 10674
2175 1 10605
2175 1 10721
2176 1 10652
2176 1 10717
2177 1 10652
2177 1 10717
2178 1 10629
2178 1 10643
2179 1 10643
2179 1 10674
2180 1 10630
2180 1 10658
2181 1 10597
2181 1 10652
2182 1 10630
2182 1 10700
2183 1 10643
2183 1 10671
2184 1 10612
2184 1 10648
2185 1 10605
2185 1 10660
2186 1 10590
2186 1 10615
2187 1 10605
2187 1 10689
2188 1 10590
2188 1 10708
2189 1 10590
2189 1 10600
2190 1 10643
2190 1 10667
2191 1 10590
2191 1 10632
2192 1 10587
2192 1 10650
2193 1 10605
2193 1 10689
2194 1 10592
2194 1 10677
2195 1 10605
2195 1 10721
2196 1 10578
2196 1 10602
2197 1 10638
2197 1 10710
2198 1 10590
2198 1 10632
2199 1 10677
2199 1 10679
2200 1 10590
2200 1 10596
2201 1 10643
2201 1 10644
2202 1 10681
2202 1 10684
2203 1 10639
2203 1 10663
2204 1 10652
2204 1 10702
2205 1 10605
2205 1 10620
2206 1 10681
2206 1 10682
2207 1 10616
2207 1 10630
2208 1 10630
2208 1 10695
2209 1 10674
2209 1 10712
2210 1 10643
2210 1 10644
2211 1 10601
2211 1 10605
2212 1 10675
2212 1 10677
2213 1 10590
2213 1 10615
2214 1 10590
2214 1 10708
2215 1 10677
2215 1 10679
2216 1 10590
2216 1 10632
2217 1 10605
2217 1 10660
2218 1 10652
2218 1 10702
2219 1 10643
2219 1 10667
2220 1 10605
2220 1 10689
2221 1 10643
2221 1 10671
2222 1 10652
2222 1 10702
2223 1 10590
2223 1 10651
2224 1 10605
2224 1 10721
2225 1 10590
2225 1 10596
2226 1 10590
2226 1 10596
2227 1 10605
2227 1 10721
2228 1 10605
2228 1 10689
2229 1 10659
2229 1 10670
2230 1 10579
2230 1 10635
2231 1 10590
2231 1 10696
2232 1 10652
2232 1 10699
2233 1 10605
2233 1 10620
2234 1 10605
2234 1 10705
2235 1 10605
2235 1 10606
2236 1 10605
2236 1 10705
2237 1 10643
2237 1 10667
2238 1 10652
2238 1 10702
2239 1 10605
2239 1 10705
2240 1 10605
2240 1 10689
2241 1 10630
2241 1 10700
2242 1 10652
2242 1 10653
2243 1 10605
2243 1 10689
2244 1 10605
2244 1 10689
2245 1 10630
2245 1 10658
2246 1 10578
2246 1 10602
2247 1 10602
2247 1 10626
2248 1 10605
2248 1 10704
2249 1 10605
2249 1 10689
2250 1 10590
2250 1 10615
2251 1 10597
2251 1 10652
2252 1 10677
2252 1 10679
2253 1 10652
2253 1 10699
2254 1 10598
2254 1 10677
2255 1 10677
2255 1 10709
2256 1 10608
2256 1 10652
2257 1 10605
2257 1 10689
2258 1 10659
2258 1 10670
2259 1 10605
2259 1 10689
2260 1 10590
2260 1 10615
2261 1 10643
2261 1 10674
2262 1 10592
2262 1 10677
2263 1 10590
2263 1 10632
2264 1 10605
2264 1 10689
2265 1 10590
2265 1 10613
2266 1 10630
2266 1 10700
2267 1 10590
2267 1 10615
2268 1 10590
2268 1 10655
2269 1 10602
2269 1 10604
2270 1 10601
2270 1 10605
2271 1 10590
2271 1 10632
2272 1 10652
2272 1 10699
2273 1 10630
2273 1 10707
2274 1 10659
2274 1 10670
2275 1 10652
2275 1 10717
2276 1 10605
2276 1 10660
2277 1 10652
2277 1 10699
2278 1 10605
2278 1 10721
2279 1 10590
2279 1 10615
2280 1 10652
2280 1 10699
2281 1 10659
2281 1 10670
2282 1 10659
2282 1 10670
2283 1 10659
2283 1 10670
2284 1 10590
2284 1 10596
2285 1 10586
2285 1 10650
2286 1 10643
2286 1 10671
2287 1 10590
2287 1 10600
2288 1 10602
2288 1 10720
2289 1 10597
2289 1 10652
2290 1 10612
2290 1 10648
2291 1 10677
2291 1 10679
2292 1 10590
2292 1 10672
2293 1 10590
2293 1 10615
2294 1 10605
2294 1 10620
2295 1 10590
2295 1 10672
2296 1 10605
2296 1 10721
2297 1 10605
2297 1 10660
2298 1 10579
2298 1 10635
2299 1 10641
2299 1 10712
2300 1 10602
2300 1 10720
2301 1 10593
2301 1 10648
2302 1 10605
2302 1 10620
2303 1 10659
2303 1 10670
2304 1 10710
2304 1 10711
2305 1 10580
2305 1 10652
2306 1 10590
2306 1 10615
2307 1 10584
2307 1 10648
2308 1 10605
2308 1 10689
2309 1 10605
2309 1 10721
2310 1 10605
2310 1 10705
2311 1 10590
2311 1 10613
2312 1 10605
2312 1 10689
2313 1 10605
2313 1 10660
2314 1 10605
2314 1 10721
2315 1 10643
2315 1 10671
2316 1 10622
2316 1 10630
2317 1 10643
2317 1 10667
2318 1 10601
2318 1 10605
2319 1 10710
2319 1 10711
2320 1 10643
2320 1 10674
2321 1 10641
2321 1 10712
2322 1 10622
2322 1 10630
2323 1 10605
2323 1 10721
2324 1 10643
2324 1 10667
2325 1 10579
2325 1 10635
2326 1 10648
2326 1 10694
2327 1 10652
2327 1 10717
2328 1 10590
2328 1 10596
2329 1 10652
2329 1 10717
2330 1 10590
2330 1 10596
2331 1 10674
2331 1 10712
2332 1 10602
2332 1 10604
2333 1 10602
2333 1 10720
2334 1 10681
2334 1 10718
2335 1 10627
2335 1 10652
2336 1 10605
2336 1 10721
2337 1 10592
2337 1 10677
2338 1 10630
2338 1 10695
2339 1 10652
2339 1 10668
2340 1 10590
2340 1 10655
2341 1 10605
2341 1 10721
2342 1 10605
2342 1 10689
2343 1 10605
2343 1 10689
2344 1 10605
2344 1 10721
2345 1 10650
2345 1 10714
2346 1 10652
2346 1 10717
2347 1 10605
2347 1 10705
2348 1 10579
2348 1 10635
2349 1 10710
2349 1 10711
2350 1 10605
2350 1 10721
2351 1 10601
2351 1 10605
2352 1 10605
2352 1 10721
2353 1 10643
2353 1 10644
2354 1 10639
2354 1 10663
2355 1 10630
2355 1 10669
2356 1 10605
2356 1 10721
2357 1 10630
2357 1 10723
2358 1 10602
2358 1 10626
2359 1 10579
2359 1 10654
2360 1 10605
2360 1 10721
2361 1 10605
2361 1 10689
2362 1 10601
2362 1 10605
2363 1 10605
2363 1 10689
2364 1 10605
2364 1 10704
2365 1 10590
2365 1 10615
2366 1 10659
2366 1 10670
2367 1 10605
2367 1 10721
2368 1 10602
2368 1 10720
2369 1 10602
2369 1 10720
2370 1 10590
2370 1 10672
2371 1 10590
2371 1 10600
2372 1 10590
2372 1 10613
2373 1 10659
2373 1 10670
2374 1 10674
2374 1 10681
2375 1 10643
2375 1 10667
2376 1 10598
2376 1 10677
2377 1 10592
2377 1 10677
2378 1 10601
2378 1 10605
2379 1 10643
2379 1 10667
2380 1 10590
2380 1 10632
2381 1 10674
2381 1 10712
2382 1 10674
2382 1 10712
2383 1 10630
2383 1 10695
2384 1 10712
2384 1 10713
2385 1 10712
2385 1 10713
2386 1 10674
2386 1 10712
2387 1 10590
2387 1 10655
2388 1 10710
2388 1 10711
2389 1 10643
2389 1 10674
2390 1 10612
2390 1 10648
2391 1 10652
2391 1 10702
2392 1 10652
2392 1 10699
2393 1 10602
2393 1 10720
2394 1 10590
2394 1 10596
2395 1 10581
2395 1 10652
2396 1 10579
2396 1 10654
2397 1 10643
2397 1 10644
2398 1 10590
2398 1 10708
2399 1 10579
2399 1 10654
2400 1 10579
2400 1 10703
2401 1 10590
2401 1 10615
2402 1 10605
2402 1 10721
2403 1 10590
2403 1 10655
2404 1 10677
2404 1 10679
2405 1 10586
2405 1 10650
2406 1 10643
2406 1 10644
2407 1 10608
2407 1 10652
2408 1 10605
2408 1 10705
2409 1 10590
2409 1 10613
2410 1 10602
2410 1 10626
2411 1 10605
2411 1 10705
2412 1 10608
2412 1 10652
2413 1 10677
2413 1 10701
2414 1 10643
2414 1 10644
2415 1 10605
2415 1 10705
2416 1 10652
2416 1 10717
2417 1 10590
2417 1 10690
2418 1 10652
2418 1 10702
2419 1 10590
2419 1 10651
2420 1 10590
2420 1 10596
2421 1 10592
2421 1 10677
2422 1 10622
2422 1 10630
2423 1 10643
2423 1 10667
2424 1 10579
2424 1 10654
2425 1 10590
2425 1 10674
2426 1 10590
2426 1 10596
2427 1 10590
2427 1 10690
2428 1 10652
2428 1 10717
2429 1 10605
2429 1 10689
2430 1 10641
2430 1 10712
2431 1 10605
2431 1 10620
2432 1 10608
2432 1 10652
2433 1 10602
2433 1 10716
2434 1 10607
2434 1 10630
2435 1 10605
2435 1 10721
2436 1 10605
2436 1 10721
2437 1 10602
2437 1 10720
2438 1 10643
2438 1 10644
2439 1 10605
2439 1 10689
2440 1 10590
2440 1 10615
2441 1 10612
2441 1 10648
2442 1 10677
2442 1 10679
2443 1 10605
2443 1 10721
2444 1 10590
2444 1 10615
2445 1 10643
2445 1 10671
2446 1 10622
2446 1 10630
2447 1 10605
2447 1 10705
2448 1 10602
2448 1 10626
2449 1 10592
2449 1 10677
2450 1 10670
2450 1 10674
2451 1 10590
2451 1 10615
2452 1 10590
2452 1 10596
2453 1 10639
2453 1 10663
2454 1 10605
2454 1 10705
2455 1 10579
2455 1 10635
2456 1 10617
2456 1 10650
2457 1 10677
2457 1 10678
2458 1 10677
2458 1 10701
2459 1 10602
2459 1 10720
2460 1 10643
2460 1 10644
2461 1 10602
2461 1 10674
2462 1 10612
2462 1 10648
2463 1 10605
2463 1 10660
2464 1 10649
2464 1 10677
2465 1 10681
2465 1 10682
2466 1 10681
2466 1 10682
2467 1 10710
2467 1 10711
2468 1 10643
2468 1 10667
2469 1 10639
2469 1 10663
2470 1 10585
2470 1 10602
2471 1 10590
2471 1 10596
2472 1 10605
2472 1 10721
2473 1 10590
2473 1 10600
2474 1 10579
2474 1 10635
2475 1 10605
2475 1 10721
2476 1 10601
2476 1 10605
2477 1 10579
2477 1 10635
2478 1 10579
2478 1 10635
2479 1 10609
2479 1 10681
2480 1 10602
2480 1 10720
2481 1 10590
2481 1 10632
2482 1 10643
2482 1 10674
2483 1 10590
2483 1 10651
2484 1 10710
2484 1 10711
2485 1 10609
2485 1 10681
2486 1 10590
2486 1 10690
2487 1 10593
2487 1 10648
2488 1 10608
2488 1 10652
2489 1 10590
2489 1 10596
2490 1 10622
2490 1 10630
2491 1 10622
2491 1 10630
2492 1 10605
2492 1 10660
2493 1 10630
2493 1 10656
2494 1 10590
2494 1 10615
2495 1 10602
2495 1 10626
2496 1 10605
2496 1 10721
2497 1 10677
2497 1 10679
2498 1 10586
2498 1 10650
2499 1 10637
2499 1 10677
2500 1 10605
2500 1 10620
2501 1 10611
2501 1 10710
2502 1 10624
2502 1 10670
2503 1 10605
2503 1 10721
2504 1 10601
2504 1 10605
2505 1 10611
2505 1 10710
2506 1 10597
2506 1 10652
2507 1 10590
2507 1 10596
2508 1 10605
2508 1 10660
2509 1 10622
2509 1 10630
2510 1 10605
2510 1 10689
2511 1 10652
2511 1 10702
2512 1 10681
2512 1 10683
2513 1 10659
2513 1 10670
2514 1 10605
2514 1 10721
2515 1 10605
2515 1 10721
2516 1 10605
2516 1 10721
2517 1 10659
2517 1 10670
2518 1 10590
2518 1 10615
2519 1 10605
2519 1 10689
2520 1 10643
2520 1 10644
2521 1 10670
2521 1 10674
2522 1 10605
2522 1 10606
2523 1 10621
2523 1 10650
2524 1 10605
2524 1 10689
2525 1 10647
2525 1 10681
2526 1 10605
2526 1 10721
2527 1 10630
2527 1 10707
2528 1 10601
2528 1 10605
2529 1 10630
2529 1 10674
2530 1 10616
2530 1 10630
2531 1 10659
2531 1 10670
2532 1 10605
2532 1 10689
2533 1 10605
2533 1 10705
2534 1 10608
2534 1 10652
2535 1 10681
2535 1 10718
2536 1 10617
2536 1 10650
2537 1 10590
2537 1 10615
2538 1 10590
2538 1 10672
2539 1 10659
2539 1 10670
2540 1 10605
2540 1 10704
2541 1 10590
2541 1 10600
2542 1 10643
2542 1 10667
2543 1 10616
2543 1 10630
2544 1 10605
2544 1 10721
2545 1 10602
2545 1 10720
2546 1 10590
2546 1 10615
2547 1 10608
2547 1 10652
2548 1 10605
2548 1 10660
2549 1 10605
2549 1 10689
2550 1 10605
2550 1 10721
2551 1 10590
2551 1 10655
2552 1 10605
2552 1 10721
2553 1 10652
2553 1 10653
2554 1 10578
2554 1 10602
2555 1 10652
2555 1 10699
2556 1 10652
2556 1 10702
2557 1 10605
2557 1 10721
2558 1 10670
2558 1 10674
2559 1 10590
2559 1 10613
2560 1 10590
2560 1 10632
2561 1 10590
2561 1 10632
2562 1 10663
2562 1 10666
2563 1 10605
2563 1 10704
2564 1 10643
2564 1 10667
2565 1 10605
2565 1 10689
2566 1 10590
2566 1 10632
2567 1 10605
2567 1 10721
2568 1 10586
2568 1 10650
2569 1 10628
2569 1 10677
2570 1 10590
2570 1 10613
2571 1 10590
2571 1 10596
2572 1 10579
2572 1 10635
2573 1 10579
2573 1 10654
2574 1 10605
2574 1 10689
2575 1 10605
2575 1 10689
2576 1 10601
2576 1 10605
2577 1 10602
2577 1 10604
2578 1 10590
2578 1 10615
2579 1 10590
2579 1 10615
2580 1 10590
2580 1 10615
2581 1 10605
2581 1 10689
2582 1 10605
2582 1 10721
2583 1 10592
2583 1 10677
2584 1 10586
2584 1 10650
2585 1 10605
2585 1 10721
2586 1 10609
2586 1 10681
2587 1 10602
2587 1 10720
2588 1 10605
2588 1 10689
2589 1 10605
2589 1 10660
2590 1 10590
2590 1 10632
2591 1 10590
2591 1 10632
2592 1 10601
2592 1 10605
2593 1 10681
2593 1 10718
2594 1 10605
2594 1 10721
2595 1 10605
2595 1 10721
2596 1 10590
2596 1 10615
2597 1 10605
2597 1 10721
2598 1 10590
2598 1 10634
2599 1 10590
2599 1 10613
2600 1 10630
2600 1 10700
2601 1 10652
2601 1 10699
2602 1 10662
2602 1 10677
2603 1 10605
2603 1 10704
2604 1 10590
2604 1 10632
2605 1 10590
2605 1 10632
2606 1 10590
2606 1 10615
2607 1 10581
2607 1 10652
2608 1 10652
2608 1 10702
2609 1 10670
2609 1 10674
2610 1 10681
2610 1 10682
2611 1 10605
2611 1 10721
2612 1 10605
2612 1 10689
2613 1 10612
2613 1 10648
2614 1 10590
2614 1 10672
2615 1 10605
2615 1 10610
2616 1 10681
2616 1 10718
2617 1 10602
2617 1 10716
2618 1 10605
2618 1 10660
2619 1 10659
2619 1 10670
2620 1 10643
2620 1 10671
2621 1 10643
2621 1 10667
2622 1 10677
2622 1 10693
2623 1 10643
2623 1 10674
2624 1 10601
2624 1 10605
2625 1 10643
2625 1 10644
2626 1 10605
2626 1 10689
2627 1 10605
2627 1 10721
2628 1 10590
2628 1 10615
2629 1 10590
2629 1 10615
2630 1 10602
2630 1 10626
2631 1 10590
2631 1 10690
2632 1 10643
2632 1 10671
2633 1 10605
2633 1 10660
2634 1 10590
2634 1 10632
2635 1 10677
2635 1 10679
2636 1 10652
2636 1 10686
2637 1 10608
2637 1 10652
2638 1 10590
2638 1 10615
2639 1 10652
2639 1 10699
2640 1 10605
2640 1 10610
2641 1 10602
2641 1 10720
2642 1 10605
2642 1 10721
2643 1 10624
2643 1 10670
2644 1 10661
2644 1 10681
2645 1 10590
2645 1 10632
2646 1 10602
2646 1 10720
2647 1 10630
2647 1 10658
2648 1 10605
2648 1 10704
2649 1 10659
2649 1 10670
2650 1 10590
2650 1 10632
2651 1 10581
2651 1 10652
2652 1 10590
2652 1 10613
2653 1 10659
2653 1 10670
2654 1 10643
2654 1 10674
2655 1 10590
2655 1 10615
2656 1 10643
2656 1 10674
2657 1 10590
2657 1 10596
2658 1 10590
2658 1 10651
2659 1 10643
2659 1 10667
2660 1 10659
2660 1 10670
2661 1 10637
2661 1 10677
2662 1 10663
2662 1 10666
2663 1 10663
2663 1 10664
2664 1 10643
2664 1 10667
2665 1 10590
2665 1 10596
2666 1 10590
2666 1 10615
2667 1 10590
2667 1 10615
2668 1 10677
2668 1 10688
2669 1 10605
2669 1 10704
2670 1 10605
2670 1 10704
2671 1 10605
2671 1 10704
2672 1 10605
2672 1 10704
2673 1 10597
2673 1 10652
2674 1 10590
2674 1 10632
2675 1 10590
2675 1 10615
2676 1 10659
2676 1 10670
2677 1 10605
2677 1 10721
2678 1 10605
2678 1 10721
2679 1 10605
2679 1 10721
2680 1 10605
2680 1 10660
2681 1 10710
2681 1 10711
2682 1 10659
2682 1 10670
2683 1 10643
2683 1 10674
2684 1 10578
2684 1 10602
2685 1 10628
2685 1 10677
2686 1 10578
2686 1 10602
2687 1 10652
2687 1 10717
2688 1 10612
2688 1 10648
2689 1 10590
2689 1 10655
2690 1 10643
2690 1 10644
2691 1 10605
2691 1 10689
2692 1 10602
2692 1 10626
2693 1 10590
2693 1 10708
2694 1 10590
2694 1 10690
2695 1 10605
2695 1 10689
2696 1 10643
2696 1 10671
2697 1 10710
2697 1 10711
2698 1 10582
2698 1 10652
2699 1 10605
2699 1 10721
2700 1 10677
2700 1 10688
2701 1 10602
2701 1 10716
2702 1 10601
2702 1 10605
2703 1 10579
2703 1 10654
2704 1 10605
2704 1 10660
2705 1 10605
2705 1 10721
2706 1 10681
2706 1 10683
2707 1 10643
2707 1 10671
2708 1 10602
2708 1 10716
2709 1 10652
2709 1 10699
2710 1 10670
2710 1 10698
2711 1 10663
2711 1 10664
2712 1 10578
2712 1 10602
2713 1 10590
2713 1 10600
2714 1 10605
2714 1 10721
2715 1 10643
2715 1 10667
2716 1 10657
2716 1 10677
2717 1 10659
2717 1 10670
2718 1 10609
2718 1 10681
2719 1 10590
2719 1 10651
2720 1 10579
2720 1 10654
2721 1 10652
2721 1 10653
2722 1 10608
2722 1 10652
2723 1 10659
2723 1 10670
2724 1 10612
2724 1 10648
2725 1 10602
2725 1 10720
2726 1 10710
2726 1 10711
2727 1 10589
2727 1 10652
2728 1 10622
2728 1 10630
2729 1 10581
2729 1 10652
2730 1 10605
2730 1 10610
2731 1 10590
2731 1 10596
2732 1 10592
2732 1 10677
2733 1 10605
2733 1 10660
2734 1 10663
2734 1 10687
2735 1 10579
2735 1 10703
2736 1 10652
2736 1 10702
2737 1 10674
2737 1 10681
2738 1 10590
2738 1 10596
2739 1 10581
2739 1 10652
2740 1 10605
2740 1 10660
2741 1 10605
2741 1 10721
2742 1 10657
2742 1 10677
2743 1 10710
2743 1 10711
2744 1 10605
2744 1 10704
2745 1 10590
2745 1 10596
2746 1 10608
2746 1 10652
2747 1 10643
2747 1 10667
2748 1 10605
2748 1 10721
2749 1 10643
2749 1 10674
2750 1 10605
2750 1 10721
2751 1 10602
2751 1 10626
2752 1 10590
2752 1 10613
2753 1 10643
2753 1 10674
2754 1 10624
2754 1 10670
2755 1 10605
2755 1 10689
2756 1 10590
2756 1 10632
2757 1 10590
2757 1 10632
2758 1 10608
2758 1 10652
2759 1 10602
2759 1 10619
2760 1 10643
2760 1 10667
2761 1 10605
2761 1 10620
2762 1 10590
2762 1 10632
2763 1 10643
2763 1 10674
2764 1 10590
2764 1 10692
2765 1 10605
2765 1 10689
2766 1 10602
2766 1 10674
2767 1 10605
2767 1 10721
2768 1 10663
2768 1 10687
2769 1 10597
2769 1 10652
2770 1 10602
2770 1 10720
2771 1 10670
2771 1 10674
2772 1 10623
2772 1 10648
2773 1 10602
2773 1 10720
2774 1 10605
2774 1 10689
2775 1 10659
2775 1 10670
2776 1 10605
2776 1 10721
2777 1 10643
2777 1 10674
2778 1 10605
2778 1 10721
2779 1 10643
2779 1 10671
2780 1 10677
2780 1 10679
2781 1 10643
2781 1 10644
2782 1 10590
2782 1 10600
2783 1 10605
2783 1 10721
2784 1 10662
2784 1 10677
2785 1 10605
2785 1 10721
2786 1 10629
2786 1 10643
2787 1 10659
2787 1 10670
2788 1 10659
2788 1 10670
2789 1 10659
2789 1 10670
2790 1 10590
2790 1 10651
2791 1 10674
2791 1 10677
2792 1 10590
2792 1 10596
2793 1 10643
2793 1 10671
2794 1 10643
2794 1 10674
2795 1 10590
2795 1 10690
2796 1 10677
2796 1 10679
2797 1 10677
2797 1 10688
2798 1 10652
2798 1 10702
2799 1 10652
2799 1 10702
2800 1 10608
2800 1 10652
2801 1 10590
2801 1 10692
2802 1 10662
2802 1 10677
2803 1 10605
2803 1 10721
2804 1 10590
2804 1 10632
2805 1 10605
2805 1 10721
2806 1 10605
2806 1 10689
2807 1 10643
2807 1 10674
2808 1 10659
2808 1 10670
2809 1 10612
2809 1 10648
2810 1 10602
2810 1 10626
2811 1 10602
2811 1 10604
2812 1 10605
2812 1 10721
2813 1 10590
2813 1 10632
2814 1 10605
2814 1 10704
2815 1 10602
2815 1 10626
2816 1 10605
2816 1 10689
2817 1 10590
2817 1 10632
2818 1 10602
2818 1 10626
2819 1 10643
2819 1 10674
2820 1 10589
2820 1 10652
2821 1 10595
2821 1 10681
2822 1 10598
2822 1 10677
2823 1 10605
2823 1 10689
2824 1 10586
2824 1 10650
2825 1 10605
2825 1 10721
2826 1 10643
2826 1 10667
2827 1 10605
2827 1 10689
2828 1 10649
2828 1 10677
2829 1 10676
2829 1 10677
2830 1 10605
2830 1 10689
2831 1 10677
2831 1 10688
2832 1 10605
2832 1 10705
2833 1 10643
2833 1 10674
2834 1 10602
2834 1 10720
2835 1 10590
2835 1 10615
2836 1 10622
2836 1 10630
2837 1 10590
2837 1 10690
2838 1 10622
2838 1 10630
2839 1 10677
2839 1 10688
2840 1 10590
2840 1 10615
2841 1 10602
2841 1 10716
2842 1 10663
2842 1 10687
2843 1 10608
2843 1 10652
2844 1 10605
2844 1 10620
2845 1 10605
2845 1 10705
2846 1 10605
2846 1 10689
2847 1 10605
2847 1 10689
2848 1 10590
2848 1 10651
2849 1 10602
2849 1 10720
2850 1 10590
2850 1 10615
2851 1 10630
2851 1 10658
2852 1 10663
2852 1 10666
2853 1 10605
2853 1 10689
2854 1 10629
2854 1 10643
2855 1 10605
2855 1 10721
2856 1 10602
2856 1 10626
2857 1 10581
2857 1 10652
2858 1 10624
2858 1 10670
2859 1 10643
2859 1 10671
2860 1 10590
2860 1 10696
2861 1 10590
2861 1 10651
2862 1 10605
2862 1 10721
2863 1 10590
2863 1 10651
2864 1 10643
2864 1 10674
2865 1 10590
2865 1 10615
2866 1 10605
2866 1 10610
2867 1 10605
2867 1 10660
2868 1 10590
2868 1 10696
2869 1 10598
2869 1 10677
2870 1 10605
2870 1 10721
2871 1 10605
2871 1 10721
2872 1 10605
2872 1 10689
2873 1 10580
2873 1 10652
2874 1 10590
2874 1 10651
2875 1 10677
2875 1 10678
2876 1 10643
2876 1 10644
2877 1 10605
2877 1 10689
2878 1 10677
2878 1 10688
2879 1 10605
2879 1 10620
2880 1 10681
2880 1 10683
2881 1 10633
2881 1 10650
2882 1 10602
2882 1 10720
2883 1 10710
2883 1 10711
2884 1 10627
2884 1 10652
2885 1 10605
2885 1 10660
2886 1 10649
2886 1 10677
2887 1 10652
2887 1 10702
2888 1 10681
2888 1 10683
2889 1 10652
2889 1 10702
2890 1 10643
2890 1 10667
2891 1 10643
2891 1 10674
2892 1 10605
2892 1 10689
2893 1 10650
2893 1 10714
2894 1 10643
2894 1 10644
2895 1 10659
2895 1 10670
2896 1 10643
2896 1 10644
2897 1 10605
2897 1 10660
2898 1 10605
2898 1 10704
2899 1 10659
2899 1 10670
2900 1 10590
2900 1 10613
2901 1 10602
2901 1 10716
2902 1 10602
2902 1 10720
2903 1 10590
2903 1 10634
2904 1 10657
2904 1 10677
2905 1 10590
2905 1 10613
2906 1 10612
2906 1 10648
2907 1 10605
2907 1 10620
2908 1 10630
2908 1 10674
2909 1 10677
2909 1 10701
2910 1 10605
2910 1 10606
2911 1 10605
2911 1 10721
2912 1 10605
2912 1 10689
2913 1 10590
2913 1 10591
2914 1 10605
2914 1 10721
2915 1 10590
2915 1 10632
2916 1 10639
2916 1 10663
2917 1 10590
2917 1 10615
2918 1 10590
2918 1 10596
2919 1 10652
2919 1 10699
2920 1 10677
2920 1 10679
2921 1 10590
2921 1 10613
2922 1 10590
2922 1 10634
2923 1 10601
2923 1 10605
2924 1 10643
2924 1 10674
2925 1 10677
2925 1 10693
2926 1 10652
2926 1 10702
2927 1 10605
2927 1 10689
2928 1 10605
2928 1 10721
2929 1 10590
2929 1 10632
2930 1 10605
2930 1 10689
2931 1 10674
2931 1 10712
2932 1 10590
2932 1 10600
2933 1 10677
2933 1 10679
2934 1 10652
2934 1 10717
2935 1 10643
2935 1 10674
2936 1 10605
2936 1 10689
2937 1 10605
2937 1 10721
2938 1 10605
2938 1 10721
2939 1 10652
2939 1 10686
2940 1 10578
2940 1 10602
2941 1 10605
2941 1 10721
2942 1 10643
2942 1 10644
2943 1 10592
2943 1 10677
2944 1 10681
2944 1 10718
2945 1 10643
2945 1 10671
2946 1 10605
2946 1 10620
2947 1 10590
2947 1 10613
2948 1 10605
2948 1 10721
2949 1 10590
2949 1 10615
2950 1 10643
2950 1 10644
2951 1 10605
2951 1 10610
2952 1 10633
2952 1 10650
2953 1 10677
2953 1 10693
2954 1 10649
2954 1 10677
2955 1 10659
2955 1 10670
2956 1 10605
2956 1 10660
2957 1 10605
2957 1 10689
2958 1 10652
2958 1 10702
2959 1 10605
2959 1 10721
2960 1 10590
2960 1 10600
2961 1 10580
2961 1 10652
2962 1 10602
2962 1 10619
2963 1 10670
2963 1 10698
2964 1 10590
2964 1 10632
2965 1 10602
2965 1 10626
2966 1 10605
2966 1 10620
2967 1 10637
2967 1 10677
2968 1 10659
2968 1 10670
2969 1 10652
2969 1 10699
2970 1 10590
2970 1 10596
2971 1 10677
2971 1 10679
2972 1 10607
2972 1 10630
2973 1 10617
2973 1 10650
2974 1 10639
2974 1 10663
2975 1 10643
2975 1 10667
2976 1 10605
2976 1 10721
2977 1 10677
2977 1 10688
2978 1 10590
2978 1 10651
2979 1 10590
2979 1 10696
2980 1 10608
2980 1 10652
2981 1 10643
2981 1 10667
2982 1 10605
2982 1 10620
2983 1 10590
2983 1 10708
2984 1 10590
2984 1 10690
2985 1 10579
2985 1 10635
2986 1 10602
2986 1 10674
2987 1 10609
2987 1 10681
2988 1 10652
2988 1 10699
2989 1 10605
2989 1 10660
2990 1 10590
2990 1 10615
2991 1 10677
2991 1 10679
2992 1 10643
2992 1 10674
2993 1 10643
2993 1 10644
2994 1 10590
2994 1 10632
2995 1 10605
2995 1 10704
2996 1 10605
2996 1 10721
2997 1 10676
2997 1 10677
2998 1 10579
2998 1 10635
2999 1 10590
2999 1 10655
3000 1 10677
3000 1 10679
3001 1 10643
3001 1 10644
3002 1 10605
3002 1 10721
3003 1 10605
3003 1 10705
3004 1 10630
3004 1 10700
3005 1 10590
3005 1 10632
3006 1 10590
3006 1 10615
3007 1 10605
3007 1 10660
3008 1 10643
3008 1 10674
3009 1 10601
3009 1 10605
3010 1 10590
3010 1 10600
3011 1 10659
3011 1 10670
3012 1 10590
3012 1 10613
3013 1 10590
3013 1 10596
3014 1 10605
3014 1 10721
3015 1 10677
3015 1 10688
3016 1 10605
3016 1 10721
3017 1 10643
3017 1 10674
3018 1 10643
3018 1 10644
3019 1 10677
3019 1 10688
3020 1 10590
3020 1 10632
3021 1 10590
3021 1 10708
3022 1 10590
3022 1 10696
3023 1 10643
3023 1 10667
3024 1 10602
3024 1 10720
3025 1 10592
3025 1 10677
3026 1 10643
3026 1 10644
3027 1 10590
3027 1 10636
3028 1 10643
3028 1 10674
3029 1 10710
3029 1 10711
3030 1 10629
3030 1 10643
3031 1 10657
3031 1 10677
3032 1 10649
3032 1 10677
3033 1 10605
3033 1 10721
3034 1 10590
3034 1 10613
3035 1 10677
3035 1 10679
3036 1 10590
3036 1 10696
3037 1 10605
3037 1 10721
3038 1 10652
3038 1 10653
3039 1 10605
3039 1 10721
3040 1 10590
3040 1 10634
3041 1 10601
3041 1 10605
3042 1 10579
3042 1 10654
3043 1 10590
3043 1 10600
3044 1 10677
3044 1 10709
3045 1 10605
3045 1 10721
3046 1 10590
3046 1 10632
3047 1 10590
3047 1 10613
3048 1 10681
3048 1 10718
3049 1 10605
3049 1 10721
3050 1 10605
3050 1 10721
3051 1 10657
3051 1 10677
3052 1 10659
3052 1 10670
3053 1 10605
3053 1 10721
3054 1 10605
3054 1 10689
3055 1 10579
3055 1 10654
3056 1 10602
3056 1 10626
3057 1 10652
3057 1 10653
3058 1 10605
3058 1 10705
3059 1 10590
3059 1 10596
3060 1 10590
3060 1 10615
3061 1 10643
3061 1 10674
3062 1 10643
3062 1 10667
3063 1 10663
3063 1 10665
3064 1 10602
3064 1 10604
3065 1 10663
3065 1 10666
3066 1 10586
3066 1 10650
3067 1 10633
3067 1 10650
3068 1 10602
3068 1 10604
3069 1 10602
3069 1 10720
3070 1 10605
3070 1 10689
3071 1 10590
3071 1 10690
3072 1 10590
3072 1 10615
3073 1 10590
3073 1 10634
3074 1 10605
3074 1 10721
3075 1 10586
3075 1 10650
3076 1 10590
3076 1 10600
3077 1 10579
3077 1 10654
3078 1 10637
3078 1 10677
3079 1 10605
3079 1 10721
3080 1 10681
3080 1 10682
3081 1 10605
3081 1 10660
3082 1 10652
3082 1 10702
3083 1 10643
3083 1 10671
3084 1 10590
3084 1 10615
3085 1 10643
3085 1 10674
3086 1 10605
3086 1 10689
3087 1 10590
3087 1 10634
3088 1 10590
3088 1 10596
3089 1 10590
3089 1 10672
3090 1 10659
3090 1 10670
3091 1 10590
3091 1 10591
3092 1 10659
3092 1 10670
3093 1 10670
3093 1 10674
3094 1 10590
3094 1 10655
3095 1 10605
3095 1 10705
3096 1 10605
3096 1 10721
3097 1 10659
3097 1 10670
3098 1 10643
3098 1 10674
3099 1 10608
3099 1 10652
3100 1 10659
3100 1 10670
3101 1 10643
3101 1 10667
3102 1 10605
3102 1 10689
3103 1 10590
3103 1 10634
3104 1 10605
3104 1 10620
3105 1 10652
3105 1 10702
3106 1 10590
3106 1 10634
3107 1 10652
3107 1 10717
3108 1 10601
3108 1 10605
3109 1 10590
3109 1 10615
3110 1 10592
3110 1 10677
3111 1 10590
3111 1 10674
3112 1 10643
3112 1 10644
3113 1 10605
3113 1 10620
3114 1 10602
3114 1 10626
3115 1 10639
3115 1 10663
3116 1 10677
3116 1 10679
3117 1 10612
3117 1 10648
3118 1 10630
3118 1 10669
3119 1 10643
3119 1 10644
3120 1 10643
3120 1 10644
3121 1 10643
3121 1 10644
3122 1 10605
3122 1 10660
3123 1 10605
3123 1 10660
3124 1 10652
3124 1 10702
3125 1 10590
3125 1 10696
3126 1 10659
3126 1 10670
3127 1 10659
3127 1 10670
3128 1 10605
3128 1 10620
3129 1 10659
3129 1 10670
3130 1 10605
3130 1 10689
3131 1 10590
3131 1 10674
3132 1 10605
3132 1 10620
3133 1 10659
3133 1 10670
3134 1 10605
3134 1 10689
3135 1 10590
3135 1 10600
3136 1 10605
3136 1 10721
3137 1 10643
3137 1 10674
3138 1 10605
3138 1 10660
3139 1 10605
3139 1 10689
3140 1 10590
3140 1 10613
3141 1 10590
3141 1 10632
3142 1 10602
3142 1 10619
3143 1 10663
3143 1 10664
3144 1 10605
3144 1 10721
3145 1 10601
3145 1 10605
3146 1 10579
3146 1 10635
3147 1 10590
3147 1 10632
3148 1 10605
3148 1 10721
3149 1 10677
3149 1 10701
3150 1 10677
3150 1 10679
3151 1 10590
3151 1 10613
3152 1 10676
3152 1 10677
3153 1 10659
3153 1 10670
3154 1 10659
3154 1 10670
3155 1 10659
3155 1 10670
3156 1 10659
3156 1 10670
3157 1 10605
3157 1 10660
3158 1 10605
3158 1 10660
3159 1 10677
3159 1 10679
3160 1 10659
3160 1 10670
3161 1 10605
3161 1 10721
3162 1 10659
3162 1 10670
3163 1 10590
3163 1 10600
3164 1 10643
3164 1 10644
3165 1 10601
3165 1 10605
3166 1 10590
3166 1 10708
3167 1 10652
3167 1 10702
3168 1 10602
3168 1 10720
3169 1 10579
3169 1 10703
3170 1 10590
3170 1 10596
3171 1 10657
3171 1 10677
3172 1 10677
3172 1 10709
3173 1 10612
3173 1 10648
3174 1 10605
3174 1 10689
3175 1 10643
3175 1 10644
3176 1 10681
3176 1 10682
3177 1 10602
3177 1 10626
3178 1 10663
3178 1 10687
3179 1 10643
3179 1 10667
3180 1 10643
3180 1 10667
3181 1 10629
3181 1 10643
3182 1 10602
3182 1 10626
3183 1 10643
3183 1 10674
3184 1 10605
3184 1 10721
3185 1 10605
3185 1 10689
3186 1 10605
3186 1 10705
3187 1 10590
3187 1 10632
3188 1 10710
3188 1 10711
3189 1 10590
3189 1 10596
3190 1 10581
3190 1 10652
3191 1 10643
3191 1 10667
3192 1 10602
3192 1 10619
3193 1 10590
3193 1 10674
3194 1 10652
3194 1 10702
3195 1 10677
3195 1 10701
3196 1 10605
3196 1 10721
3197 1 10677
3197 1 10688
3198 1 10608
3198 1 10652
3199 1 10590
3199 1 10632
3200 1 10605
3200 1 10721
3201 1 10677
3201 1 10688
3202 1 10590
3202 1 10613
3203 1 10601
3203 1 10605
3204 1 10605
3204 1 10721
3205 1 10602
3205 1 10626
3206 1 10601
3206 1 10605
3207 1 10609
3207 1 10681
3208 1 10602
3208 1 10720
3209 1 10590
3209 1 10615
3210 1 10652
3210 1 10702
3211 1 10590
3211 1 10613
3212 1 10605
3212 1 10689
3213 1 10659
3213 1 10670
3214 1 10590
3214 1 10615
3215 1 10605
3215 1 10705
3216 1 10605
3216 1 10721
3217 1 10590
3217 1 10615
3218 1 10590
3218 1 10632
3219 1 10590
3219 1 10615
3220 1 10605
3220 1 10660
3221 1 10643
3221 1 10644
3222 1 10652
3222 1 10702
3223 1 10590
3223 1 10615
3224 1 10605
3224 1 10721
3225 1 10578
3225 1 10602
3226 1 10590
3226 1 10651
3227 1 10605
3227 1 10704
3228 1 10590
3228 1 10613
3229 1 10605
3229 1 10689
3230 1 10602
3230 1 10720
3231 1 10590
3231 1 10632
3232 1 10677
3232 1 10679
3233 1 10590
3233 1 10674
3234 1 10659
3234 1 10670
3235 1 10605
3235 1 10721
3236 1 10590
3236 1 10651
3237 1 10605
3237 1 10689
3238 1 10602
3238 1 10626
3239 1 10590
3239 1 10600
3240 1 10605
3240 1 10721
3241 1 10605
3241 1 10721
3242 1 10605
3242 1 10689
3243 1 10605
3243 1 10721
3244 1 10659
3244 1 10670
3245 1 10590
3245 1 10613
3246 1 10602
3246 1 10626
3247 1 10579
3247 1 10654
3248 1 10605
3248 1 10721
3249 1 10590
3249 1 10632
3250 1 10643
3250 1 10674
3251 1 10630
3251 1 10669
3252 1 10652
3252 1 10702
3253 1 10597
3253 1 10652
3254 1 10677
3254 1 10679
3255 1 10590
3255 1 10655
3256 1 10590
3256 1 10615
3257 1 10590
3257 1 10632
3258 1 10643
3258 1 10667
3259 1 10659
3259 1 10670
3260 1 10608
3260 1 10652
3261 1 10602
3261 1 10674
3262 1 10590
3262 1 10615
3263 1 10590
3263 1 10632
3264 1 10590
3264 1 10596
3265 1 10595
3265 1 10681
3266 1 10581
3266 1 10652
3267 1 10652
3267 1 10702
3268 1 10590
3268 1 10596
3269 1 10605
3269 1 10721
3270 1 10590
3270 1 10596
3271 1 10602
3271 1 10720
3272 1 10605
3272 1 10704
3273 1 10605
3273 1 10606
3274 1 10590
3274 1 10696
3275 1 10590
3275 1 10632
3276 1 10605
3276 1 10660
3277 1 10590
3277 1 10615
3278 1 10602
3278 1 10720
3279 1 10602
3279 1 10720
3280 1 10579
3280 1 10635
3281 1 10605
3281 1 10620
3282 1 10590
3282 1 10674
3283 1 10605
3283 1 10689
3284 1 10605
3284 1 10660
3285 1 10663
3285 1 10664
3286 1 10602
3286 1 10716
3287 1 10605
3287 1 10721
3288 1 10605
3288 1 10721
3289 1 10659
3289 1 10670
3290 1 10670
3290 1 10698
3291 1 10602
3291 1 10626
3292 1 10677
3292 1 10688
3293 1 10659
3293 1 10670
3294 1 10605
3294 1 10660
3295 1 10605
3295 1 10721
3296 1 10592
3296 1 10677
3297 1 10605
3297 1 10721
3298 1 10659
3298 1 10670
3299 1 10605
3299 1 10721
3300 1 10582
3300 1 10652
3301 1 10602
3301 1 10626
3302 1 10659
3302 1 10670
3303 1 10630
3303 1 10700
3304 1 10652
3304 1 10717
3305 1 10605
3305 1 10660
3306 1 10657
3306 1 10677
3307 1 10643
3307 1 10671
3308 1 10643
3308 1 10671
3309 1 10590
3309 1 10596
3310 1 10608
3310 1 10652
3311 1 10659
3311 1 10670
3312 1 10643
3312 1 10667
3313 1 10590
3313 1 10632
3314 1 10605
3314 1 10620
3315 1 10590
3315 1 10600
3316 1 10590
3316 1 10655
3317 1 10602
3317 1 10604
3318 1 10602
3318 1 10626
3319 1 10643
3319 1 10671
3320 1 10710
3320 1 10711
3321 1 10710
3321 1 10711
3322 1 10643
3322 1 10674
3323 1 10627
3323 1 10652
3324 1 10652
3324 1 10699
3325 1 10677
3325 1 10679
3326 1 10590
3326 1 10692
3327 1 10643
3327 1 10667
3328 1 10605
3328 1 10721
3329 1 10659
3329 1 10670
3330 1 10598
3330 1 10677
3331 1 10643
3331 1 10644
3332 1 10605
3332 1 10721
3333 1 10590
3333 1 10632
3334 1 10677
3334 1 10679
3335 1 10602
3335 1 10720
3336 1 10643
3336 1 10674
3337 1 10639
3337 1 10663
3338 1 10710
3338 1 10711
3339 1 10608
3339 1 10652
3340 1 10602
3340 1 10716
3341 1 10609
3341 1 10681
3342 1 10605
3342 1 10721
3343 1 10643
3343 1 10674
3344 1 10643
3344 1 10674
3345 1 10659
3345 1 10670
3346 1 10643
3346 1 10671
3347 1 10710
3347 1 10711
3348 1 10590
3348 1 10632
3349 1 10657
3349 1 10677
3350 1 10602
3350 1 10720
3351 1 10589
3351 1 10652
3352 1 10681
3352 1 10718
3353 1 10602
3353 1 10720
3354 1 10639
3354 1 10663
3355 1 10648
3355 1 10694
3356 1 10622
3356 1 10630
3357 1 10605
3357 1 10721
3358 1 10710
3358 1 10711
3359 1 10582
3359 1 10652
3360 1 10605
3360 1 10721
3361 1 10605
3361 1 10721
3362 1 10643
3362 1 10674
3363 1 10590
3363 1 10613
3364 1 10590
3364 1 10600
3365 1 10659
3365 1 10670
3366 1 10590
3366 1 10696
3367 1 10590
3367 1 10600
3368 1 10605
3368 1 10689
3369 1 10652
3369 1 10717
3370 1 10590
3370 1 10615
3371 1 10677
3371 1 10688
3372 1 10601
3372 1 10605
3373 1 10590
3373 1 10613
3374 1 10643
3374 1 10644
3375 1 10639
3375 1 10663
3376 1 10677
3376 1 10679
3377 1 10677
3377 1 10701
3378 1 10602
3378 1 10720
3379 1 10601
3379 1 10605
3380 1 10590
3380 1 10632
3381 1 10590
3381 1 10615
3382 1 10605
3382 1 10689
3383 1 10616
3383 1 10630
3384 1 10578
3384 1 10602
3385 1 10605
3385 1 10721
3386 1 10590
3386 1 10615
3387 1 10663
3387 1 10687
3388 1 10652
3388 1 10699
3389 1 10605
3389 1 10721
3390 1 10605
3390 1 10721
3391 1 10590
3391 1 10632
3392 1 10643
3392 1 10644
3393 1 10629
3393 1 10643
3394 1 10605
3394 1 10606
3395 1 10590
3395 1 10632
3396 1 10605
3396 1 10721
3397 1 10605
3397 1 10721
3398 1 10590
3398 1 10615
3399 1 10590
3399 1 10615
3400 1 10590
3400 1 10615
3401 1 10590
3401 1 10615
3402 1 10590
3402 1 10615
3403 1 10605
3403 1 10689
3404 1 10592
3404 1 10677
3405 1 10592
3405 1 10677
3406 1 10643
3406 1 10644
3407 1 10670
3407 1 10674
3408 1 10590
3408 1 10651
3409 1 10643
3409 1 10674
3410 1 10648
3410 1 10694
3411 1 10612
3411 1 10648
3412 1 10677
3412 1 10688
3413 1 10605
3413 1 10721
3414 1 10590
3414 1 10596
3415 1 10590
3415 1 10708
3416 1 10677
3416 1 10679
3417 1 10643
3417 1 10674
3418 1 10590
3418 1 10632
3419 1 10659
3419 1 10670
3420 1 10677
3420 1 10709
3421 1 10643
3421 1 10671
3422 1 10590
3422 1 10692
3423 1 10652
3423 1 10699
3424 1 10590
3424 1 10651
3425 1 10605
3425 1 10721
3426 1 10677
3426 1 10693
3427 1 10590
3427 1 10615
3428 1 10670
3428 1 10674
3429 1 10592
3429 1 10677
3430 1 10659
3430 1 10670
3431 1 10592
3431 1 10677
3432 1 10622
3432 1 10630
3433 1 10662
3433 1 10677
3434 1 10677
3434 1 10678
3435 1 10579
3435 1 10654
3436 1 10605
3436 1 10606
3437 1 10590
3437 1 10613
3438 1 10659
3438 1 10670
3439 1 10590
3439 1 10690
3440 1 10650
3440 1 10674
3441 1 10612
3441 1 10648
3442 1 10605
3442 1 10721
3443 1 10659
3443 1 10670
3444 1 10590
3444 1 10696
3445 1 10590
3445 1 10632
3446 1 10643
3446 1 10674
3447 1 10590
3447 1 10613
3448 1 10601
3448 1 10605
3449 1 10643
3449 1 10674
3450 1 10643
3450 1 10667
3451 1 10583
3451 1 10670
3452 1 10605
3452 1 10704
3453 1 10605
3453 1 10620
3454 1 10602
3454 1 10720
3455 1 10605
3455 1 10620
3456 1 10681
3456 1 10718
3457 1 10677
3457 1 10688
3458 1 10590
3458 1 10655
3459 1 10590
3459 1 10615
3460 1 10652
3460 1 10699
3461 1 10643
3461 1 10674
3462 1 10602
3462 1 10604
3463 1 10597
3463 1 10652
3464 1 10605
3464 1 10689
3465 1 10643
3465 1 10667
3466 1 10628
3466 1 10677
3467 1 10677
3467 1 10679
3468 1 10592
3468 1 10677
3469 1 10630
3469 1 10723
3470 1 10601
3470 1 10605
3471 1 10643
3471 1 10667
3472 1 10670
3472 1 10674
3473 1 10590
3473 1 10615
3474 1 10578
3474 1 10602
3475 1 10590
3475 1 10615
3476 1 10629
3476 1 10643
3477 1 10630
3477 1 10669
3478 1 10602
3478 1 10716
3479 1 10659
3479 1 10670
3480 1 10605
3480 1 10610
3481 1 10579
3481 1 10635
3482 1 10605
3482 1 10721
3483 1 10607
3483 1 10630
3484 1 10605
3484 1 10721
3485 1 10659
3485 1 10670
3486 1 10590
3486 1 10632
3487 1 10602
3487 1 10716
3488 1 10677
3488 1 10688
3489 1 10677
3489 1 10701
3490 1 10605
3490 1 10689
3491 1 10643
3491 1 10667
3492 1 10605
3492 1 10721
3493 1 10590
3493 1 10632
3494 1 10643
3494 1 10667
3495 1 10590
3495 1 10632
3496 1 10652
3496 1 10702
3497 1 10590
3497 1 10651
3498 1 10590
3498 1 10632
3499 1 10590
3499 1 10615
3500 1 10602
3500 1 10626
3501 1 10578
3501 1 10602
3502 1 10601
3502 1 10605
3503 1 10605
3503 1 10660
3504 1 10643
3504 1 10644
3505 1 10659
3505 1 10670
3506 1 10590
3506 1 10615
3507 1 10710
3507 1 10711
3508 1 10652
3508 1 10702
3509 1 10590
3509 1 10600
3510 1 10605
3510 1 10721
3511 1 10677
3511 1 10678
3512 1 10590
3512 1 10591
3513 1 10602
3513 1 10720
3514 1 10605
3514 1 10606
3515 1 10710
3515 1 10711
3516 1 10590
3516 1 10708
3517 1 10605
3517 1 10660
3518 1 10643
3518 1 10667
3519 1 10590
3519 1 10615
3520 1 10605
3520 1 10689
3521 1 10710
3521 1 10711
3522 1 10605
3522 1 10620
3523 1 10677
3523 1 10688
3524 1 10590
3524 1 10596
3525 1 10710
3525 1 10711
3526 1 10643
3526 1 10671
3527 1 10659
3527 1 10670
3528 1 10605
3528 1 10620
3529 1 10605
3529 1 10721
3530 1 10605
3530 1 10660
3531 1 10659
3531 1 10670
3532 1 10643
3532 1 10674
3533 1 10579
3533 1 10654
3534 1 10590
3534 1 10615
3535 1 10605
3535 1 10689
3536 1 10605
3536 1 10721
3537 1 10670
3537 1 10698
3538 1 10652
3538 1 10702
3539 1 10592
3539 1 10677
3540 1 10582
3540 1 10652
3541 1 10590
3541 1 10632
3542 1 10590
3542 1 10632
3543 1 10590
3543 1 10632
3544 1 10590
3544 1 10613
3545 1 10590
3545 1 10613
3546 1 10710
3546 1 10711
3547 1 10652
3547 1 10653
3548 1 10602
3548 1 10720
3549 1 10602
3549 1 10720
3550 1 10663
3550 1 10665
3551 1 10605
3551 1 10721
3552 1 10608
3552 1 10652
3553 1 10607
3553 1 10630
3554 1 10590
3554 1 10613
3555 1 10643
3555 1 10674
3556 1 10677
3556 1 10679
3557 1 10605
3557 1 10721
3558 1 10589
3558 1 10652
3559 1 10652
3559 1 10717
3560 1 10605
3560 1 10721
3561 1 10605
3561 1 10721
3562 1 10605
3562 1 10721
3563 1 10597
3563 1 10652
3564 1 10605
3564 1 10689
3565 1 10602
3565 1 10626
3566 1 10643
3566 1 10674
3567 1 10643
3567 1 10674
3568 1 10643
3568 1 10667
3569 1 10643
3569 1 10667
3570 1 10643
3570 1 10667
3571 1 10590
3571 1 10615
3572 1 10652
3572 1 10699
3573 1 10643
3573 1 10644
3574 1 10605
3574 1 10704
3575 1 10659
3575 1 10670
3576 1 10581
3576 1 10652
3577 1 10677
3577 1 10678
3578 1 10605
3578 1 10705
3579 1 10710
3579 1 10711
3580 1 10590
3580 1 10615
3581 1 10643
3581 1 10667
3582 1 10624
3582 1 10670
3583 1 10605
3583 1 10689
3584 1 10605
3584 1 10689
3585 1 10677
3585 1 10688
3586 1 10609
3586 1 10681
3587 1 10710
3587 1 10711
3588 1 10590
3588 1 10672
3589 1 10657
3589 1 10677
3590 1 10601
3590 1 10605
3591 1 10590
3591 1 10632
3592 1 10605
3592 1 10689
3593 1 10590
3593 1 10613
3594 1 10659
3594 1 10670
3595 1 10602
3595 1 10626
3596 1 10605
3596 1 10689
3597 1 10605
3597 1 10721
3598 1 10652
3598 1 10674
3599 1 10670
3599 1 10674
3600 1 10652
3600 1 10702
3601 1 10590
3601 1 10632
3602 1 10605
3602 1 10660
3603 1 10590
3603 1 10632
3604 1 10605
3604 1 10721
3605 1 10590
3605 1 10596
3606 1 10663
3606 1 10719
3607 1 10612
3607 1 10648
3608 1 10590
3608 1 10615
3609 1 10643
3609 1 10674
3610 1 10590
3610 1 10615
3611 1 10602
3611 1 10674
3612 1 10590
3612 1 10632
3613 1 10605
3613 1 10689
3614 1 10601
3614 1 10605
3615 1 10602
3615 1 10626
3616 1 10605
3616 1 10689
3617 1 10659
3617 1 10670
3618 1 10670
3618 1 10674
3619 1 10605
3619 1 10721
3620 1 10643
3620 1 10667
3621 1 10590
3621 1 10632
3622 1 10605
3622 1 10620
3623 1 10602
3623 1 10720
3624 1 10643
3624 1 10644
3625 1 10579
3625 1 10635
3626 1 10605
3626 1 10721
3627 1 10677
3627 1 10679
3628 1 10608
3628 1 10652
3629 1 10652
3629 1 10702
3630 1 10670
3630 1 10674
3631 1 10643
3631 1 10644
3632 1 10605
3632 1 10689
3633 1 10643
3633 1 10671
3634 1 10605
3634 1 10704
3635 1 10602
3635 1 10614
3636 1 10590
3636 1 10632
3637 1 10674
3637 1 10677
3638 1 10590
3638 1 10632
3639 1 10659
3639 1 10670
3640 1 10677
3640 1 10688
3641 1 10598
3641 1 10677
3642 1 10602
3642 1 10603
3643 1 10581
3643 1 10652
3644 1 10652
3644 1 10699
3645 1 10608
3645 1 10652
3646 1 10639
3646 1 10663
3647 1 10648
3647 1 10706
3648 1 10605
3648 1 10705
3649 1 10605
3649 1 10721
3650 1 10581
3650 1 10652
3651 1 10602
3651 1 10720
3652 1 10605
3652 1 10721
3653 1 10590
3653 1 10636
3654 1 10605
3654 1 10689
3655 1 10605
3655 1 10721
3656 1 10592
3656 1 10677
3657 1 10629
3657 1 10643
3658 1 10605
3658 1 10660
3659 1 10605
3659 1 10689
3660 1 10643
3660 1 10674
3661 1 10659
3661 1 10670
3662 1 10590
3662 1 10632
3663 1 10602
3663 1 10716
3664 1 10605
3664 1 10721
3665 1 10605
3665 1 10721
3666 1 10643
3666 1 10667
3667 1 10605
3667 1 10721
3668 1 10590
3668 1 10596
3669 1 10590
3669 1 10600
3670 1 10605
3670 1 10689
3671 1 10648
3671 1 10674
3672 1 10602
3672 1 10720
3673 1 10622
3673 1 10630
3674 1 10590
3674 1 10636
3675 1 10608
3675 1 10652
3676 1 10590
3676 1 10600
3677 1 10605
3677 1 10721
3678 1 10605
3678 1 10721
3679 1 10663
3679 1 10665
3680 1 10622
3680 1 10630
3681 1 10670
3681 1 10673
3682 1 10605
3682 1 10620
3683 1 10659
3683 1 10670
3684 1 10637
3684 1 10677
3685 1 10652
3685 1 10717
3686 1 10652
3686 1 10653
3687 1 10605
3687 1 10721
3688 1 10605
3688 1 10721
3689 1 10652
3689 1 10699
3690 1 10579
3690 1 10635
3691 1 10605
3691 1 10689
3692 1 10637
3692 1 10677
3693 1 10579
3693 1 10635
3694 1 10579
3694 1 10635
3695 1 10601
3695 1 10605
3696 1 10677
3696 1 10709
3697 1 10643
3697 1 10674
3698 1 10677
3698 1 10688
3699 1 10589
3699 1 10652
3700 1 10677
3700 1 10679
3701 1 10643
3701 1 10667
3702 1 10648
3702 1 10706
3703 1 10677
3703 1 10679
3704 1 10605
3704 1 10689
3705 1 10605
3705 1 10721
3706 1 10652
3706 1 10699
3707 1 10590
3707 1 10596
3708 1 10659
3708 1 10670
3709 1 10643
3709 1 10644
3710 1 10590
3710 1 10600
3711 1 10602
3711 1 10604
3712 1 10592
3712 1 10677
3713 1 10605
3713 1 10620
3714 1 10590
3714 1 10690
3715 1 10605
3715 1 10721
3716 1 10590
3716 1 10613
3717 1 10590
3717 1 10655
3718 1 10643
3718 1 10674
3719 1 10643
3719 1 10674
3720 1 10617
3720 1 10650
3721 1 10663
3721 1 10665
3722 1 10602
3722 1 10626
3723 1 10605
3723 1 10721
3724 1 10677
3724 1 10688
3725 1 10670
3725 1 10673
3726 1 10605
3726 1 10721
3727 1 10643
3727 1 10671
3728 1 10581
3728 1 10652
3729 1 10590
3729 1 10596
3730 1 10590
3730 1 10613
3731 1 10605
3731 1 10620
3732 1 10652
3732 1 10699
3733 1 10590
3733 1 10615
3734 1 10590
3734 1 10613
3735 1 10637
3735 1 10677
3736 1 10677
3736 1 10701
3737 1 10643
3737 1 10644
3738 1 10659
3738 1 10670
3739 1 10659
3739 1 10670
3740 1 10652
3740 1 10702
3741 1 10643
3741 1 10644
3742 1 10605
3742 1 10689
3743 1 10605
3743 1 10721
3744 1 10670
3744 1 10698
3745 1 10590
3745 1 10613
3746 1 10657
3746 1 10677
3747 1 10643
3747 1 10667
3748 1 10677
3748 1 10679
3749 1 10710
3749 1 10711
3750 1 10605
3750 1 10721
3751 1 10657
3751 1 10677
3752 1 10605
3752 1 10721
3753 1 10681
3753 1 10718
3754 1 10605
3754 1 10705
3755 1 10605
3755 1 10721
3756 1 10605
3756 1 10721
3757 1 10677
3757 1 10679
3758 1 10590
3758 1 10615
3759 1 10590
3759 1 10615
3760 1 10590
3760 1 10651
3761 1 10629
3761 1 10643
3762 1 10590
3762 1 10615
3763 1 10643
3763 1 10674
3764 1 10590
3764 1 10615
3765 1 10590
3765 1 10613
3766 1 10677
3766 1 10679
3767 1 10670
3767 1 10698
3768 1 10677
3768 1 10688
3769 1 10605
3769 1 10704
3770 1 10605
3770 1 10721
3771 1 10652
3771 1 10702
3772 1 10586
3772 1 10650
3773 1 10590
3773 1 10651
3774 1 10602
3774 1 10604
3775 1 10605
3775 1 10689
3776 1 10590
3776 1 10674
3777 1 10605
3777 1 10689
3778 1 10605
3778 1 10721
3779 1 10590
3779 1 10636
3780 1 10605
3780 1 10721
3781 1 10643
3781 1 10667
3782 1 10637
3782 1 10677
3783 1 10643
3783 1 10671
3784 1 10605
3784 1 10704
3785 1 10605
3785 1 10660
3786 1 10590
3786 1 10596
3787 1 10605
3787 1 10689
3788 1 10608
3788 1 10652
3789 1 10643
3789 1 10671
3790 1 10605
3790 1 10721
3791 1 10630
3791 1 10658
3792 1 10677
3792 1 10679
3793 1 10605
3793 1 10704
3794 1 10605
3794 1 10721
3795 1 10590
3795 1 10613
3796 1 10579
3796 1 10654
3797 1 10643
3797 1 10671
3798 1 10605
3798 1 10705
3799 1 10590
3799 1 10655
3800 1 10608
3800 1 10652
3801 1 10646
3801 1 10648
3802 1 10602
3802 1 10716
3803 1 10605
3803 1 10660
3804 1 10579
3804 1 10654
3805 1 10710
3805 1 10711
3806 1 10590
3806 1 10651
3807 1 10605
3807 1 10660
3808 1 10602
3808 1 10720
3809 1 10605
3809 1 10721
3810 1 10590
3810 1 10615
3811 1 10605
3811 1 10705
3812 1 10605
3812 1 10689
3813 1 10605
3813 1 10721
3814 1 10643
3814 1 10644
3815 1 10590
3815 1 10696
3816 1 10590
3816 1 10596
3817 1 10605
3817 1 10721
3818 1 10586
3818 1 10650
3819 1 10624
3819 1 10670
3820 1 10643
3820 1 10644
3821 1 10605
3821 1 10689
3822 1 10643
3822 1 10667
3823 1 10605
3823 1 10721
3824 1 10590
3824 1 10651
3825 1 10602
3825 1 10720
3826 1 10643
3826 1 10674
3827 1 10609
3827 1 10681
3828 1 10605
3828 1 10721
3829 1 10659
3829 1 10670
3830 1 10590
3830 1 10613
3831 1 10643
3831 1 10674
3832 1 10590
3832 1 10613
3833 1 10643
3833 1 10674
3834 1 10590
3834 1 10634
3835 1 10590
3835 1 10632
3836 1 10590
3836 1 10634
3837 1 10612
3837 1 10648
3838 1 10590
3838 1 10651
3839 1 10677
3839 1 10679
3840 1 10590
3840 1 10613
3841 1 10590
3841 1 10651
3842 1 10590
3842 1 10655
3843 1 10590
3843 1 10596
3844 1 10590
3844 1 10596
3845 1 10592
3845 1 10677
3846 1 10605
3846 1 10606
3847 1 10590
3847 1 10634
3848 1 10605
3848 1 10689
3849 1 10605
3849 1 10660
3850 1 10652
3850 1 10702
3851 1 10602
3851 1 10619
3852 1 10602
3852 1 10720
3853 1 10652
3853 1 10702
3854 1 10674
3854 1 10677
3855 1 10605
3855 1 10689
3856 1 10605
3856 1 10721
3857 1 10663
3857 1 10664
3858 1 10605
3858 1 10620
3859 1 10612
3859 1 10648
3860 1 10612
3860 1 10648
3861 1 10605
3861 1 10660
3862 1 10605
3862 1 10660
3863 1 10605
3863 1 10705
3864 1 10643
3864 1 10671
3865 1 10590
3865 1 10632
3866 1 10579
3866 1 10654
3867 1 10681
3867 1 10718
3868 1 10652
3868 1 10717
3869 1 10643
3869 1 10644
3870 1 10659
3870 1 10670
3871 1 10676
3871 1 10677
3872 1 10590
3872 1 10615
3873 1 10590
3873 1 10615
3874 1 10659
3874 1 10670
3875 1 10605
3875 1 10689
3876 1 10578
3876 1 10602
3877 1 10602
3877 1 10619
3878 1 10590
3878 1 10613
3879 1 10590
3879 1 10613
3880 1 10590
3880 1 10634
3881 1 10670
3881 1 10698
3882 1 10677
3882 1 10679
3883 1 10605
3883 1 10689
3884 1 10590
3884 1 10600
3885 1 10590
3885 1 10600
3886 1 10578
3886 1 10602
3887 1 10602
3887 1 10720
3888 1 10590
3888 1 10632
3889 1 10578
3889 1 10602
3890 1 10590
3890 1 10674
3891 1 10659
3891 1 10670
3892 1 10657
3892 1 10677
3893 1 10605
3893 1 10689
3894 1 10605
3894 1 10721
3895 1 10602
3895 1 10674
3896 1 10605
3896 1 10689
3897 1 10652
3897 1 10702
3898 1 10601
3898 1 10605
3899 1 10605
3899 1 10689
3900 1 10659
3900 1 10670
3901 1 10643
3901 1 10674
3902 1 10605
3902 1 10660
3903 1 10590
3903 1 10632
3904 1 10602
3904 1 10720
3905 1 10652
3905 1 10674
3906 1 10605
3906 1 10721
3907 1 10677
3907 1 10679
3908 1 10643
3908 1 10674
3909 1 10590
3909 1 10690
3910 1 10608
3910 1 10652
3911 1 10643
3911 1 10667
3912 1 10590
3912 1 10632
3913 1 10590
3913 1 10632
3914 1 10605
3914 1 10721
3915 1 10677
3915 1 10679
3916 1 10605
3916 1 10721
3917 1 10605
3917 1 10660
3918 1 10605
3918 1 10660
3919 1 10590
3919 1 10690
3920 1 10643
3920 1 10674
3921 1 10605
3921 1 10721
3922 1 10605
3922 1 10704
3923 1 10616
3923 1 10630
3924 1 10607
3924 1 10630
3925 1 10607
3925 1 10630
3926 1 10611
3926 1 10710
3927 1 10605
3927 1 10660
3928 1 10627
3928 1 10652
3929 1 10590
3929 1 10632
3930 1 10621
3930 1 10650
3931 1 10590
3931 1 10672
3932 1 10608
3932 1 10652
3933 1 10579
3933 1 10703
3934 1 10624
3934 1 10670
3935 1 10590
3935 1 10615
3936 1 10643
3936 1 10667
3937 1 10643
3937 1 10674
3938 1 10590
3938 1 10613
3939 1 10677
3939 1 10679
3940 1 10605
3940 1 10689
3941 1 10590
3941 1 10615
3942 1 10605
3942 1 10620
3943 1 10579
3943 1 10654
3944 1 10630
3944 1 10658
3945 1 10605
3945 1 10610
3946 1 10581
3946 1 10652
3947 1 10602
3947 1 10720
3948 1 10643
3948 1 10674
3949 1 10605
3949 1 10721
3950 1 10605
3950 1 10660
3951 1 10677
3951 1 10679
3952 1 10652
3952 1 10699
3953 1 10590
3953 1 10600
3954 1 10590
3954 1 10615
3955 1 10605
3955 1 10721
3956 1 10605
3956 1 10689
3957 1 10652
3957 1 10653
3958 1 10602
3958 1 10626
3959 1 10590
3959 1 10690
3960 1 10578
3960 1 10602
3961 1 10590
3961 1 10690
3962 1 10601
3962 1 10605
3963 1 10602
3963 1 10604
3964 1 10652
3964 1 10702
3965 1 10602
3965 1 10720
3966 1 10602
3966 1 10604
3967 1 10590
3967 1 10615
3968 1 10652
3968 1 10702
3969 1 10643
3969 1 10674
3970 1 10643
3970 1 10644
3971 1 10590
3971 1 10615
3972 1 10605
3972 1 10660
3973 1 10643
3973 1 10671
3974 1 10597
3974 1 10652
3975 1 10681
3975 1 10718
3976 1 10629
3976 1 10643
3977 1 10605
3977 1 10689
3978 1 10605
3978 1 10689
3979 1 10659
3979 1 10670
3980 1 10628
3980 1 10677
3981 1 10643
3981 1 10674
3982 1 10590
3982 1 10615
3983 1 10605
3983 1 10610
3984 1 10630
3984 1 10669
3985 1 10611
3985 1 10710
3986 1 10586
3986 1 10650
3987 1 10608
3987 1 10652
3988 1 10590
3988 1 10690
3989 1 10605
3989 1 10721
3990 1 10605
3990 1 10721
3991 1 10677
3991 1 10693
3992 1 10605
3992 1 10721
3993 1 10622
3993 1 10630
3994 1 10590
3994 1 10613
3995 1 10592
3995 1 10677
3996 1 10659
3996 1 10670
3997 1 10608
3997 1 10652
3998 1 10601
3998 1 10605
3999 1 10590
3999 1 10613
4000 1 10612
4000 1 10648
4001 1 10643
4001 1 10674
4002 1 10659
4002 1 10670
4003 1 10602
4003 1 10720
4004 1 10677
4004 1 10679
4005 1 10652
4005 1 10699
4006 1 10677
4006 1 10688
4007 1 10605
4007 1 10721
4008 1 10643
4008 1 10674
4009 1 10652
4009 1 10699
4010 1 10590
4010 1 10615
4011 1 10602
4011 1 10720
4012 1 10590
4012 1 10600
4013 1 10624
4013 1 10670
4014 1 10605
4014 1 10721
4015 1 10612
4015 1 10648
4016 1 10643
4016 1 10644
4017 1 10590
4017 1 10651
4018 1 10663
4018 1 10665
4019 1 10662
4019 1 10677
4020 1 10579
4020 1 10703
4021 1 10590
4021 1 10613
4022 1 10590
4022 1 10692
4023 1 10602
4023 1 10720
4024 1 10605
4024 1 10705
4025 1 10677
4025 1 10679
4026 1 10652
4026 1 10717
4027 1 10659
4027 1 10670
4028 1 10579
4028 1 10703
4029 1 10643
4029 1 10667
4030 1 10590
4030 1 10615
4031 1 10643
4031 1 10671
4032 1 10590
4032 1 10613
4033 1 10674
4033 1 10681
4034 1 10601
4034 1 10605
4035 1 10605
4035 1 10721
4036 1 10605
4036 1 10660
4037 1 10628
4037 1 10677
4038 1 10605
4038 1 10721
4039 1 10623
4039 1 10648
4040 1 10643
4040 1 10644
4041 1 10605
4041 1 10721
4042 1 10605
4042 1 10721
4043 1 10605
4043 1 10704
4044 1 10601
4044 1 10605
4045 1 10649
4045 1 10677
4046 1 10590
4046 1 10636
4047 1 10605
4047 1 10689
4048 1 10605
4048 1 10689
4049 1 10602
4049 1 10720
4050 1 10710
4050 1 10711
4051 1 10605
4051 1 10689
4052 1 10590
4052 1 10600
4053 1 10612
4053 1 10648
4054 1 10590
4054 1 10651
4055 1 10643
4055 1 10674
4056 1 10643
4056 1 10671
4057 1 10643
4057 1 10671
4058 1 10605
4058 1 10721
4059 1 10643
4059 1 10674
4060 1 10586
4060 1 10650
4061 1 10601
4061 1 10605
4062 1 10605
4062 1 10689
4063 1 10659
4063 1 10670
4064 1 10601
4064 1 10605
4065 1 10581
4065 1 10652
4066 1 10659
4066 1 10670
4067 1 10590
4067 1 10613
4068 1 10590
4068 1 10600
4069 1 10643
4069 1 10644
4070 1 10605
4070 1 10721
4071 1 10605
4071 1 10689
4072 1 10590
4072 1 10613
4073 1 10590
4073 1 10615
4074 1 10590
4074 1 10613
4075 1 10590
4075 1 10613
4076 1 10590
4076 1 10613
4077 1 10659
4077 1 10670
4078 1 10605
4078 1 10721
4079 1 10605
4079 1 10721
4080 1 10643
4080 1 10674
4081 1 10602
4081 1 10626
4082 1 10659
4082 1 10670
4083 1 10590
4083 1 10632
4084 1 10590
4084 1 10708
4085 1 10712
4085 1 10713
4086 1 10608
4086 1 10652
4087 1 10643
4087 1 10667
4088 1 10602
4088 1 10720
4089 1 10681
4089 1 10683
4090 1 10590
4090 1 10632
4091 1 10643
4091 1 10667
4092 1 10659
4092 1 10670
4093 1 10659
4093 1 10670
4094 1 10590
4094 1 10632
4095 1 10677
4095 1 10688
4096 1 10590
4096 1 10600
4097 1 10710
4097 1 10711
4098 1 10677
4098 1 10688
4099 1 10602
4099 1 10626
4100 1 10605
4100 1 10620
4101 1 10590
4101 1 10696
4102 1 10608
4102 1 10652
4103 1 10605
4103 1 10660
4104 1 10590
4104 1 10600
4105 1 10605
4105 1 10721
4106 1 10643
4106 1 10674
4107 1 10590
4107 1 10613
4108 1 10605
4108 1 10689
4109 1 10590
4109 1 10615
4110 1 10681
4110 1 10682
4111 1 10605
4111 1 10721
4112 1 10605
4112 1 10606
4113 1 10605
4113 1 10721
4114 1 10590
4114 1 10696
4115 1 10590
4115 1 10690
4116 1 10602
4116 1 10626
4117 1 10659
4117 1 10670
4118 1 10602
4118 1 10626
4119 1 10639
4119 1 10663
4120 1 10590
4120 1 10615
4121 1 10639
4121 1 10663
4122 1 10652
4122 1 10699
4123 1 10590
4123 1 10613
4124 1 10677
4124 1 10679
4125 1 10663
4125 1 10664
4126 1 10590
4126 1 10672
4127 1 10605
4127 1 10689
4128 1 10590
4128 1 10690
4129 1 10643
4129 1 10644
4130 1 10622
4130 1 10630
4131 1 10659
4131 1 10670
4132 1 10628
4132 1 10677
4133 1 10602
4133 1 10674
4134 1 10605
4134 1 10704
4135 1 10582
4135 1 10652
4136 1 10618
4136 1 10648
4137 1 10579
4137 1 10654
4138 1 10590
4138 1 10674
4139 1 10612
4139 1 10648
4140 1 10643
4140 1 10667
4141 1 10605
4141 1 10606
4142 1 10605
4142 1 10660
4143 1 10621
4143 1 10650
4144 1 10643
4144 1 10674
4145 1 10643
4145 1 10674
4146 1 10590
4146 1 10600
4147 1 10643
4147 1 10674
4148 1 10659
4148 1 10670
4149 1 10602
4149 1 10626
4150 1 10590
4150 1 10651
4151 1 10652
4151 1 10702
4152 1 10643
4152 1 10674
4153 1 10605
4153 1 10721
4154 1 10643
4154 1 10674
4155 1 10605
4155 1 10721
4156 1 10602
4156 1 10716
4157 1 10643
4157 1 10667
4158 1 10643
4158 1 10667
4159 1 10643
4159 1 10674
4160 1 10633
4160 1 10650
4161 1 10681
4161 1 10682
4162 1 10602
4162 1 10626
4163 1 10590
4163 1 10613
4164 1 10659
4164 1 10670
4165 1 10605
4165 1 10721
4166 1 10590
4166 1 10651
4167 1 10605
4167 1 10705
4168 1 10605
4168 1 10606
4169 1 10602
4169 1 10619
4170 1 10652
4170 1 10702
4171 1 10643
4171 1 10644
4172 1 10592
4172 1 10677
4173 1 10612
4173 1 10648
4174 1 10650
4174 1 10674
4175 1 10605
4175 1 10721
4176 1 10643
4176 1 10644
4177 1 10590
4177 1 10632
4178 1 10590
4178 1 10651
4179 1 10612
4179 1 10648
4180 1 10643
4180 1 10674
4181 1 10643
4181 1 10674
4182 1 10578
4182 1 10602
4183 1 10590
4183 1 10613
4184 1 10659
4184 1 10670
4185 1 10638
4185 1 10710
4186 1 10605
4186 1 10721
4187 1 10590
4187 1 10690
4188 1 10605
4188 1 10660
4189 1 10605
4189 1 10689
4190 1 10608
4190 1 10652
4191 1 10652
4191 1 10668
4192 1 10590
4192 1 10600
4193 1 10652
4193 1 10653
4194 1 10643
4194 1 10644
4195 1 10629
4195 1 10643
4196 1 10605
4196 1 10721
4197 1 10605
4197 1 10689
4198 1 10602
4198 1 10626
4199 1 10602
4199 1 10716
4200 1 10605
4200 1 10721
4201 1 10605
4201 1 10721
4202 1 10590
4202 1 10674
4203 1 10659
4203 1 10670
4204 1 10605
4204 1 10606
4205 1 10605
4205 1 10704
4206 1 10605
4206 1 10721
4207 1 10590
4207 1 10613
4208 1 10605
4208 1 10721
4209 1 10590
4209 1 10600
4210 1 10710
4210 1 10711
4211 1 10605
4211 1 10721
4212 1 10602
4212 1 10720
4213 1 10643
4213 1 10667
4214 1 10643
4214 1 10674
4215 1 10590
4215 1 10613
4216 1 10652
4216 1 10702
4217 1 10605
4217 1 10721
4218 1 10605
4218 1 10689
4219 1 10602
4219 1 10604
4220 1 10605
4220 1 10660
4221 1 10590
4221 1 10708
4222 1 10605
4222 1 10721
4223 1 10590
4223 1 10692
4224 1 10605
4224 1 10660
4225 1 10590
4225 1 10632
4226 1 10616
4226 1 10630
4227 1 10592
4227 1 10677
4228 1 10605
4228 1 10689
4229 1 10605
4229 1 10620
4230 1 10605
4230 1 10689
4231 1 10602
4231 1 10720
4232 1 10643
4232 1 10674
4233 1 10638
4233 1 10710
4234 1 10643
4234 1 10667
4235 1 10659
4235 1 10670
4236 1 10643
4236 1 10667
4237 1 10590
4237 1 10613
4238 1 10602
4238 1 10604
4239 1 10616
4239 1 10630
4240 1 10590
4240 1 10634
4241 1 10643
4241 1 10674
4242 1 10710
4242 1 10711
4243 1 10605
4243 1 10705
4244 1 10590
4244 1 10600
4245 1 10590
4245 1 10632
4246 1 10605
4246 1 10721
4247 1 10605
4247 1 10721
4248 1 10590
4248 1 10632
4249 1 10605
4249 1 10660
4250 1 10643
4250 1 10674
4251 1 10677
4251 1 10679
4252 1 10605
4252 1 10660
4253 1 10605
4253 1 10721
4254 1 10590
4254 1 10613
4255 1 10590
4255 1 10632
4256 1 10677
4256 1 10679
4257 1 10608
4257 1 10652
4258 1 10602
4258 1 10720
4259 1 10590
4259 1 10672
4260 1 10605
4260 1 10606
4261 1 10643
4261 1 10667
4262 1 10643
4262 1 10667
4263 1 10629
4263 1 10643
4264 1 10590
4264 1 10690
4265 1 10681
4265 1 10718
4266 1 10652
4266 1 10717
4267 1 10590
4267 1 10655
4268 1 10590
4268 1 10600
4269 1 10590
4269 1 10600
4270 1 10605
4270 1 10721
4271 1 10590
4271 1 10632
4272 1 10652
4272 1 10717
4273 1 10605
4273 1 10689
4274 1 10602
4274 1 10619
4275 1 10662
4275 1 10677
4276 1 10590
4276 1 10613
4277 1 10663
4277 1 10664
4278 1 10602
4278 1 10674
4279 1 10590
4279 1 10613
4280 1 10643
4280 1 10674
4281 1 10605
4281 1 10721
4282 1 10652
4282 1 10717
4283 1 10605
4283 1 10660
4284 1 10590
4284 1 10600
4285 1 10605
4285 1 10721
4286 1 10677
4286 1 10679
4287 1 10605
4287 1 10620
4288 1 10590
4288 1 10696
4289 1 10605
4289 1 10660
4290 1 10622
4290 1 10630
4291 1 10659
4291 1 10670
4292 1 10605
4292 1 10721
4293 1 10579
4293 1 10703
4294 1 10605
4294 1 10721
4295 1 10590
4295 1 10615
4296 1 10659
4296 1 10670
4297 1 10652
4297 1 10717
4298 1 10592
4298 1 10677
4299 1 10605
4299 1 10689
4300 1 10643
4300 1 10674
4301 1 10605
4301 1 10705
4302 1 10590
4302 1 10651
4303 1 10652
4303 1 10702
4304 1 10601
4304 1 10605
4305 1 10616
4305 1 10630
4306 1 10677
4306 1 10688
4307 1 10616
4307 1 10630
4308 1 10628
4308 1 10677
4309 1 10579
4309 1 10703
4310 1 10643
4310 1 10667
4311 1 10602
4311 1 10720
4312 1 10581
4312 1 10652
4313 1 10670
4313 1 10673
4314 1 10590
4314 1 10613
4315 1 10677
4315 1 10709
4316 1 10677
4316 1 10679
4317 1 10592
4317 1 10677
4318 1 10590
4318 1 10632
4319 1 10605
4319 1 10620
4320 1 10605
4320 1 10610
4321 1 10608
4321 1 10652
4322 1 10605
4322 1 10689
4323 1 10677
4323 1 10693
4324 1 10590
4324 1 10600
4325 1 10590
4325 1 10615
4326 1 10592
4326 1 10677
4327 1 10681
4327 1 10718
4328 1 10590
4328 1 10613
4329 1 10643
4329 1 10667
4330 1 10590
4330 1 10672
4331 1 10681
4331 1 10718
4332 1 10659
4332 1 10670
4333 1 10643
4333 1 10674
4334 1 10643
4334 1 10674
4335 1 10605
4335 1 10721
4336 1 10643
4336 1 10674
4337 1 10590
4337 1 10613
4338 1 10605
4338 1 10721
4339 1 10643
4339 1 10674
4340 1 10652
4340 1 10699
4341 1 10648
4341 1 10685
4342 1 10609
4342 1 10681
4343 1 10602
4343 1 10720
4344 1 10605
4344 1 10620
4345 1 10590
4345 1 10632
4346 1 10605
4346 1 10689
4347 1 10643
4347 1 10674
4348 1 10590
4348 1 10596
4349 1 10616
4349 1 10630
4350 1 10676
4350 1 10677
4351 1 10608
4351 1 10652
4352 1 10643
4352 1 10644
4353 1 10598
4353 1 10677
4354 1 10677
4354 1 10693
4355 1 10652
4355 1 10699
4356 1 10630
4356 1 10656
4357 1 10590
4357 1 10600
4358 1 10710
4358 1 10711
4359 1 10659
4359 1 10670
4360 1 10605
4360 1 10721
4361 1 10605
4361 1 10606
4362 1 10605
4362 1 10620
4363 1 10605
4363 1 10721
4364 1 10597
4364 1 10652
4365 1 10578
4365 1 10602
4366 1 10590
4366 1 10615
4367 1 10605
4367 1 10721
4368 1 10605
4368 1 10721
4369 1 10608
4369 1 10652
4370 1 10643
4370 1 10674
4371 1 10677
4371 1 10688
4372 1 10605
4372 1 10721
4373 1 10605
4373 1 10721
4374 1 10602
4374 1 10626
4375 1 10639
4375 1 10663
4376 1 10590
4376 1 10634
4377 1 10643
4377 1 10674
4378 1 10630
4378 1 10658
4379 1 10643
4379 1 10671
4380 1 10605
4380 1 10689
4381 1 10605
4381 1 10705
4382 1 10605
4382 1 10721
4383 1 10677
4383 1 10679
4384 1 10643
4384 1 10644
4385 1 10578
4385 1 10602
4386 1 10677
4386 1 10693
4387 1 10605
4387 1 10689
4388 1 10608
4388 1 10652
4389 1 10605
4389 1 10721
4390 1 10605
4390 1 10721
4391 1 10659
4391 1 10670
4392 1 10605
4392 1 10721
4393 1 10663
4393 1 10687
4394 1 10605
4394 1 10660
4395 1 10605
4395 1 10721
4396 1 10643
4396 1 10644
4397 1 10643
4397 1 10644
4398 1 10590
4398 1 10600
4399 1 10629
4399 1 10643
4400 1 10590
4400 1 10690
4401 1 10602
4401 1 10604
4402 1 10590
4402 1 10613
4403 1 10602
4403 1 10626
4404 1 10590
4404 1 10696
4405 1 10580
4405 1 10652
4406 1 10605
4406 1 10721
4407 1 10643
4407 1 10644
4408 1 10590
4408 1 10696
4409 1 10630
4409 1 10700
4410 1 10677
4410 1 10679
4411 1 10579
4411 1 10654
4412 1 10676
4412 1 10677
4413 1 10590
4413 1 10632
4414 1 10681
4414 1 10722
4415 1 10605
4415 1 10660
4416 1 10590
4416 1 10632
4417 1 10659
4417 1 10670
4418 1 10579
4418 1 10654
4419 1 10590
4419 1 10708
4420 1 10657
4420 1 10677
4421 1 10590
4421 1 10613
4422 1 10643
4422 1 10667
4423 1 10677
4423 1 10679
4424 1 10601
4424 1 10605
4425 1 10579
4425 1 10635
4426 1 10590
4426 1 10690
4427 1 10602
4427 1 10604
4428 1 10643
4428 1 10644
4429 1 10579
4429 1 10654
4430 1 10590
4430 1 10632
4431 1 10605
4431 1 10721
4432 1 10674
4432 1 10677
4433 1 10652
4433 1 10717
4434 1 10630
4434 1 10669
4435 1 10597
4435 1 10652
4436 1 10643
4436 1 10667
4437 1 10590
4437 1 10632
4438 1 10605
4438 1 10660
4439 1 10663
4439 1 10665
4440 1 10590
4440 1 10596
4441 1 10578
4441 1 10602
4442 1 10605
4442 1 10660
4443 1 10605
4443 1 10660
4444 1 10605
4444 1 10721
4445 1 10605
4445 1 10721
4446 1 10605
4446 1 10721
4447 1 10602
4447 1 10626
4448 1 10590
4448 1 10632
4449 1 10590
4449 1 10600
4450 1 10643
4450 1 10644
4451 1 10643
4451 1 10674
4452 1 10611
4452 1 10710
4453 1 10643
4453 1 10667
4454 1 10643
4454 1 10667
4455 1 10590
4455 1 10632
4456 1 10590
4456 1 10632
4457 1 10592
4457 1 10677
4458 1 10605
4458 1 10689
4459 1 10629
4459 1 10643
4460 1 10605
4460 1 10721
4461 1 10590
4461 1 10696
4462 1 10605
4462 1 10721
4463 1 10602
4463 1 10626
4464 1 10637
4464 1 10677
4465 1 10605
4465 1 10721
4466 1 10605
4466 1 10721
4467 1 10652
4467 1 10653
4468 1 10590
4468 1 10672
4469 1 10643
4469 1 10674
4470 1 10590
4470 1 10615
4471 1 10605
4471 1 10721
4472 1 10643
4472 1 10667
4473 1 10659
4473 1 10670
4474 1 10605
4474 1 10721
4475 1 10605
4475 1 10721
4476 1 10643
4476 1 10644
4477 1 10710
4477 1 10711
4478 1 10605
4478 1 10689
4479 1 10605
4479 1 10620
4480 1 10605
4480 1 10721
4481 1 10609
4481 1 10681
4482 1 10605
4482 1 10721
4483 1 10605
4483 1 10660
4484 1 10637
4484 1 10677
4485 1 10605
4485 1 10620
4486 1 10643
4486 1 10671
4487 1 10659
4487 1 10670
4488 1 10639
4488 1 10663
4489 1 10605
4489 1 10721
4490 1 10590
4490 1 10596
4491 1 10643
4491 1 10667
4492 1 10674
4492 1 10677
4493 1 10602
4493 1 10720
4494 1 10630
4494 1 10656
4495 1 10590
4495 1 10690
4496 1 10605
4496 1 10689
4497 1 10622
4497 1 10630
4498 1 10630
4498 1 10658
4499 1 10677
4499 1 10693
4500 1 10581
4500 1 10652
4501 1 10652
4501 1 10702
4502 1 10590
4502 1 10632
4503 1 10628
4503 1 10677
4504 1 10605
4504 1 10704
4505 1 10677
4505 1 10679
4506 1 10643
4506 1 10674
4507 1 10605
4507 1 10721
4508 1 10710
4508 1 10711
4509 1 10605
4509 1 10689
4510 1 10605
4510 1 10705
4511 1 10677
4511 1 10678
4512 1 10643
4512 1 10674
4513 1 10581
4513 1 10652
4514 1 10663
4514 1 10665
4515 1 10590
4515 1 10613
4516 1 10643
4516 1 10667
4517 1 10643
4517 1 10671
4518 1 10643
4518 1 10644
4519 1 10601
4519 1 10605
4520 1 10590
4520 1 10615
4521 1 10657
4521 1 10677
4522 1 10602
4522 1 10604
4523 1 10605
4523 1 10721
4524 1 10605
4524 1 10721
4525 1 10605
4525 1 10660
4526 1 10590
4526 1 10596
4527 1 10590
4527 1 10600
4528 1 10605
4528 1 10660
4529 1 10643
4529 1 10644
4530 1 10590
4530 1 10600
4531 1 10602
4531 1 10626
4532 1 10590
4532 1 10690
4533 1 10629
4533 1 10643
4534 1 10605
4534 1 10721
4535 1 10625
4535 1 10712
4536 1 10643
4536 1 10667
4537 1 10643
4537 1 10644
4538 1 10652
4538 1 10702
4539 1 10580
4539 1 10652
4540 1 10608
4540 1 10652
4541 1 10605
4541 1 10721
4542 1 10605
4542 1 10689
4543 1 10590
4543 1 10651
4544 1 10643
4544 1 10667
4545 1 10605
4545 1 10721
4546 1 10605
4546 1 10721
4547 1 10590
4547 1 10613
4548 1 10639
4548 1 10663
4549 1 10605
4549 1 10689
4550 1 10605
4550 1 10606
4551 1 10590
4551 1 10655
4552 1 10659
4552 1 10670
4553 1 10629
4553 1 10643
4554 1 10652
4554 1 10702
4555 1 10605
4555 1 10721
4556 1 10590
4556 1 10615
4557 1 10605
4557 1 10721
4558 1 10652
4558 1 10702
4559 1 10605
4559 1 10721
4560 1 10590
4560 1 10615
4561 1 10605
4561 1 10721
4562 1 10605
4562 1 10721
4563 1 10605
4563 1 10721
4564 1 10590
4564 1 10615
4565 1 10605
4565 1 10689
4566 1 10625
4566 1 10712
4567 1 10579
4567 1 10635
4568 1 10605
4568 1 10721
4569 1 10643
4569 1 10674
4570 1 10605
4570 1 10689
4571 1 10579
4571 1 10703
4572 1 10605
4572 1 10689
4573 1 10590
4573 1 10613
4574 1 10643
4574 1 10674
4575 1 10629
4575 1 10643
4576 1 10677
4576 1 10679
4577 1 10643
4577 1 10674
4578 1 10590
4578 1 10600
4579 1 10712
4579 1 10713
4580 1 10605
4580 1 10721
4581 1 10652
4581 1 10653
4582 1 10590
4582 1 10596
4583 1 10643
4583 1 10671
4584 1 10605
4584 1 10689
4585 1 10590
4585 1 10655
4586 1 10677
4586 1 10679
4587 1 10590
4587 1 10632
4588 1 10710
4588 1 10711
4589 1 10677
4589 1 10688
4590 1 10602
4590 1 10720
4591 1 10605
4591 1 10721
4592 1 10670
4592 1 10673
4593 1 10677
4593 1 10688
4594 1 10677
4594 1 10679
4595 1 10643
4595 1 10667
4596 1 10605
4596 1 10704
4597 1 10605
4597 1 10705
4598 1 10605
4598 1 10721
4599 1 10652
4599 1 10653
4600 1 10605
4600 1 10689
4601 1 10605
4601 1 10620
4602 1 10605
4602 1 10689
4603 1 10590
4603 1 10655
4604 1 10605
4604 1 10689
4605 1 10602
4605 1 10716
4606 1 10643
4606 1 10674
4607 1 10605
4607 1 10721
4608 1 10590
4608 1 10690
4609 1 10605
4609 1 10721
4610 1 10643
4610 1 10674
4611 1 10590
4611 1 10651
4612 1 10618
4612 1 10648
4613 1 10597
4613 1 10652
4614 1 10590
4614 1 10651
4615 1 10643
4615 1 10674
4616 1 10602
4616 1 10604
4617 1 10605
4617 1 10704
4618 1 10643
4618 1 10674
4619 1 10589
4619 1 10652
4620 1 10579
4620 1 10635
4621 1 10639
4621 1 10663
4622 1 10659
4622 1 10670
4623 1 10602
4623 1 10619
4624 1 10590
4624 1 10615
4625 1 10590
4625 1 10600
4626 1 10643
4626 1 10674
4627 1 10590
4627 1 10596
4628 1 10605
4628 1 10721
4629 1 10605
4629 1 10721
4630 1 10624
4630 1 10670
4631 1 10590
4631 1 10651
4632 1 10590
4632 1 10651
4633 1 10630
4633 1 10723
4634 1 10663
4634 1 10674
4635 1 10605
4635 1 10721
4636 1 10590
4636 1 10632
4637 1 10602
4637 1 10626
4638 1 10590
4638 1 10615
4639 1 10643
4639 1 10674
4640 1 10602
4640 1 10720
4641 1 10643
4641 1 10667
4642 1 10677
4642 1 10701
4643 1 10590
4643 1 10600
4644 1 10643
4644 1 10644
4645 1 10650
4645 1 10674
4646 1 10605
4646 1 10689
4647 1 10605
4647 1 10689
4648 1 10605
4648 1 10689
4649 1 10643
4649 1 10644
4650 1 10659
4650 1 10670
4651 1 10605
4651 1 10721
4652 1 10608
4652 1 10652
4653 1 10629
4653 1 10643
4654 1 10605
4654 1 10721
4655 1 10602
4655 1 10604
4656 1 10637
4656 1 10677
4657 1 10592
4657 1 10677
4658 1 10643
4658 1 10667
4659 1 10598
4659 1 10677
4660 1 10605
4660 1 10721
4661 1 10605
4661 1 10689
4662 1 10590
4662 1 10615
4663 1 10590
4663 1 10696
4664 1 10590
4664 1 10600
4665 1 10605
4665 1 10721
4666 1 10605
4666 1 10721
4667 1 10592
4667 1 10677
4668 1 10602
4668 1 10626
4669 1 10590
4669 1 10600
4670 1 10677
4670 1 10688
4671 1 10605
4671 1 10660
4672 1 10590
4672 1 10600
4673 1 10605
4673 1 10721
4674 1 10590
4674 1 10632
4675 1 10590
4675 1 10600
4676 1 10681
4676 1 10684
4677 1 10643
4677 1 10667
4678 1 10652
4678 1 10699
4679 1 10652
4679 1 10717
4680 1 10624
4680 1 10670
4681 1 10590
4681 1 10632
4682 1 10657
4682 1 10677
4683 1 10628
4683 1 10677
4684 1 10590
4684 1 10655
4685 1 10677
4685 1 10701
4686 1 10602
4686 1 10720
4687 1 10590
4687 1 10615
4688 1 10605
4688 1 10721
4689 1 10602
4689 1 10720
4690 1 10605
4690 1 10721
4691 1 10608
4691 1 10652
4692 1 10677
4692 1 10679
4693 1 10579
4693 1 10703
4694 1 10602
4694 1 10603
4695 1 10643
4695 1 10671
4696 1 10605
4696 1 10721
4697 1 10605
4697 1 10689
4698 1 10659
4698 1 10670
4699 1 10590
4699 1 10615
4700 1 10605
4700 1 10721
4701 1 10590
4701 1 10613
4702 1 10643
4702 1 10671
4703 1 10643
4703 1 10644
4704 1 10602
4704 1 10720
4705 1 10663
4705 1 10687
4706 1 10649
4706 1 10677
4707 1 10710
4707 1 10711
4708 1 10643
4708 1 10674
4709 1 10622
4709 1 10630
4710 1 10590
4710 1 10613
4711 1 10677
4711 1 10679
4712 1 10602
4712 1 10614
4713 1 10579
4713 1 10703
4714 1 10652
4714 1 10702
4715 1 10643
4715 1 10671
4716 1 10677
4716 1 10679
4717 1 10605
4717 1 10721
4718 1 10643
4718 1 10644
4719 1 10605
4719 1 10721
4720 1 10605
4720 1 10689
4721 1 10605
4721 1 10689
4722 1 10643
4722 1 10667
4723 1 10605
4723 1 10721
4724 1 10605
4724 1 10721
4725 1 10590
4725 1 10690
4726 1 10602
4726 1 10626
4727 1 10643
4727 1 10667
4728 1 10590
4728 1 10615
4729 1 10677
4729 1 10693
4730 1 10590
4730 1 10632
4731 1 10677
4731 1 10693
4732 1 10605
4732 1 10689
4733 1 10605
4733 1 10689
4734 1 10650
4734 1 10674
4735 1 10590
4735 1 10615
4736 1 10605
4736 1 10620
4737 1 10582
4737 1 10652
4738 1 10579
4738 1 10703
4739 1 10652
4739 1 10702
4740 1 10605
4740 1 10660
4741 1 10652
4741 1 10686
4742 1 10608
4742 1 10652
4743 1 10605
4743 1 10689
4744 1 10676
4744 1 10677
4745 1 10629
4745 1 10643
4746 1 10643
4746 1 10644
4747 1 10602
4747 1 10720
4748 1 10590
4748 1 10632
4749 1 10605
4749 1 10704
4750 1 10637
4750 1 10677
4751 1 10624
4751 1 10670
4752 1 10605
4752 1 10721
4753 1 10590
4753 1 10600
4754 1 10605
4754 1 10721
4755 1 10579
4755 1 10654
4756 1 10605
4756 1 10705
4757 1 10590
4757 1 10600
4758 1 10643
4758 1 10644
4759 1 10677
4759 1 10701
4760 1 10659
4760 1 10670
4761 1 10622
4761 1 10630
4762 1 10605
4762 1 10704
4763 1 10677
4763 1 10679
4764 1 10602
4764 1 10626
4765 1 10677
4765 1 10688
4766 1 10579
4766 1 10654
4767 1 10643
4767 1 10667
4768 1 10590
4768 1 10596
4769 1 10652
4769 1 10717
4770 1 10643
4770 1 10667
4771 1 10605
4771 1 10721
4772 1 10652
4772 1 10699
4773 1 10605
4773 1 10689
4774 1 10605
4774 1 10721
4775 1 10638
4775 1 10710
4776 1 10657
4776 1 10677
4777 1 10597
4777 1 10652
4778 1 10605
4778 1 10721
4779 1 10590
4779 1 10613
4780 1 10710
4780 1 10711
4781 1 10590
4781 1 10596
4782 1 10677
4782 1 10701
4783 1 10605
4783 1 10689
4784 1 10643
4784 1 10644
4785 1 10650
4785 1 10674
4786 1 10677
4786 1 10693
4787 1 10659
4787 1 10670
4788 1 10605
4788 1 10689
4789 1 10608
4789 1 10652
4790 1 10605
4790 1 10721
4791 1 10608
4791 1 10652
4792 1 10590
4792 1 10613
4793 1 10590
4793 1 10655
4794 1 10652
4794 1 10653
4795 1 10643
4795 1 10644
4796 1 10677
4796 1 10688
4797 1 10602
4797 1 10720
4798 1 10676
4798 1 10677
4799 1 10592
4799 1 10677
4800 1 10677
4800 1 10688
4801 1 10581
4801 1 10652
4802 1 10643
4802 1 10671
4803 1 10590
4803 1 10632
4804 1 10618
4804 1 10648
4805 1 10590
4805 1 10613
4806 1 10605
4806 1 10721
4807 1 10643
4807 1 10671
4808 1 10652
4808 1 10702
4809 1 10605
4809 1 10721
4810 1 10605
4810 1 10721
4811 1 10681
4811 1 10718
4812 1 10677
4812 1 10709
4813 1 10605
4813 1 10721
4814 1 10623
4814 1 10648
4815 1 10605
4815 1 10721
4816 1 10677
4816 1 10701
4817 1 10643
4817 1 10674
4818 1 10590
4818 1 10632
4819 1 10590
4819 1 10613
4820 1 10605
4820 1 10721
4821 1 10581
4821 1 10652
4822 1 10643
4822 1 10644
4823 1 10590
4823 1 10632
4824 1 10659
4824 1 10670
4825 1 10681
4825 1 10682
4826 1 10611
4826 1 10710
4827 1 10601
4827 1 10605
4828 1 10605
4828 1 10689
4829 1 10602
4829 1 10720
4830 1 10582
4830 1 10652
4831 1 10590
4831 1 10613
4832 1 10605
4832 1 10721
4833 1 10605
4833 1 10620
4834 1 10643
4834 1 10644
4835 1 10602
4835 1 10619
4836 1 10677
4836 1 10679
4837 1 10677
4837 1 10679
4838 1 10601
4838 1 10605
4839 1 10590
4839 1 10632
4840 1 10579
4840 1 10654
4841 1 10605
4841 1 10721
4842 1 10602
4842 1 10626
4843 1 10605
4843 1 10721
4844 1 10592
4844 1 10677
4845 1 10605
4845 1 10721
4846 1 10681
4846 1 10718
4847 1 10602
4847 1 10626
4848 1 10590
4848 1 10632
4849 1 10605
4849 1 10660
4850 1 10657
4850 1 10677
4851 1 10652
4851 1 10702
4852 1 10581
4852 1 10652
4853 1 10581
4853 1 10652
4854 1 10677
4854 1 10678
4855 1 10630
4855 1 10656
4856 1 10597
4856 1 10652
4857 1 10638
4857 1 10710
4858 1 10681
4858 1 10683
4859 1 10590
4859 1 10708
4860 1 10590
4860 1 10651
4861 1 10590
4861 1 10600
4862 1 10607
4862 1 10630
4863 1 10602
4863 1 10720
4864 1 10590
4864 1 10615
4865 1 10590
4865 1 10651
4866 1 10590
4866 1 10613
4867 1 10643
4867 1 10667
4868 1 10579
4868 1 10654
4869 1 10590
4869 1 10655
4870 1 10643
4870 1 10674
4871 1 10605
4871 1 10689
4872 1 10605
4872 1 10721
4873 1 10628
4873 1 10677
4874 1 10590
4874 1 10651
4875 1 10590
4875 1 10651
4876 1 10612
4876 1 10648
4877 1 10590
4877 1 10600
4878 1 10710
4878 1 10711
4879 1 10648
4879 1 10706
4880 1 10605
4880 1 10660
4881 1 10608
4881 1 10652
4882 1 10643
4882 1 10644
4883 1 10590
4883 1 10613
4884 1 10643
4884 1 10674
4885 1 10605
4885 1 10721
4886 1 10710
4886 1 10711
4887 1 10652
4887 1 10699
4888 1 10597
4888 1 10652
4889 1 10579
4889 1 10654
4890 1 10643
4890 1 10674
4891 1 10590
4891 1 10613
4892 1 10590
4892 1 10632
4893 1 10652
4893 1 10699
4894 1 10605
4894 1 10689
4895 1 10590
4895 1 10613
4896 1 10590
4896 1 10613
4897 1 10681
4897 1 10718
4898 1 10643
4898 1 10667
4899 1 10677
4899 1 10679
4900 1 10605
4900 1 10660
4901 1 10592
4901 1 10677
4902 1 10590
4902 1 10696
4903 1 10643
4903 1 10674
4904 1 10590
4904 1 10632
4905 1 10590
4905 1 10632
4906 1 10643
4906 1 10674
4907 1 10677
4907 1 10688
4908 1 10605
4908 1 10689
4909 1 10612
4909 1 10648
4910 1 10605
4910 1 10660
4911 1 10592
4911 1 10677
4912 1 10646
4912 1 10648
4913 1 10605
4913 1 10721
4914 1 10643
4914 1 10644
4915 1 10612
4915 1 10648
4916 1 10605
4916 1 10660
4917 1 10590
4917 1 10696
4918 1 10590
4918 1 10672
4919 1 10643
4919 1 10667
4920 1 10652
4920 1 10702
4921 1 10589
4921 1 10652
4922 1 10659
4922 1 10670
4923 1 10605
4923 1 10689
4924 1 10590
4924 1 10651
4925 1 10643
4925 1 10671
4926 1 10605
4926 1 10704
4927 1 10643
4927 1 10644
4928 1 10624
4928 1 10670
4929 1 10602
4929 1 10604
4930 1 10710
4930 1 10711
4931 1 10677
4931 1 10688
4932 1 10663
4932 1 10674
4933 1 10652
4933 1 10702
4934 1 10605
4934 1 10620
4935 1 10677
4935 1 10701
4936 1 10605
4936 1 10660
4937 1 10643
4937 1 10667
4938 1 10578
4938 1 10602
4939 1 10605
4939 1 10689
4940 1 10677
4940 1 10693
4941 1 10630
4941 1 10674
4942 1 10605
4942 1 10721
4943 1 10578
4943 1 10602
4944 1 10677
4944 1 10679
4945 1 10602
4945 1 10626
4946 1 10652
4946 1 10702
4947 1 10663
4947 1 10664
4948 1 10602
4948 1 10674
4949 1 10605
4949 1 10721
4950 1 10643
4950 1 10671
4951 1 10590
4951 1 10613
4952 1 10677
4952 1 10679
4953 1 10590
4953 1 10615
4954 1 10710
4954 1 10711
4955 1 10643
4955 1 10671
4956 1 10602
4956 1 10619
4957 1 10681
4957 1 10718
4958 1 10648
4958 1 10674
4959 1 10677
4959 1 10679
4960 1 10652
4960 1 10702
4961 1 10646
4961 1 10648
4962 1 10652
4962 1 10699
4963 1 10643
4963 1 10674
4964 1 10637
4964 1 10677
4965 1 10605
4965 1 10689
4966 1 10590
4966 1 10690
4967 1 10602
4967 1 10626
4968 1 10590
4968 1 10613
4969 1 10590
4969 1 10613
4970 1 10643
4970 1 10671
4971 1 10582
4971 1 10652
4972 1 10590
4972 1 10615
4973 1 10618
4973 1 10648
4974 1 10602
4974 1 10720
4975 1 10579
4975 1 10654
4976 1 10578
4976 1 10602
4977 1 10605
4977 1 10620
4978 1 10663
4978 1 10665
4979 1 10605
4979 1 10721
4980 1 10590
4980 1 10613
4981 1 10605
4981 1 10721
4982 1 10602
4982 1 10626
4983 1 10650
4983 1 10714
4984 1 10677
4984 1 10678
4985 1 10590
4985 1 10613
4986 1 10646
4986 1 10648
4987 1 10677
4987 1 10688
4988 1 10677
4988 1 10688
4989 1 10602
4989 1 10626
4990 1 10643
4990 1 10674
4991 1 10579
4991 1 10635
4992 1 10605
4992 1 10721
4993 1 10605
4993 1 10721
4994 1 10602
4994 1 10720
4995 1 10605
4995 1 10689
4996 1 10605
4996 1 10721
4997 1 10605
4997 1 10660
4998 1 10605
4998 1 10689
4999 1 10590
4999 1 10613
5000 1 10590
5000 1 10596
5001 1 10605
5001 1 10606
5002 1 10659
5002 1 10670
5003 1 10605
5003 1 10689
5004 1 10630
5004 1 10669
5005 1 10605
5005 1 10660
5006 1 10581
5006 1 10652
5007 1 10579
5007 1 10654
5008 1 10590
5008 1 10600
5009 1 10677
5009 1 10709
5010 1 10643
5010 1 10644
5011 1 10659
5011 1 10670
5012 1 10629
5012 1 10643
5013 1 10643
5013 1 10644
5014 1 10605
5014 1 10721
5015 1 10677
5015 1 10678
5016 1 10643
5016 1 10674
5017 1 10677
5017 1 10679
5018 1 10598
5018 1 10677
5019 1 10590
5019 1 10613
5020 1 10590
5020 1 10613
5021 1 10590
5021 1 10696
5022 1 10643
5022 1 10644
5023 1 10605
5023 1 10721
5024 1 10643
5024 1 10671
5025 1 10590
5025 1 10613
5026 1 10602
5026 1 10626
5027 1 10652
5027 1 10717
5028 1 10659
5028 1 10670
5029 1 10590
5029 1 10632
5030 1 10605
5030 1 10620
5031 1 10597
5031 1 10652
5032 1 10590
5032 1 10708
5033 1 10652
5033 1 10699
5034 1 10590
5034 1 10613
5035 1 10622
5035 1 10630
5036 1 10590
5036 1 10655
5037 1 10663
5037 1 10664
5038 1 10605
5038 1 10704
5039 1 10677
5039 1 10688
5040 1 10608
5040 1 10652
5041 1 10580
5041 1 10652
5042 1 10586
5042 1 10650
5043 1 10605
5043 1 10689
5044 1 10677
5044 1 10679
5045 1 10605
5045 1 10606
5046 1 10590
5046 1 10613
5047 1 10677
5047 1 10693
5048 1 10652
5048 1 10702
5049 1 10643
5049 1 10644
5050 1 10637
5050 1 10677
5051 1 10643
5051 1 10674
5052 1 10676
5052 1 10677
5053 1 10578
5053 1 10602
5054 1 10605
5054 1 10721
5055 1 10659
5055 1 10670
5056 1 10586
5056 1 10650
5057 1 10637
5057 1 10677
5058 1 10605
5058 1 10705
5059 1 10605
5059 1 10620
5060 1 10612
5060 1 10648
5061 1 10605
5061 1 10721
5062 1 10602
5062 1 10720
5063 1 10677
5063 1 10678
5064 1 10710
5064 1 10711
5065 1 10677
5065 1 10688
5066 1 10602
5066 1 10604
5067 1 10605
5067 1 10689
5068 1 10578
5068 1 10602
5069 1 10677
5069 1 10678
5070 1 10659
5070 1 10670
5071 1 10605
5071 1 10689
5072 1 10578
5072 1 10602
5073 1 10605
5073 1 10721
5074 1 10643
5074 1 10671
5075 1 10590
5075 1 10600
5076 1 10590
5076 1 10651
5077 1 10605
5077 1 10721
5078 1 10589
5078 1 10652
5079 1 10605
5079 1 10689
5080 1 10629
5080 1 10643
5081 1 10676
5081 1 10677
5082 1 10590
5082 1 10632
5083 1 10659
5083 1 10670
5084 1 10590
5084 1 10615
5085 1 10605
5085 1 10689
5086 1 10602
5086 1 10626
5087 1 10652
5087 1 10702
5088 1 10605
5088 1 10721
5089 1 10590
5089 1 10632
5090 1 10590
5090 1 10615
5091 1 10590
5091 1 10613
5092 1 10590
5092 1 10613
5093 1 10659
5093 1 10670
5094 1 10659
5094 1 10670
5095 1 10643
5095 1 10644
5096 1 10579
5096 1 10703
5097 1 10621
5097 1 10650
5098 1 10659
5098 1 10670
5099 1 10643
5099 1 10644
5100 1 10590
5100 1 10615
5101 1 10605
5101 1 10689
5102 1 10605
5102 1 10721
5103 1 10710
5103 1 10711
5104 1 10590
5104 1 10708
5105 1 10590
5105 1 10600
5106 1 10605
5106 1 10721
5107 1 10605
5107 1 10721
5108 1 10677
5108 1 10709
5109 1 10611
5109 1 10710
5110 1 10605
5110 1 10620
5111 1 10590
5111 1 10615
5112 1 10590
5112 1 10708
5113 1 10590
5113 1 10708
5114 1 10605
5114 1 10721
5115 1 10605
5115 1 10660
5116 1 10592
5116 1 10677
5117 1 10652
5117 1 10702
5118 1 10581
5118 1 10652
5119 1 10605
5119 1 10689
5120 1 10677
5120 1 10679
5121 1 10681
5121 1 10718
5122 1 10674
5122 1 10710
5123 1 10590
5123 1 10651
5124 1 10643
5124 1 10667
5125 1 10605
5125 1 10721
5126 1 10630
5126 1 10674
5127 1 10677
5127 1 10693
5128 1 10677
5128 1 10679
5129 1 10605
5129 1 10721
5130 1 10605
5130 1 10689
5131 1 10605
5131 1 10689
5132 1 10710
5132 1 10711
5133 1 10670
5133 1 10698
5134 1 10629
5134 1 10643
5135 1 10605
5135 1 10721
5136 1 10602
5136 1 10720
5137 1 10602
5137 1 10720
5138 1 10643
5138 1 10644
5139 1 10605
5139 1 10721
5140 1 10605
5140 1 10721
5141 1 10629
5141 1 10643
5142 1 10605
5142 1 10660
5143 1 10605
5143 1 10721
5144 1 10602
5144 1 10720
5145 1 10605
5145 1 10721
5146 1 10638
5146 1 10710
5147 1 10590
5147 1 10613
5148 1 10590
5148 1 10613
5149 1 10643
5149 1 10674
5150 1 10605
5150 1 10721
5151 1 10710
5151 1 10711
5152 1 10630
5152 1 10723
5153 1 10592
5153 1 10677
5154 1 10602
5154 1 10720
5155 1 10624
5155 1 10670
5156 1 10652
5156 1 10699
5157 1 10605
5157 1 10606
5158 1 10639
5158 1 10663
5159 1 10602
5159 1 10614
5160 1 10605
5160 1 10721
5161 1 10605
5161 1 10689
5162 1 10590
5162 1 10634
5163 1 10605
5163 1 10704
5164 1 10681
5164 1 10718
5165 1 10605
5165 1 10721
5166 1 10605
5166 1 10721
5167 1 10590
5167 1 10690
5168 1 10605
5168 1 10689
5169 1 10590
5169 1 10651
5170 1 10643
5170 1 10667
5171 1 10592
5171 1 10677
5172 1 10602
5172 1 10716
5173 1 10590
5173 1 10613
5174 1 10579
5174 1 10703
5175 1 10677
5175 1 10679
5176 1 10643
5176 1 10671
5177 1 10590
5177 1 10613
5178 1 10602
5178 1 10603
5179 1 10623
5179 1 10648
5180 1 10590
5180 1 10690
5181 1 10605
5181 1 10689
5182 1 10659
5182 1 10670
5183 1 10637
5183 1 10677
5184 1 10605
5184 1 10721
5185 1 10643
5185 1 10674
5186 1 10605
5186 1 10620
5187 1 10590
5187 1 10632
5188 1 10605
5188 1 10689
5189 1 10605
5189 1 10660
5190 1 10602
5190 1 10720
5191 1 10605
5191 1 10606
5192 1 10605
5192 1 10721
5193 1 10602
5193 1 10720
5194 1 10652
5194 1 10702
5195 1 10608
5195 1 10652
5196 1 10643
5196 1 10674
5197 1 10605
5197 1 10660
5198 1 10590
5198 1 10596
5199 1 10652
5199 1 10702
5200 1 10612
5200 1 10648
5201 1 10590
5201 1 10632
5202 1 10608
5202 1 10652
5203 1 10590
5203 1 10615
5204 1 10710
5204 1 10711
5205 1 10605
5205 1 10660
5206 1 10627
5206 1 10652
5207 1 10605
5207 1 10689
5208 1 10677
5208 1 10679
5209 1 10605
5209 1 10660
5210 1 10652
5210 1 10702
5211 1 10643
5211 1 10674
5212 1 10643
5212 1 10667
5213 1 10590
5213 1 10632
5214 1 10605
5214 1 10721
5215 1 10605
5215 1 10721
5216 1 10590
5216 1 10672
5217 1 10637
5217 1 10677
5218 1 10652
5218 1 10699
5219 1 10652
5219 1 10702
5220 1 10586
5220 1 10650
5221 1 10605
5221 1 10721
5222 1 10605
5222 1 10721
5223 1 10602
5223 1 10720
5224 1 10605
5224 1 10721
5225 1 10605
5225 1 10721
5226 1 10589
5226 1 10652
5227 1 10659
5227 1 10670
5228 1 10602
5228 1 10619
5229 1 10643
5229 1 10644
5230 1 10605
5230 1 10721
5231 1 10670
5231 1 10674
5232 1 10605
5232 1 10721
5233 1 10590
5233 1 10692
5234 1 10605
5234 1 10721
5235 1 10605
5235 1 10721
5236 1 10643
5236 1 10671
5237 1 10602
5237 1 10626
5238 1 10659
5238 1 10670
5239 1 10652
5239 1 10702
5240 1 10652
5240 1 10717
5241 1 10622
5241 1 10630
5242 1 10605
5242 1 10721
5243 1 10590
5243 1 10613
5244 1 10652
5244 1 10699
5245 1 10605
5245 1 10721
5246 1 10605
5246 1 10704
5247 1 10590
5247 1 10613
5248 1 10605
5248 1 10721
5249 1 10605
5249 1 10721
5250 1 10643
5250 1 10671
5251 1 10590
5251 1 10613
5252 1 10605
5252 1 10689
5253 1 10578
5253 1 10602
5254 1 10638
5254 1 10710
5255 1 10602
5255 1 10716
5256 1 10605
5256 1 10660
5257 1 10677
5257 1 10688
5258 1 10579
5258 1 10654
5259 1 10590
5259 1 10674
5260 1 10643
5260 1 10667
5261 1 10605
5261 1 10689
5262 1 10659
5262 1 10670
5263 1 10605
5263 1 10721
5264 1 10612
5264 1 10648
5265 1 10578
5265 1 10602
5266 1 10590
5266 1 10690
5267 1 10584
5267 1 10648
5268 1 10652
5268 1 10702
5269 1 10659
5269 1 10670
5270 1 10659
5270 1 10670
5271 1 10643
5271 1 10674
5272 1 10652
5272 1 10702
5273 1 10710
5273 1 10711
5274 1 10643
5274 1 10674
5275 1 10581
5275 1 10652
5276 1 10676
5276 1 10677
5277 1 10605
5277 1 10721
5278 1 10605
5278 1 10620
5279 1 10605
5279 1 10620
5280 1 10607
5280 1 10630
5281 1 10609
5281 1 10681
5282 1 10652
5282 1 10702
5283 1 10608
5283 1 10652
5284 1 10639
5284 1 10663
5285 1 10643
5285 1 10674
5286 1 10605
5286 1 10689
5287 1 10590
5287 1 10600
5288 1 10643
5288 1 10644
5289 1 10590
5289 1 10613
5290 1 10590
5290 1 10690
5291 1 10590
5291 1 10632
5292 1 10605
5292 1 10689
5293 1 10643
5293 1 10667
5294 1 10579
5294 1 10654
5295 1 10659
5295 1 10670
5296 1 10602
5296 1 10640
5297 1 10648
5297 1 10674
5298 1 10590
5298 1 10692
5299 1 10605
5299 1 10689
5300 1 10659
5300 1 10670
5301 1 10607
5301 1 10630
5302 1 10598
5302 1 10677
5303 1 10590
5303 1 10613
5304 1 10605
5304 1 10620
5305 1 10643
5305 1 10644
5306 1 10602
5306 1 10626
5307 1 10605
5307 1 10721
5308 1 10659
5308 1 10670
5309 1 10590
5309 1 10632
5310 1 10652
5310 1 10699
5311 1 10659
5311 1 10670
5312 1 10643
5312 1 10644
5313 1 10612
5313 1 10648
5314 1 10605
5314 1 10721
5315 1 10605
5315 1 10721
5316 1 10605
5316 1 10721
5317 1 10710
5317 1 10711
5318 1 10605
5318 1 10721
5319 1 10584
5319 1 10648
5320 1 10612
5320 1 10648
5321 1 10637
5321 1 10677
5322 1 10605
5322 1 10689
5323 1 10590
5323 1 10613
5324 1 10592
5324 1 10677
5325 1 10605
5325 1 10610
5326 1 10677
5326 1 10679
5327 1 10579
5327 1 10654
5328 1 10581
5328 1 10652
5329 1 10605
5329 1 10689
5330 1 10637
5330 1 10677
5331 1 10605
5331 1 10705
5332 1 10602
5332 1 10626
5333 1 10602
5333 1 10716
5334 1 10637
5334 1 10677
5335 1 10605
5335 1 10689
5336 1 10605
5336 1 10689
5337 1 10663
5337 1 10664
5338 1 10652
5338 1 10702
5339 1 10710
5339 1 10711
5340 1 10590
5340 1 10615
5341 1 10649
5341 1 10677
5342 1 10677
5342 1 10709
5343 1 10590
5343 1 10600
5344 1 10605
5344 1 10721
5345 1 10643
5345 1 10644
5346 1 10677
5346 1 10679
5347 1 10652
5347 1 10702
5348 1 10590
5348 1 10613
5349 1 10605
5349 1 10689
5350 1 10652
5350 1 10702
5351 1 10643
5351 1 10667
5352 1 10602
5352 1 10619
5353 1 10605
5353 1 10620
5354 1 10652
5354 1 10702
5355 1 10616
5355 1 10630
5356 1 10710
5356 1 10711
5357 1 10578
5357 1 10602
5358 1 10590
5358 1 10632
5359 1 10605
5359 1 10689
5360 1 10637
5360 1 10677
5361 1 10605
5361 1 10721
5362 1 10639
5362 1 10663
5363 1 10590
5363 1 10613
5364 1 10605
5364 1 10610
5365 1 10590
5365 1 10632
5366 1 10605
5366 1 10689
5367 1 10590
5367 1 10632
5368 1 10605
5368 1 10721
5369 1 10590
5369 1 10672
5370 1 10643
5370 1 10644
5371 1 10677
5371 1 10693
5372 1 10643
5372 1 10667
5373 1 10643
5373 1 10674
5374 1 10608
5374 1 10652
5375 1 10659
5375 1 10670
5376 1 10643
5376 1 10674
5377 1 10605
5377 1 10689
5378 1 10590
5378 1 10655
5379 1 10605
5379 1 10704
5380 1 10611
5380 1 10710
5381 1 10605
5381 1 10721
5382 1 10652
5382 1 10702
5383 1 10597
5383 1 10652
5384 1 10605
5384 1 10721
5385 1 10643
5385 1 10667
5386 1 10652
5386 1 10702
5387 1 10643
5387 1 10674
5388 1 10605
5388 1 10721
5389 1 10643
5389 1 10674
5390 1 10659
5390 1 10670
5391 1 10677
5391 1 10709
5392 1 10643
5392 1 10644
5393 1 10590
5393 1 10632
5394 1 10650
5394 1 10674
5395 1 10608
5395 1 10652
5396 1 10605
5396 1 10721
5397 1 10605
5397 1 10704
5398 1 10590
5398 1 10615
5399 1 10605
5399 1 10705
5400 1 10605
5400 1 10721
5401 1 10605
5401 1 10606
5402 1 10597
5402 1 10652
5403 1 10605
5403 1 10721
5404 1 10605
5404 1 10721
5405 1 10605
5405 1 10705
5406 1 10608
5406 1 10652
5407 1 10605
5407 1 10721
5408 1 10590
5408 1 10596
5409 1 10578
5409 1 10602
5410 1 10605
5410 1 10689
5411 1 10590
5411 1 10632
5412 1 10597
5412 1 10652
5413 1 10590
5413 1 10615
5414 1 10578
5414 1 10602
5415 1 10605
5415 1 10689
5416 1 10643
5416 1 10667
5417 1 10605
5417 1 10721
5418 1 10579
5418 1 10654
5419 1 10628
5419 1 10677
5420 1 10608
5420 1 10652
5421 1 10590
5421 1 10651
5422 1 10590
5422 1 10613
5423 1 10609
5423 1 10681
5424 1 10605
5424 1 10721
5425 1 10643
5425 1 10644
5426 1 10602
5426 1 10619
5427 1 10590
5427 1 10632
5428 1 10605
5428 1 10689
5429 1 10605
5429 1 10721
5430 1 10602
5430 1 10720
5431 1 10605
5431 1 10721
5432 1 10601
5432 1 10605
5433 1 10590
5433 1 10613
5434 1 10605
5434 1 10721
5435 1 10677
5435 1 10679
5436 1 10663
5436 1 10687
5437 1 10643
5437 1 10644
5438 1 10629
5438 1 10643
5439 1 10643
5439 1 10671
5440 1 10605
5440 1 10620
5441 1 10681
5441 1 10718
5442 1 10605
5442 1 10689
5443 1 10608
5443 1 10652
5444 1 10602
5444 1 10619
5445 1 10602
5445 1 10674
5446 1 10602
5446 1 10720
5447 1 10648
5447 1 10694
5448 1 10605
5448 1 10721
5449 1 10605
5449 1 10660
5450 1 10652
5450 1 10702
5451 1 10677
5451 1 10679
5452 1 10605
5452 1 10620
5453 1 10629
5453 1 10643
5454 1 10590
5454 1 10615
5455 1 10601
5455 1 10605
5456 1 10605
5456 1 10721
5457 1 10605
5457 1 10721
5458 1 10652
5458 1 10702
5459 1 10638
5459 1 10710
5460 1 10677
5460 1 10679
5461 1 10590
5461 1 10696
5462 1 10597
5462 1 10652
5463 1 10612
5463 1 10648
5464 1 10601
5464 1 10605
5465 1 10630
5465 1 10656
5466 1 10643
5466 1 10644
5467 1 10605
5467 1 10660
5468 1 10643
5468 1 10674
5469 1 10652
5469 1 10702
5470 1 10652
5470 1 10702
5471 1 10605
5471 1 10689
5472 1 10677
5472 1 10679
5473 1 10590
5473 1 10651
5474 1 10605
5474 1 10721
5475 1 10590
5475 1 10615
5476 1 10677
5476 1 10679
5477 1 10605
5477 1 10721
5478 1 10605
5478 1 10721
5479 1 10605
5479 1 10660
5480 1 10590
5480 1 10651
5481 1 10681
5481 1 10718
5482 1 10597
5482 1 10652
5483 1 10643
5483 1 10644
5484 1 10710
5484 1 10711
5485 1 10605
5485 1 10721
5486 1 10590
5486 1 10655
5487 1 10590
5487 1 10655
5488 1 10590
5488 1 10632
5489 1 10643
5489 1 10644
5490 1 10643
5490 1 10644
5491 1 10674
5491 1 10677
5492 1 10605
5492 1 10721
5493 1 10590
5493 1 10615
5494 1 10578
5494 1 10602
5495 1 10652
5495 1 10699
5496 1 10608
5496 1 10652
5497 1 10590
5497 1 10596
5498 1 10605
5498 1 10721
5499 1 10605
5499 1 10689
5500 1 10712
5500 1 10713
5501 1 10677
5501 1 10679
5502 1 10605
5502 1 10721
5503 1 10677
5503 1 10679
5504 1 10659
5504 1 10670
5505 1 10652
5505 1 10702
5506 1 10712
5506 1 10713
5507 1 10657
5507 1 10677
5508 1 10605
5508 1 10721
5509 1 10643
5509 1 10674
5510 1 10590
5510 1 10651
5511 1 10605
5511 1 10689
5512 1 10590
5512 1 10690
5513 1 10602
5513 1 10720
5514 1 10659
5514 1 10670
5515 1 10590
5515 1 10613
5516 1 10605
5516 1 10689
5517 1 10652
5517 1 10717
5518 1 10623
5518 1 10648
5519 1 10643
5519 1 10674
5520 1 10652
5520 1 10702
5521 1 10605
5521 1 10721
5522 1 10590
5522 1 10613
5523 1 10601
5523 1 10605
5524 1 10605
5524 1 10689
5525 1 10608
5525 1 10652
5526 1 10590
5526 1 10600
5527 1 10605
5527 1 10610
5528 1 10639
5528 1 10663
5529 1 10602
5529 1 10720
5530 1 10605
5530 1 10721
5531 1 10630
5531 1 10695
5532 1 10643
5532 1 10671
5533 1 10590
5533 1 10672
5534 1 10590
5534 1 10672
5535 1 10643
5535 1 10667
5536 1 10643
5536 1 10667
5537 1 10605
5537 1 10721
5538 1 10605
5538 1 10721
5539 1 10605
5539 1 10620
5540 1 10677
5540 1 10709
5541 1 10652
5541 1 10702
5542 1 10643
5542 1 10667
5543 1 10605
5543 1 10721
5544 1 10605
5544 1 10721
5545 1 10608
5545 1 10652
5546 1 10605
5546 1 10721
5547 1 10618
5547 1 10648
5548 1 10579
5548 1 10654
5549 1 10643
5549 1 10667
5550 1 10643
5550 1 10667
5551 1 10590
5551 1 10632
5552 1 10677
5552 1 10693
5553 1 10663
5553 1 10719
5554 1 10659
5554 1 10670
5555 1 10675
5555 1 10677
5556 1 10590
5556 1 10600
5557 1 10659
5557 1 10670
5558 1 10590
5558 1 10613
5559 1 10677
5559 1 10679
5560 1 10659
5560 1 10670
5561 1 10605
5561 1 10721
5562 1 10602
5562 1 10720
5563 1 10590
5563 1 10613
5564 1 10643
5564 1 10667
5565 1 10652
5565 1 10717
5566 1 10659
5566 1 10670
5567 1 10605
5567 1 10721
5568 1 10659
5568 1 10670
5569 1 10643
5569 1 10674
5570 1 10677
5570 1 10701
5571 1 10677
5571 1 10709
5572 1 10592
5572 1 10677
5573 1 10590
5573 1 10708
5574 1 10590
5574 1 10596
5575 1 10648
5575 1 10674
5576 1 10590
5576 1 10600
5577 1 10590
5577 1 10600
5578 1 10592
5578 1 10677
5579 1 10643
5579 1 10674
5580 1 10590
5580 1 10615
5581 1 10605
5581 1 10689
5582 1 10659
5582 1 10670
5583 1 10590
5583 1 10672
5584 1 10605
5584 1 10721
5585 1 10601
5585 1 10605
5586 1 10590
5586 1 10636
5587 1 10597
5587 1 10652
5588 1 10710
5588 1 10711
5589 1 10590
5589 1 10615
5590 1 10629
5590 1 10643
5591 1 10605
5591 1 10721
5592 1 10677
5592 1 10688
5593 1 10579
5593 1 10635
5594 1 10579
5594 1 10635
5595 1 10605
5595 1 10704
5596 1 10608
5596 1 10652
5597 1 10608
5597 1 10652
5598 1 10602
5598 1 10619
5599 1 10710
5599 1 10711
5600 1 10643
5600 1 10644
5601 1 10643
5601 1 10644
5602 1 10605
5602 1 10721
5603 1 10602
5603 1 10626
5604 1 10652
5604 1 10674
5605 1 10601
5605 1 10605
5606 1 10578
5606 1 10602
5607 1 10605
5607 1 10660
5608 1 10643
5608 1 10667
5609 1 10605
5609 1 10721
5610 1 10643
5610 1 10667
5611 1 10652
5611 1 10699
5612 1 10605
5612 1 10705
5613 1 10677
5613 1 10679
5614 1 10608
5614 1 10652
5615 1 10652
5615 1 10686
5616 1 10681
5616 1 10715
5617 1 10605
5617 1 10721
5618 1 10585
5618 1 10602
5619 1 10605
5619 1 10660
5620 1 10643
5620 1 10674
5621 1 10605
5621 1 10689
5622 1 10605
5622 1 10721
5623 1 10605
5623 1 10689
5624 1 10605
5624 1 10705
5625 1 10590
5625 1 10632
5626 1 10602
5626 1 10720
5627 1 10630
5627 1 10656
5628 1 10609
5628 1 10681
5629 1 10677
5629 1 10679
5630 1 10602
5630 1 10674
5631 1 10630
5631 1 10658
5632 1 10581
5632 1 10652
5633 1 10597
5633 1 10652
5634 1 10643
5634 1 10667
5635 1 10677
5635 1 10679
5636 1 10643
5636 1 10671
5637 1 10605
5637 1 10689
5638 1 10590
5638 1 10708
5639 1 10643
5639 1 10674
5640 1 10590
5640 1 10636
5641 1 10597
5641 1 10652
5642 1 10602
5642 1 10619
5643 1 10605
5643 1 10721
5644 1 10581
5644 1 10652
5645 1 10590
5645 1 10632
5646 1 10652
5646 1 10702
5647 1 10643
5647 1 10671
5648 1 10590
5648 1 10632
5649 1 10663
5649 1 10719
5650 1 10605
5650 1 10689
5651 1 10643
5651 1 10644
5652 1 10643
5652 1 10667
5653 1 10659
5653 1 10670
5654 1 10677
5654 1 10688
5655 1 10605
5655 1 10620
5656 1 10659
5656 1 10670
5657 1 10605
5657 1 10660
5658 1 10652
5658 1 10702
5659 1 10643
5659 1 10667
5660 1 10590
5660 1 10596
5661 1 10659
5661 1 10670
5662 1 10652
5662 1 10699
5663 1 10659
5663 1 10670
5664 1 10605
5664 1 10721
5665 1 10605
5665 1 10721
5666 1 10643
5666 1 10674
5667 1 10590
5667 1 10634
5668 1 10659
5668 1 10670
5669 1 10605
5669 1 10660
5670 1 10590
5670 1 10615
5671 1 10710
5671 1 10711
5672 1 10590
5672 1 10613
5673 1 10643
5673 1 10667
5674 1 10612
5674 1 10648
5675 1 10643
5675 1 10674
5676 1 10605
5676 1 10660
5677 1 10652
5677 1 10702
5678 1 10659
5678 1 10670
5679 1 10616
5679 1 10630
5680 1 10674
5680 1 10681
5681 1 10643
5681 1 10644
5682 1 10652
5682 1 10699
5683 1 10578
5683 1 10602
5684 1 10663
5684 1 10664
5685 1 10590
5685 1 10613
5686 1 10589
5686 1 10652
5687 1 10643
5687 1 10674
5688 1 10590
5688 1 10632
5689 1 10677
5689 1 10679
5690 1 10608
5690 1 10652
5691 1 10637
5691 1 10677
5692 1 10590
5692 1 10615
5693 1 10670
5693 1 10698
5694 1 10590
5694 1 10655
5695 1 10598
5695 1 10677
5696 1 10659
5696 1 10670
5697 1 10590
5697 1 10632
5698 1 10590
5698 1 10613
5699 1 10605
5699 1 10721
5700 1 10659
5700 1 10670
5701 1 10605
5701 1 10721
5702 1 10643
5702 1 10674
5703 1 10649
5703 1 10677
5704 1 10659
5704 1 10670
5705 1 10659
5705 1 10670
5706 1 10659
5706 1 10670
5707 1 10659
5707 1 10670
5708 1 10605
5708 1 10721
5709 1 10605
5709 1 10689
5710 1 10605
5710 1 10721
5711 1 10590
5711 1 10708
5712 1 10605
5712 1 10660
5713 1 10605
5713 1 10660
5714 1 10605
5714 1 10660
5715 1 10605
5715 1 10620
5716 1 10608
5716 1 10652
5717 1 10602
5717 1 10720
5718 1 10605
5718 1 10689
5719 1 10677
5719 1 10688
5720 1 10590
5720 1 10632
5721 1 10608
5721 1 10652
5722 1 10605
5722 1 10721
5723 1 10605
5723 1 10660
5724 1 10605
5724 1 10660
5725 1 10590
5725 1 10615
5726 1 10605
5726 1 10689
5727 1 10579
5727 1 10635
5728 1 10643
5728 1 10667
5729 1 10602
5729 1 10720
5730 1 10650
5730 1 10680
5731 1 10602
5731 1 10619
5732 1 10605
5732 1 10721
5733 1 10605
5733 1 10721
5734 1 10605
5734 1 10606
5735 1 10605
5735 1 10689
5736 1 10590
5736 1 10632
5737 1 10652
5737 1 10653
5738 1 10605
5738 1 10721
5739 1 10583
5739 1 10670
5740 1 10605
5740 1 10721
5741 1 10605
5741 1 10721
5742 1 10643
5742 1 10644
5743 1 10628
5743 1 10677
5744 1 10590
5744 1 10613
5745 1 10652
5745 1 10702
5746 1 10578
5746 1 10602
5747 1 10643
5747 1 10644
5748 1 10605
5748 1 10704
5749 1 10605
5749 1 10721
5750 1 10605
5750 1 10721
5751 1 10590
5751 1 10615
5752 1 10652
5752 1 10653
5753 1 10608
5753 1 10652
5754 1 10608
5754 1 10652
5755 1 10605
5755 1 10660
5756 1 10677
5756 1 10679
5757 1 10605
5757 1 10606
5758 1 10652
5758 1 10702
5759 1 10652
5759 1 10699
5760 1 10590
5760 1 10613
5761 1 10590
5761 1 10591
5762 1 10581
5762 1 10652
5763 1 10605
5763 1 10721
5764 1 10652
5764 1 10702
5765 1 10601
5765 1 10605
5766 1 10605
5766 1 10721
5767 1 10605
5767 1 10620
5768 1 10605
5768 1 10660
5769 1 10677
5769 1 10679
5770 1 10643
5770 1 10674
5771 1 10605
5771 1 10721
5772 1 10601
5772 1 10605
5773 1 10677
5773 1 10679
5774 1 10590
5774 1 10600
5775 1 10652
5775 1 10702
5776 1 10605
5776 1 10721
5777 1 10657
5777 1 10677
5778 1 10677
5778 1 10693
5779 1 10677
5779 1 10679
5780 1 10605
5780 1 10721
5781 1 10602
5781 1 10604
5782 1 10605
5782 1 10721
5783 1 10590
5783 1 10600
5784 1 10605
5784 1 10721
5785 1 10590
5785 1 10613
5786 1 10579
5786 1 10654
5787 1 10677
5787 1 10688
5788 1 10605
5788 1 10610
5789 1 10643
5789 1 10674
5790 1 10643
5790 1 10667
5791 1 10590
5791 1 10615
5792 1 10605
5792 1 10689
5793 1 10605
5793 1 10721
5794 1 10602
5794 1 10604
5795 1 10643
5795 1 10674
5796 1 10605
5796 1 10689
5797 1 10643
5797 1 10674
5798 1 10605
5798 1 10721
5799 1 10590
5799 1 10613
5800 1 10590
5800 1 10613
5801 1 10593
5801 1 10648
5802 1 10643
5802 1 10674
5803 1 10605
5803 1 10721
5804 1 10590
5804 1 10615
5805 1 10602
5805 1 10604
5806 1 10677
5806 1 10679
5807 1 10605
5807 1 10660
5808 1 10590
5808 1 10615
5809 1 10605
5809 1 10660
5810 1 10590
5810 1 10615
5811 1 10605
5811 1 10721
5812 1 10623
5812 1 10648
5813 1 10590
5813 1 10632
5814 1 10643
5814 1 10674
5815 1 10590
5815 1 10596
5816 1 10605
5816 1 10721
5817 1 10605
5817 1 10689
5818 1 10590
5818 1 10690
5819 1 10629
5819 1 10643
5820 1 10578
5820 1 10602
5821 1 10590
5821 1 10613
5822 1 10605
5822 1 10689
5823 1 10590
5823 1 10600
5824 1 10652
5824 1 10702
5825 1 10590
5825 1 10615
5826 1 10592
5826 1 10677
5827 1 10643
5827 1 10671
5828 1 10581
5828 1 10652
5829 1 10602
5829 1 10626
5830 1 10605
5830 1 10721
5831 1 10643
5831 1 10674
5832 1 10643
5832 1 10674
5833 1 10677
5833 1 10679
5834 1 10681
5834 1 10718
5835 1 10643
5835 1 10644
5836 1 10677
5836 1 10679
5837 1 10590
5837 1 10615
5838 1 10605
5838 1 10721
5839 1 10590
5839 1 10672
5840 1 10602
5840 1 10604
5841 1 10643
5841 1 10674
5842 1 10643
5842 1 10674
5843 1 10652
5843 1 10699
5844 1 10590
5844 1 10632
5845 1 10590
5845 1 10596
5846 1 10590
5846 1 10615
5847 1 10601
5847 1 10605
5848 1 10630
5848 1 10656
5849 1 10590
5849 1 10613
5850 1 10605
5850 1 10721
5851 1 10643
5851 1 10674
5852 1 10677
5852 1 10679
5853 1 10590
5853 1 10632
5854 1 10590
5854 1 10632
5855 1 10590
5855 1 10596
5856 1 10643
5856 1 10667
5857 1 10605
5857 1 10721
5858 1 10605
5858 1 10689
5859 1 10677
5859 1 10679
5860 1 10605
5860 1 10721
5861 1 10677
5861 1 10693
5862 1 10643
5862 1 10674
5863 1 10601
5863 1 10605
5864 1 10652
5864 1 10702
5865 1 10677
5865 1 10701
5866 1 10677
5866 1 10693
5867 1 10592
5867 1 10677
5868 1 10590
5868 1 10672
5869 1 10710
5869 1 10711
5870 1 10643
5870 1 10671
5871 1 10643
5871 1 10674
5872 1 10605
5872 1 10689
5873 1 10677
5873 1 10688
5874 1 10590
5874 1 10651
5875 1 10590
5875 1 10696
5876 1 10608
5876 1 10652
5877 1 10643
5877 1 10674
5878 1 10643
5878 1 10671
5879 1 10663
5879 1 10664
5880 1 10605
5880 1 10689
5881 1 10590
5881 1 10613
5882 1 10659
5882 1 10670
5883 1 10578
5883 1 10602
5884 1 10677
5884 1 10709
5885 1 10602
5885 1 10720
5886 1 10652
5886 1 10702
5887 1 10590
5887 1 10613
5888 1 10605
5888 1 10721
5889 1 10590
5889 1 10690
5890 1 10605
5890 1 10721
5891 1 10677
5891 1 10679
5892 1 10590
5892 1 10613
5893 1 10586
5893 1 10650
5894 1 10590
5894 1 10708
5895 1 10643
5895 1 10674
5896 1 10657
5896 1 10677
5897 1 10605
5897 1 10620
5898 1 10605
5898 1 10689
5899 1 10643
5899 1 10674
5900 1 10605
5900 1 10721
5901 1 10590
5901 1 10674
5902 1 10605
5902 1 10721
5903 1 10592
5903 1 10677
5904 1 10605
5904 1 10721
5905 1 10677
5905 1 10693
5906 1 10589
5906 1 10652
5907 1 10590
5907 1 10613
5908 1 10648
5908 1 10706
5909 1 10612
5909 1 10648
5910 1 10605
5910 1 10721
5911 1 10605
5911 1 10721
5912 1 10578
5912 1 10602
5913 1 10612
5913 1 10648
5914 1 10657
5914 1 10677
5915 1 10590
5915 1 10613
5916 1 10643
5916 1 10671
5917 1 10643
5917 1 10671
5918 1 10608
5918 1 10652
5919 1 10659
5919 1 10670
5920 1 10710
5920 1 10711
5921 1 10590
5921 1 10613
5922 1 10652
5922 1 10702
5923 1 10590
5923 1 10613
5924 1 10662
5924 1 10677
5925 1 10605
5925 1 10704
5926 1 10677
5926 1 10693
5927 1 10677
5927 1 10693
5928 1 10590
5928 1 10651
5929 1 10590
5929 1 10696
5930 1 10622
5930 1 10630
5931 1 10605
5931 1 10606
5932 1 10592
5932 1 10677
5933 1 10677
5933 1 10693
5934 1 10643
5934 1 10674
5935 1 10612
5935 1 10648
5936 1 10617
5936 1 10650
5937 1 10590
5937 1 10615
5938 1 10681
5938 1 10718
5939 1 10677
5939 1 10679
5940 1 10677
5940 1 10679
5941 1 10605
5941 1 10721
5942 1 10657
5942 1 10677
5943 1 10659
5943 1 10670
5944 1 10605
5944 1 10721
5945 1 10590
5945 1 10596
5946 1 10605
5946 1 10689
5947 1 10608
5947 1 10652
5948 1 10622
5948 1 10630
5949 1 10605
5949 1 10721
5950 1 10643
5950 1 10674
5951 1 10605
5951 1 10721
5952 1 10590
5952 1 10615
5953 1 10602
5953 1 10626
5954 1 10602
5954 1 10720
5955 1 10579
5955 1 10703
5956 1 10590
5956 1 10655
5957 1 10605
5957 1 10620
5958 1 10590
5958 1 10615
5959 1 10605
5959 1 10606
5960 1 10643
5960 1 10674
5961 1 10602
5961 1 10626
5962 1 10652
5962 1 10702
5963 1 10605
5963 1 10721
5964 1 10677
5964 1 10678
5965 1 10677
5965 1 10701
5966 1 10605
5966 1 10721
5967 1 10643
5967 1 10644
5968 1 10590
5968 1 10632
5969 1 10677
5969 1 10678
5970 1 10590
5970 1 10615
5971 1 10590
5971 1 10696
5972 1 10590
5972 1 10651
5973 1 10590
5973 1 10615
5974 1 10643
5974 1 10674
5975 1 10605
5975 1 10689
5976 1 10590
5976 1 10591
5977 1 10637
5977 1 10677
5978 1 10605
5978 1 10721
5979 1 10670
5979 1 10698
5980 1 10590
5980 1 10615
5981 1 10590
5981 1 10600
5982 1 10652
5982 1 10702
5983 1 10663
5983 1 10664
5984 1 10605
5984 1 10689
5985 1 10677
5985 1 10688
5986 1 10652
5986 1 10699
5987 1 10616
5987 1 10630
5988 1 10643
5988 1 10674
5989 1 10590
5989 1 10651
5990 1 10605
5990 1 10721
5991 1 10592
5991 1 10677
5992 1 10677
5992 1 10693
5993 1 10605
5993 1 10689
5994 1 10605
5994 1 10721
5995 1 10590
5995 1 10591
5996 1 10663
5996 1 10687
5997 1 10681
5997 1 10682
5998 1 10677
5998 1 10701
5999 1 10579
5999 1 10635
6000 1 10663
6000 1 10666
6001 1 10659
6001 1 10670
6002 1 10605
6002 1 10606
6003 1 10710
6003 1 10711
6004 1 10605
6004 1 10660
6005 1 10627
6005 1 10652
6006 1 10643
6006 1 10667
6007 1 10643
6007 1 10667
6008 1 10663
6008 1 10665
6009 1 10605
6009 1 10660
6010 1 10590
6010 1 10632
6011 1 10601
6011 1 10605
6012 1 10590
6012 1 10651
6013 1 10643
6013 1 10644
6014 1 10586
6014 1 10650
6015 1 10652
6015 1 10702
6016 1 10643
6016 1 10667
6017 1 10605
6017 1 10704
6018 1 10652
6018 1 10702
6019 1 10608
6019 1 10652
6020 1 10605
6020 1 10689
6021 1 10605
6021 1 10721
6022 1 10590
6022 1 10632
6023 1 10605
6023 1 10721
6024 1 10605
6024 1 10660
6025 1 10605
6025 1 10721
6026 1 10629
6026 1 10643
6027 1 10677
6027 1 10679
6028 1 10605
6028 1 10689
6029 1 10605
6029 1 10721
6030 1 10622
6030 1 10630
6031 1 10605
6031 1 10704
6032 1 10590
6032 1 10600
6033 1 10590
6033 1 10615
6034 1 10593
6034 1 10648
6035 1 10605
6035 1 10721
6036 1 10590
6036 1 10613
6037 1 10605
6037 1 10660
6038 1 10590
6038 1 10613
6039 1 10590
6039 1 10600
6040 1 10605
6040 1 10721
6041 1 10601
6041 1 10605
6042 1 10643
6042 1 10671
6043 1 10643
6043 1 10674
6044 1 10590
6044 1 10632
6045 1 10643
6045 1 10644
6046 1 10605
6046 1 10721
6047 1 10677
6047 1 10688
6048 1 10643
6048 1 10644
6049 1 10677
6049 1 10678
6050 1 10602
6050 1 10720
6051 1 10657
6051 1 10677
6052 1 10643
6052 1 10667
6053 1 10590
6053 1 10690
6054 1 10598
6054 1 10677
6055 1 10602
6055 1 10626
6056 1 10643
6056 1 10667
6057 1 10643
6057 1 10667
6058 1 10643
6058 1 10644
6059 1 10643
6059 1 10667
6060 1 10674
6060 1 10712
6061 1 10605
6061 1 10620
6062 1 10677
6062 1 10679
6063 1 10601
6063 1 10605
6064 1 10612
6064 1 10648
6065 1 10674
6065 1 10681
6066 1 10677
6066 1 10678
6067 1 10674
6067 1 10681
6068 1 10652
6068 1 10702
6069 1 10602
6069 1 10626
6070 1 10605
6070 1 10705
6071 1 10643
6071 1 10667
6072 1 10605
6072 1 10721
6073 1 10590
6073 1 10632
6074 1 10602
6074 1 10626
6075 1 10592
6075 1 10677
6076 1 10590
6076 1 10600
6077 1 10622
6077 1 10630
6078 1 10649
6078 1 10677
6079 1 10581
6079 1 10652
6080 1 10589
6080 1 10652
6081 1 10652
6081 1 10702
6082 1 10605
6082 1 10721
6083 1 10590
6083 1 10600
6084 1 10622
6084 1 10630
6085 1 10663
6085 1 10664
6086 1 10605
6086 1 10689
6087 1 10652
6087 1 10699
6088 1 10578
6088 1 10602
6089 1 10605
6089 1 10721
6090 1 10605
6090 1 10620
6091 1 10605
6091 1 10721
6092 1 10605
6092 1 10721
6093 1 10643
6093 1 10667
6094 1 10652
6094 1 10702
6095 1 10602
6095 1 10720
6096 1 10605
6096 1 10704
6097 1 10605
6097 1 10660
6098 1 10590
6098 1 10600
6099 1 10601
6099 1 10605
6100 1 10590
6100 1 10632
6101 1 10605
6101 1 10689
6102 1 10592
6102 1 10677
6103 1 10643
6103 1 10674
6104 1 10605
6104 1 10721
6105 1 10677
6105 1 10679
6106 1 10590
6106 1 10615
6107 1 10605
6107 1 10721
6108 1 10630
6108 1 10695
6109 1 10605
6109 1 10689
6110 1 10590
6110 1 10600
6111 1 10605
6111 1 10689
6112 1 10605
6112 1 10721
6113 1 10605
6113 1 10721
6114 1 10602
6114 1 10626
6115 1 10590
6115 1 10692
6116 1 10581
6116 1 10652
6117 1 10605
6117 1 10606
6118 1 10605
6118 1 10721
6119 1 10605
6119 1 10721
6120 1 10643
6120 1 10667
6121 1 10605
6121 1 10721
6122 1 10590
6122 1 10632
6123 1 10590
6123 1 10696
6124 1 10605
6124 1 10620
6125 1 10630
6125 1 10669
6126 1 10602
6126 1 10674
6127 1 10643
6127 1 10644
6128 1 10677
6128 1 10679
6129 1 10605
6129 1 10689
6130 1 10605
6130 1 10721
6131 1 10605
6131 1 10689
6132 1 10608
6132 1 10652
6133 1 10616
6133 1 10630
6134 1 10590
6134 1 10613
6135 1 10659
6135 1 10670
6136 1 10630
6136 1 10658
6137 1 10590
6137 1 10690
6138 1 10601
6138 1 10605
6139 1 10590
6139 1 10655
6140 1 10590
6140 1 10690
6141 1 10605
6141 1 10721
6142 1 10643
6142 1 10667
6143 1 10652
6143 1 10702
6144 1 10643
6144 1 10644
6145 1 10592
6145 1 10677
6146 1 10590
6146 1 10613
6147 1 10605
6147 1 10689
6148 1 10590
6148 1 10613
6149 1 10605
6149 1 10620
6150 1 10677
6150 1 10688
6151 1 10630
6151 1 10723
6152 1 10605
6152 1 10689
6153 1 10605
6153 1 10689
6154 1 10643
6154 1 10667
6155 1 10605
6155 1 10689
6156 1 10605
6156 1 10721
6157 1 10597
6157 1 10652
6158 1 10605
6158 1 10606
6159 1 10605
6159 1 10721
6160 1 10590
6160 1 10596
6161 1 10590
6161 1 10615
6162 1 10592
6162 1 10677
6163 1 10659
6163 1 10670
6164 1 10643
6164 1 10674
6165 1 10590
6165 1 10632
6166 1 10605
6166 1 10704
6167 1 10652
6167 1 10699
6168 1 10677
6168 1 10688
6169 1 10630
6169 1 10656
6170 1 10605
6170 1 10721
6171 1 10605
6171 1 10689
6172 1 10602
6172 1 10720
6173 1 10602
6173 1 10720
6174 1 10605
6174 1 10689
6175 1 10608
6175 1 10652
6176 1 10581
6176 1 10652
6177 1 10639
6177 1 10663
6178 1 10630
6178 1 10658
6179 1 10643
6179 1 10674
6180 1 10590
6180 1 10600
6181 1 10590
6181 1 10613
6182 1 10579
6182 1 10654
6183 1 10652
6183 1 10702
6184 1 10637
6184 1 10677
6185 1 10630
6185 1 10700
6186 1 10593
6186 1 10648
6187 1 10663
6187 1 10719
6188 1 10643
6188 1 10644
6189 1 10605
6189 1 10689
6190 1 10605
6190 1 10689
6191 1 10602
6191 1 10626
6192 1 10590
6192 1 10632
6193 1 10616
6193 1 10630
6194 1 10616
6194 1 10630
6195 1 10605
6195 1 10721
6196 1 10605
6196 1 10721
6197 1 10605
6197 1 10721
6198 1 10605
6198 1 10721
6199 1 10643
6199 1 10644
6200 1 10677
6200 1 10679
6201 1 10643
6201 1 10674
6202 1 10659
6202 1 10670
6203 1 10590
6203 1 10600
6204 1 10602
6204 1 10619
6205 1 10605
6205 1 10660
6206 1 10677
6206 1 10679
6207 1 10590
6207 1 10615
6208 1 10605
6208 1 10620
6209 1 10605
6209 1 10660
6210 1 10605
6210 1 10721
6211 1 10677
6211 1 10688
6212 1 10659
6212 1 10670
6213 1 10605
6213 1 10721
6214 1 10670
6214 1 10674
6215 1 10677
6215 1 10701
6216 1 10681
6216 1 10682
6217 1 10605
6217 1 10689
6218 1 10605
6218 1 10689
6219 1 10670
6219 1 10698
6220 1 10605
6220 1 10620
6221 1 10605
6221 1 10660
6222 1 10605
6222 1 10721
6223 1 10601
6223 1 10605
6224 1 10590
6224 1 10613
6225 1 10602
6225 1 10720
6226 1 10643
6226 1 10667
6227 1 10659
6227 1 10670
6228 1 10643
6228 1 10674
6229 1 10643
6229 1 10674
6230 1 10590
6230 1 10600
6231 1 10605
6231 1 10721
6232 1 10602
6232 1 10720
6233 1 10605
6233 1 10660
6234 1 10652
6234 1 10699
6235 1 10630
6235 1 10674
6236 1 10605
6236 1 10606
6237 1 10652
6237 1 10702
6238 1 10605
6238 1 10721
6239 1 10602
6239 1 10626
6240 1 10590
6240 1 10690
6241 1 10677
6241 1 10678
6242 1 10588
6242 1 10681
6243 1 10578
6243 1 10602
6244 1 10597
6244 1 10652
6245 1 10605
6245 1 10620
6246 1 10605
6246 1 10721
6247 1 10590
6247 1 10632
6248 1 10674
6248 1 10712
6249 1 10605
6249 1 10689
6250 1 10590
6250 1 10672
6251 1 10681
6251 1 10683
6252 1 10659
6252 1 10670
6253 1 10605
6253 1 10721
6254 1 10605
6254 1 10620
6255 1 10605
6255 1 10689
6256 1 10590
6256 1 10600
6257 1 10605
6257 1 10721
6258 1 10650
6258 1 10714
6259 1 10659
6259 1 10670
6260 1 10643
6260 1 10674
6261 1 10605
6261 1 10620
6262 1 10605
6262 1 10721
6263 1 10677
6263 1 10679
6264 1 10710
6264 1 10711
6265 1 10590
6265 1 10615
6266 1 10590
6266 1 10690
6267 1 10605
6267 1 10721
6268 1 10674
6268 1 10677
6269 1 10617
6269 1 10650
6270 1 10630
6270 1 10658
6271 1 10648
6271 1 10674
6272 1 10605
6272 1 10721
6273 1 10602
6273 1 10626
6274 1 10605
6274 1 10689
6275 1 10659
6275 1 10670
6276 1 10602
6276 1 10720
6277 1 10592
6277 1 10677
6278 1 10605
6278 1 10620
6279 1 10605
6279 1 10689
6280 1 10605
6280 1 10620
6281 1 10643
6281 1 10644
6282 1 10608
6282 1 10652
6283 1 10677
6283 1 10679
6284 1 10590
6284 1 10632
6285 1 10605
6285 1 10721
6286 1 10590
6286 1 10600
6287 1 10648
6287 1 10706
6288 1 10605
6288 1 10721
6289 1 10590
6289 1 10596
6290 1 10605
6290 1 10705
6291 1 10643
6291 1 10671
6292 1 10605
6292 1 10689
6293 1 10643
6293 1 10674
6294 1 10590
6294 1 10632
6295 1 10590
6295 1 10615
6296 1 10605
6296 1 10689
6297 1 10657
6297 1 10677
6298 1 10605
6298 1 10721
6299 1 10589
6299 1 10652
6300 1 10622
6300 1 10630
6301 1 10652
6301 1 10702
6302 1 10643
6302 1 10674
6303 1 10605
6303 1 10721
6304 1 10605
6304 1 10689
6305 1 10677
6305 1 10701
6306 1 10608
6306 1 10652
6307 1 10602
6307 1 10604
6308 1 10589
6308 1 10652
6309 1 10602
6309 1 10626
6310 1 10590
6310 1 10615
6311 1 10608
6311 1 10652
6312 1 10643
6312 1 10674
6313 1 10602
6313 1 10604
6314 1 10612
6314 1 10648
6315 1 10652
6315 1 10702
6316 1 10605
6316 1 10620
6317 1 10590
6317 1 10600
6318 1 10643
6318 1 10667
6319 1 10643
6319 1 10644
6320 1 10605
6320 1 10721
6321 1 10605
6321 1 10721
6322 1 10643
6322 1 10644
6323 1 10643
6323 1 10674
6324 1 10663
6324 1 10719
6325 1 10677
6325 1 10688
6326 1 10643
6326 1 10671
6327 1 10652
6327 1 10702
6328 1 10605
6328 1 10660
6329 1 10602
6329 1 10720
6330 1 10590
6330 1 10651
6331 1 10681
6331 1 10682
6332 1 10605
6332 1 10689
6333 1 10605
6333 1 10721
6334 1 10605
6334 1 10721
6335 1 10608
6335 1 10652
6336 1 10605
6336 1 10689
6337 1 10605
6337 1 10721
6338 1 10643
6338 1 10667
6339 1 10677
6339 1 10679
6340 1 10616
6340 1 10630
6341 1 10608
6341 1 10652
6342 1 10643
6342 1 10671
6343 1 10605
6343 1 10721
6344 1 10712
6344 1 10713
6345 1 10590
6345 1 10613
6346 1 10590
6346 1 10600
6347 1 10605
6347 1 10660
6348 1 10590
6348 1 10690
6349 1 10578
6349 1 10602
6350 1 10590
6350 1 10613
6351 1 10590
6351 1 10655
6352 1 10608
6352 1 10652
6353 1 10602
6353 1 10626
6354 1 10590
6354 1 10632
6355 1 10605
6355 1 10721
6356 1 10643
6356 1 10674
6357 1 10601
6357 1 10605
6358 1 10605
6358 1 10721
6359 1 10605
6359 1 10721
6360 1 10605
6360 1 10660
6361 1 10643
6361 1 10671
6362 1 10677
6362 1 10679
6363 1 10590
6363 1 10632
6364 1 10663
6364 1 10687
6365 1 10630
6365 1 10700
6366 1 10677
6366 1 10701
6367 1 10605
6367 1 10689
6368 1 10605
6368 1 10606
6369 1 10663
6369 1 10664
6370 1 10643
6370 1 10644
6371 1 10590
6371 1 10655
6372 1 10643
6372 1 10674
6373 1 10601
6373 1 10605
6374 1 10605
6374 1 10660
6375 1 10605
6375 1 10721
6376 1 10602
6376 1 10626
6377 1 10659
6377 1 10670
6378 1 10590
6378 1 10632
6379 1 10649
6379 1 10677
6380 1 10630
6380 1 10723
6381 1 10670
6381 1 10697
6382 1 10677
6382 1 10678
6383 1 10652
6383 1 10674
6384 1 10602
6384 1 10720
6385 1 10602
6385 1 10720
6386 1 10622
6386 1 10630
6387 1 10592
6387 1 10677
6388 1 10652
6388 1 10702
6389 1 10643
6389 1 10667
6390 1 10643
6390 1 10667
6391 1 10677
6391 1 10679
6392 1 10605
6392 1 10721
6393 1 10643
6393 1 10674
6394 1 10592
6394 1 10677
6395 1 10590
6395 1 10634
6396 1 10677
6396 1 10678
6397 1 10677
6397 1 10679
6398 1 10677
6398 1 10678
6399 1 10605
6399 1 10606
6400 1 10605
6400 1 10721
6401 1 10605
6401 1 10660
6402 1 10590
6402 1 10708
6403 1 10605
6403 1 10660
6404 1 10605
6404 1 10689
6405 1 10605
6405 1 10721
6406 1 10590
6406 1 10632
6407 1 10670
6407 1 10698
6408 1 10643
6408 1 10644
6409 1 10638
6409 1 10710
6410 1 10629
6410 1 10643
6411 1 10677
6411 1 10679
6412 1 10605
6412 1 10620
6413 1 10616
6413 1 10630
6414 1 10602
6414 1 10720
6415 1 10605
6415 1 10620
6416 1 10605
6416 1 10689
6417 1 10622
6417 1 10630
6418 1 10677
6418 1 10679
6419 1 10605
6419 1 10721
6420 1 10605
6420 1 10660
6421 1 10602
6421 1 10626
6422 1 10630
6422 1 10658
6423 1 10605
6423 1 10721
6424 1 10605
6424 1 10660
6425 1 10605
6425 1 10721
6426 1 10605
6426 1 10689
6427 1 10605
6427 1 10721
6428 1 10628
6428 1 10677
6429 1 10605
6429 1 10721
6430 1 10605
6430 1 10689
6431 1 10605
6431 1 10689
6432 1 10602
6432 1 10626
6433 1 10637
6433 1 10677
6434 1 10659
6434 1 10670
6435 1 10590
6435 1 10613
6436 1 10605
6436 1 10721
6437 1 10605
6437 1 10721
6438 1 10652
6438 1 10702
6439 1 10652
6439 1 10702
6440 1 10592
6440 1 10677
6441 1 10605
6441 1 10660
6442 1 10659
6442 1 10670
6443 1 10652
6443 1 10699
6444 1 10590
6444 1 10600
6445 1 10590
6445 1 10613
6446 1 10643
6446 1 10667
6447 1 10681
6447 1 10682
6448 1 10605
6448 1 10721
6449 1 10674
6449 1 10681
6450 1 10657
6450 1 10677
6451 1 10605
6451 1 10660
6452 1 10605
6452 1 10721
6453 1 10602
6453 1 10720
6454 1 10677
6454 1 10693
6455 1 10590
6455 1 10690
6456 1 10643
6456 1 10644
6457 1 10590
6457 1 10690
6458 1 10605
6458 1 10721
6459 1 10605
6459 1 10660
6460 1 10581
6460 1 10652
6461 1 10677
6461 1 10679
6462 1 10677
6462 1 10679
6463 1 10605
6463 1 10689
6464 1 10629
6464 1 10643
6465 1 10590
6465 1 10615
6466 1 10677
6466 1 10679
6467 1 10605
6467 1 10704
6468 1 10605
6468 1 10689
6469 1 10638
6469 1 10710
6470 1 10605
6470 1 10721
6471 1 10605
6471 1 10721
6472 1 10605
6472 1 10689
6473 1 10677
6473 1 10688
6474 1 10605
6474 1 10689
6475 1 10581
6475 1 10652
6476 1 10627
6476 1 10652
6477 1 10590
6477 1 10632
6478 1 10643
6478 1 10667
6479 1 10579
6479 1 10654
6480 1 10578
6480 1 10602
6481 1 10629
6481 1 10643
6482 1 10605
6482 1 10689
6483 1 10590
6483 1 10613
6484 1 10590
6484 1 10615
6485 1 10605
6485 1 10689
6486 1 10602
6486 1 10720
6487 1 10637
6487 1 10677
6488 1 10605
6488 1 10721
6489 1 10629
6489 1 10643
6490 1 10605
6490 1 10620
6491 1 10590
6491 1 10596
6492 1 10643
6492 1 10644
6493 1 10602
6493 1 10720
6494 1 10608
6494 1 10652
6495 1 10659
6495 1 10670
6496 1 10643
6496 1 10674
6497 1 10590
6497 1 10613
6498 1 10616
6498 1 10630
6499 1 10592
6499 1 10677
6500 1 10643
6500 1 10644
6501 1 10605
6501 1 10689
6502 1 10605
6502 1 10606
6503 1 10605
6503 1 10689
6504 1 10652
6504 1 10699
6505 1 10590
6505 1 10613
6506 1 10622
6506 1 10630
6507 1 10581
6507 1 10652
6508 1 10637
6508 1 10677
6509 1 10590
6509 1 10596
6510 1 10643
6510 1 10674
6511 1 10659
6511 1 10670
6512 1 10643
6512 1 10674
6513 1 10590
6513 1 10655
6514 1 10590
6514 1 10632
6515 1 10643
6515 1 10671
6516 1 10710
6516 1 10711
6517 1 10630
6517 1 10669
6518 1 10590
6518 1 10613
6519 1 10616
6519 1 10630
6520 1 10605
6520 1 10721
6521 1 10590
6521 1 10600
6522 1 10643
6522 1 10674
6523 1 10643
6523 1 10644
6524 1 10643
6524 1 10644
6525 1 10643
6525 1 10644
6526 1 10629
6526 1 10643
6527 1 10677
6527 1 10679
6528 1 10652
6528 1 10717
6529 1 10605
6529 1 10689
6530 1 10605
6530 1 10705
6531 1 10605
6531 1 10689
6532 1 10605
6532 1 10689
6533 1 10590
6533 1 10615
6534 1 10605
6534 1 10721
6535 1 10608
6535 1 10652
6536 1 10605
6536 1 10721
6537 1 10652
6537 1 10702
6538 1 10652
6538 1 10717
6539 1 10643
6539 1 10671
6540 1 10590
6540 1 10632
6541 1 10586
6541 1 10650
6542 1 10605
6542 1 10689
6543 1 10630
6543 1 10695
6544 1 10579
6544 1 10654
6545 1 10590
6545 1 10615
6546 1 10590
6546 1 10613
6547 1 10602
6547 1 10626
6548 1 10605
6548 1 10689
6549 1 10605
6549 1 10721
6550 1 10605
6550 1 10721
6551 1 10659
6551 1 10670
6552 1 10605
6552 1 10721
6553 1 10598
6553 1 10677
6554 1 10639
6554 1 10663
6555 1 10590
6555 1 10613
6556 1 10590
6556 1 10690
6557 1 10662
6557 1 10677
6558 1 10605
6558 1 10721
6559 1 10590
6559 1 10632
6560 1 10590
6560 1 10613
6561 1 10590
6561 1 10632
6562 1 10590
6562 1 10655
6563 1 10605
6563 1 10606
6564 1 10602
6564 1 10720
6565 1 10590
6565 1 10632
6566 1 10643
6566 1 10674
6567 1 10605
6567 1 10721
6568 1 10590
6568 1 10600
6569 1 10639
6569 1 10663
6570 1 10582
6570 1 10652
6571 1 10605
6571 1 10689
6572 1 10611
6572 1 10710
6573 1 10643
6573 1 10671
6574 1 10590
6574 1 10615
6575 1 10597
6575 1 10652
6576 1 10605
6576 1 10689
6577 1 10602
6577 1 10626
6578 1 10590
6578 1 10632
6579 1 10605
6579 1 10721
6580 1 10605
6580 1 10721
6581 1 10605
6581 1 10689
6582 1 10602
6582 1 10626
6583 1 10590
6583 1 10690
6584 1 10643
6584 1 10674
6585 1 10605
6585 1 10721
6586 1 10605
6586 1 10721
6587 1 10592
6587 1 10677
6588 1 10622
6588 1 10630
6589 1 10663
6589 1 10665
6590 1 10643
6590 1 10644
6591 1 10605
6591 1 10689
6592 1 10605
6592 1 10721
6593 1 10580
6593 1 10652
6594 1 10602
6594 1 10626
6595 1 10605
6595 1 10620
6596 1 10590
6596 1 10613
6597 1 10638
6597 1 10710
6598 1 10590
6598 1 10613
6599 1 10590
6599 1 10690
6600 1 10605
6600 1 10704
6601 1 10590
6601 1 10613
6602 1 10629
6602 1 10643
6603 1 10605
6603 1 10705
6604 1 10605
6604 1 10721
6605 1 10590
6605 1 10632
6606 1 10629
6606 1 10643
6607 1 10581
6607 1 10652
6608 1 10590
6608 1 10708
6609 1 10590
6609 1 10708
6610 1 10624
6610 1 10670
6611 1 10605
6611 1 10721
6612 1 10643
6612 1 10667
6613 1 10677
6613 1 10693
6614 1 10602
6614 1 10720
6615 1 10652
6615 1 10702
6616 1 10605
6616 1 10721
6617 1 10652
6617 1 10702
6618 1 10605
6618 1 10721
6619 1 10590
6619 1 10690
6620 1 10605
6620 1 10721
6621 1 10609
6621 1 10681
6622 1 10643
6622 1 10674
6623 1 10663
6623 1 10664
6624 1 10590
6624 1 10632
6625 1 10612
6625 1 10648
6626 1 10590
6626 1 10613
6627 1 10677
6627 1 10693
6628 1 10710
6628 1 10711
6629 1 10605
6629 1 10689
6630 1 10677
6630 1 10688
6631 1 10590
6631 1 10632
6632 1 10670
6632 1 10673
6633 1 10605
6633 1 10689
6634 1 10605
6634 1 10721
6635 1 10605
6635 1 10660
6636 1 10602
6636 1 10720
6637 1 10652
6637 1 10702
6638 1 10622
6638 1 10630
6639 1 10670
6639 1 10698
6640 1 10590
6640 1 10613
6641 1 10652
6641 1 10699
6642 1 10643
6642 1 10674
6643 1 10590
6643 1 10613
6644 1 10602
6644 1 10720
6645 1 10652
6645 1 10699
6646 1 10630
6646 1 10656
6647 1 10578
6647 1 10602
6648 1 10578
6648 1 10602
6649 1 10590
6649 1 10632
6650 1 10605
6650 1 10660
6651 1 10579
6651 1 10635
6652 1 10605
6652 1 10660
6653 1 10602
6653 1 10720
6654 1 10652
6654 1 10702
6655 1 10657
6655 1 10677
6656 1 10605
6656 1 10660
6657 1 10590
6657 1 10600
6658 1 10643
6658 1 10674
6659 1 10659
6659 1 10670
6660 1 10677
6660 1 10679
6661 1 10605
6661 1 10689
6662 1 10590
6662 1 10690
6663 1 10578
6663 1 10602
6664 1 10602
6664 1 10720
6665 1 10602
6665 1 10619
6666 1 10581
6666 1 10652
6667 1 10605
6667 1 10689
6668 1 10659
6668 1 10670
6669 1 10605
6669 1 10606
6670 1 10652
6670 1 10702
6671 1 10590
6671 1 10600
6672 1 10659
6672 1 10670
6673 1 10605
6673 1 10620
6674 1 10605
6674 1 10610
6675 1 10630
6675 1 10656
6676 1 10590
6676 1 10632
6677 1 10590
6677 1 10615
6678 1 10578
6678 1 10602
6679 1 10605
6679 1 10721
6680 1 10652
6680 1 10702
6681 1 10590
6681 1 10632
6682 1 10608
6682 1 10652
6683 1 10590
6683 1 10613
6684 1 10602
6684 1 10626
6685 1 10612
6685 1 10648
6686 1 10643
6686 1 10674
6687 1 10681
6687 1 10718
6688 1 10608
6688 1 10652
6689 1 10592
6689 1 10677
6690 1 10590
6690 1 10600
6691 1 10677
6691 1 10688
6692 1 10643
6692 1 10674
6693 1 10652
6693 1 10702
6694 1 10677
6694 1 10693
6695 1 10677
6695 1 10678
6696 1 10652
6696 1 10717
6697 1 10648
6697 1 10674
6698 1 10643
6698 1 10674
6699 1 10590
6699 1 10651
6700 1 10605
6700 1 10689
6701 1 10629
6701 1 10643
6702 1 10608
6702 1 10652
6703 1 10643
6703 1 10667
6704 1 10637
6704 1 10677
6705 1 10605
6705 1 10721
6706 1 10590
6706 1 10613
6707 1 10605
6707 1 10689
6708 1 10608
6708 1 10652
6709 1 10579
6709 1 10654
6710 1 10677
6710 1 10701
6711 1 10662
6711 1 10677
6712 1 10605
6712 1 10721
6713 1 10659
6713 1 10670
6714 1 10605
6714 1 10620
6715 1 10605
6715 1 10721
6716 1 10677
6716 1 10679
6717 1 10659
6717 1 10670
6718 1 10579
6718 1 10635
6719 1 10681
6719 1 10718
6720 1 10605
6720 1 10689
6721 1 10652
6721 1 10702
6722 1 10629
6722 1 10643
6723 1 10652
6723 1 10699
6724 1 10652
6724 1 10699
6725 1 10643
6725 1 10644
6726 1 10590
6726 1 10613
6727 1 10616
6727 1 10630
6728 1 10605
6728 1 10721
6729 1 10639
6729 1 10663
6730 1 10590
6730 1 10600
6731 1 10630
6731 1 10695
6732 1 10605
6732 1 10721
6733 1 10590
6733 1 10615
6734 1 10625
6734 1 10712
6735 1 10659
6735 1 10670
6736 1 10643
6736 1 10644
6737 1 10652
6737 1 10699
6738 1 10652
6738 1 10717
6739 1 10605
6739 1 10689
6740 1 10605
6740 1 10606
6741 1 10590
6741 1 10600
6742 1 10605
6742 1 10689
6743 1 10581
6743 1 10652
6744 1 10605
6744 1 10704
6745 1 10662
6745 1 10677
6746 1 10605
6746 1 10721
6747 1 10652
6747 1 10686
6748 1 10605
6748 1 10721
6749 1 10605
6749 1 10660
6750 1 10590
6750 1 10613
6751 1 10643
6751 1 10667
6752 1 10670
6752 1 10698
6753 1 10663
6753 1 10687
6754 1 10608
6754 1 10652
6755 1 10608
6755 1 10652
6756 1 10590
6756 1 10632
6757 1 10590
6757 1 10596
6758 1 10663
6758 1 10664
6759 1 10605
6759 1 10689
6760 1 10605
6760 1 10721
6761 1 10677
6761 1 10701
6762 1 10652
6762 1 10717
6763 1 10643
6763 1 10667
6764 1 10677
6764 1 10709
6765 1 10605
6765 1 10721
6766 1 10643
6766 1 10667
6767 1 10605
6767 1 10660
6768 1 10652
6768 1 10702
6769 1 10652
6769 1 10699
6770 1 10605
6770 1 10610
6771 1 10590
6771 1 10674
6772 1 10602
6772 1 10720
6773 1 10643
6773 1 10674
6774 1 10605
6774 1 10660
6775 1 10581
6775 1 10652
6776 1 10605
6776 1 10620
6777 1 10605
6777 1 10721
6778 1 10659
6778 1 10670
6779 1 10639
6779 1 10663
6780 1 10639
6780 1 10663
6781 1 10643
6781 1 10644
6782 1 10605
6782 1 10721
6783 1 10643
6783 1 10674
6784 1 10590
6784 1 10613
6785 1 10637
6785 1 10677
6786 1 10617
6786 1 10650
6787 1 10579
6787 1 10654
6788 1 10605
6788 1 10721
6789 1 10643
6789 1 10674
6790 1 10605
6790 1 10721
6791 1 10602
6791 1 10720
6792 1 10643
6792 1 10644
6793 1 10590
6793 1 10596
6794 1 10590
6794 1 10615
6795 1 10590
6795 1 10615
6796 1 10643
6796 1 10671
6797 1 10659
6797 1 10670
6798 1 10590
6798 1 10615
6799 1 10581
6799 1 10652
6800 1 10601
6800 1 10605
6801 1 10590
6801 1 10600
6802 1 10648
6802 1 10706
6803 1 10611
6803 1 10710
6804 1 10608
6804 1 10652
6805 1 10659
6805 1 10670
6806 1 10674
6806 1 10712
6807 1 10605
6807 1 10660
6808 1 10602
6808 1 10720
6809 1 10602
6809 1 10720
6810 1 10676
6810 1 10677
6811 1 10677
6811 1 10688
6812 1 10605
6812 1 10721
6813 1 10605
6813 1 10721
6814 1 10643
6814 1 10674
6815 1 10579
6815 1 10703
6816 1 10605
6816 1 10721
6817 1 10605
6817 1 10620
6818 1 10590
6818 1 10596
6819 1 10605
6819 1 10721
6820 1 10643
6820 1 10644
6821 1 10597
6821 1 10652
6822 1 10605
6822 1 10721
6823 1 10612
6823 1 10648
6824 1 10643
6824 1 10667
6825 1 10605
6825 1 10721
6826 1 10630
6826 1 10695
6827 1 10677
6827 1 10679
6828 1 10590
6828 1 10613
6829 1 10608
6829 1 10652
6830 1 10602
6830 1 10720
6831 1 10602
6831 1 10626
6832 1 10643
6832 1 10674
6833 1 10602
6833 1 10626
6834 1 10681
6834 1 10718
6835 1 10643
6835 1 10667
6836 1 10605
6836 1 10721
6837 1 10643
6837 1 10644
6838 1 10612
6838 1 10648
6839 1 10590
6839 1 10600
6840 1 10590
6840 1 10615
6841 1 10605
6841 1 10721
6842 1 10605
6842 1 10689
6843 1 10605
6843 1 10721
6844 1 10605
6844 1 10721
6845 1 10590
6845 1 10632
6846 1 10605
6846 1 10721
6847 1 10605
6847 1 10689
6848 1 10602
6848 1 10603
6849 1 10590
6849 1 10632
6850 1 10643
6850 1 10674
6851 1 10605
6851 1 10721
6852 1 10659
6852 1 10670
6853 1 10605
6853 1 10606
6854 1 10579
6854 1 10654
6855 1 10681
6855 1 10684
6856 1 10601
6856 1 10605
6857 1 10605
6857 1 10721
6858 1 10590
6858 1 10655
6859 1 10605
6859 1 10689
6860 1 10643
6860 1 10671
6861 1 10590
6861 1 10613
6862 1 10605
6862 1 10689
6863 1 10662
6863 1 10677
6864 1 10677
6864 1 10688
6865 1 10590
6865 1 10615
6866 1 10670
6866 1 10697
6867 1 10643
6867 1 10674
6868 1 10643
6868 1 10674
6869 1 10590
6869 1 10708
6870 1 10659
6870 1 10670
6871 1 10670
6871 1 10698
6872 1 10602
6872 1 10720
6873 1 10605
6873 1 10704
6874 1 10602
6874 1 10626
6875 1 10643
6875 1 10674
6876 1 10605
6876 1 10721
6877 1 10590
6877 1 10632
6878 1 10586
6878 1 10650
6879 1 10590
6879 1 10632
6880 1 10605
6880 1 10620
6881 1 10643
6881 1 10674
6882 1 10605
6882 1 10721
6883 1 10605
6883 1 10660
6884 1 10643
6884 1 10644
6885 1 10602
6885 1 10716
6886 1 10601
6886 1 10605
6887 1 10643
6887 1 10674
6888 1 10674
6888 1 10681
6889 1 10601
6889 1 10605
6890 1 10608
6890 1 10652
6891 1 10643
6891 1 10674
6892 1 10590
6892 1 10613
6893 1 10602
6893 1 10626
6894 1 10605
6894 1 10721
6895 1 10652
6895 1 10717
6896 1 10652
6896 1 10717
6897 1 10605
6897 1 10660
6898 1 10602
6898 1 10716
6899 1 10590
6899 1 10632
6900 1 10605
6900 1 10660
6901 1 10652
6901 1 10702
6902 1 10605
6902 1 10705
6903 1 10677
6903 1 10679
6904 1 10609
6904 1 10681
6905 1 10590
6905 1 10696
6906 1 10677
6906 1 10679
6907 1 10590
6907 1 10600
6908 1 10643
6908 1 10644
6909 1 10590
6909 1 10600
6910 1 10605
6910 1 10721
6911 1 10657
6911 1 10677
6912 1 10590
6912 1 10613
6913 1 10590
6913 1 10613
6914 1 10598
6914 1 10677
6915 1 10659
6915 1 10670
6916 1 10643
6916 1 10674
6917 1 10643
6917 1 10644
6918 1 10605
6918 1 10721
6919 1 10638
6919 1 10710
6920 1 10590
6920 1 10613
6921 1 10590
6921 1 10651
6922 1 10677
6922 1 10688
6923 1 10643
6923 1 10674
6924 1 10605
6924 1 10689
6925 1 10605
6925 1 10689
6926 1 10643
6926 1 10644
6927 1 10677
6927 1 10678
6928 1 10612
6928 1 10648
6929 1 10592
6929 1 10677
6930 1 10643
6930 1 10674
6931 1 10590
6931 1 10613
6932 1 10681
6932 1 10683
6933 1 10643
6933 1 10674
6934 1 10643
6934 1 10674
6935 1 10605
6935 1 10721
6936 1 10677
6936 1 10679
6937 1 10652
6937 1 10702
6938 1 10592
6938 1 10677
6939 1 10659
6939 1 10670
6940 1 10590
6940 1 10613
6941 1 10605
6941 1 10721
6942 1 10597
6942 1 10652
6943 1 10627
6943 1 10652
6944 1 10643
6944 1 10667
6945 1 10605
6945 1 10704
6946 1 10605
6946 1 10721
6947 1 10605
6947 1 10689
6948 1 10605
6948 1 10689
6949 1 10605
6949 1 10721
6950 1 10648
6950 1 10706
6951 1 10681
6951 1 10718
6952 1 10590
6952 1 10600
6953 1 10590
6953 1 10596
6954 1 10605
6954 1 10721
6955 1 10643
6955 1 10667
6956 1 10590
6956 1 10613
6957 1 10592
6957 1 10677
6958 1 10605
6958 1 10689
6959 1 10605
6959 1 10721
6960 1 10605
6960 1 10660
6961 1 10652
6961 1 10699
6962 1 10605
6962 1 10660
6963 1 10592
6963 1 10677
6964 1 10643
6964 1 10667
6965 1 10590
6965 1 10632
6966 1 10659
6966 1 10670
6967 1 10608
6967 1 10652
6968 1 10637
6968 1 10677
6969 1 10652
6969 1 10717
6970 1 10652
6970 1 10699
6971 1 10643
6971 1 10671
6972 1 10580
6972 1 10652
6973 1 10590
6973 1 10655
6974 1 10590
6974 1 10690
6975 1 10592
6975 1 10677
6976 1 10590
6976 1 10615
6977 1 10594
6977 1 10712
6978 1 10643
6978 1 10674
6979 1 10590
6979 1 10613
6980 1 10590
6980 1 10613
6981 1 10712
6981 1 10713
6982 1 10581
6982 1 10652
6983 1 10677
6983 1 10679
6984 1 10590
6984 1 10692
6985 1 10643
6985 1 10674
6986 1 10605
6986 1 10689
6987 1 10605
6987 1 10620
6988 1 10592
6988 1 10677
6989 1 10605
6989 1 10705
6990 1 10581
6990 1 10652
6991 1 10643
6991 1 10667
6992 1 10663
6992 1 10665
6993 1 10652
6993 1 10702
6994 1 10608
6994 1 10652
6995 1 10602
6995 1 10626
6996 1 10677
6996 1 10688
6997 1 10590
6997 1 10690
6998 1 10586
6998 1 10650
6999 1 10605
6999 1 10620
7000 1 10590
7000 1 10615
7001 1 10643
7001 1 10674
7002 1 10590
7002 1 10696
7003 1 10590
7003 1 10613
7004 1 10605
7004 1 10721
7005 1 10605
7005 1 10721
7006 1 10581
7006 1 10652
7007 1 10643
7007 1 10667
7008 1 10630
7008 1 10723
7009 1 10602
7009 1 10716
7010 1 10616
7010 1 10630
7011 1 10590
7011 1 10600
7012 1 10590
7012 1 10596
7013 1 10638
7013 1 10710
7014 1 10608
7014 1 10652
7015 1 10590
7015 1 10651
7016 1 10602
7016 1 10716
7017 1 10605
7017 1 10606
7018 1 10677
7018 1 10679
7019 1 10677
7019 1 10709
7020 1 10643
7020 1 10674
7021 1 10643
7021 1 10644
7022 1 10677
7022 1 10688
7023 1 10677
7023 1 10701
7024 1 10643
7024 1 10674
7025 1 10677
7025 1 10709
7026 1 10602
7026 1 10720
7027 1 10590
7027 1 10613
7028 1 10643
7028 1 10674
7029 1 10602
7029 1 10626
7030 1 10581
7030 1 10652
7031 1 10643
7031 1 10667
7032 1 10590
7032 1 10613
7033 1 10630
7033 1 10695
7034 1 10590
7034 1 10615
7035 1 10643
7035 1 10644
7036 1 10612
7036 1 10648
7037 1 10592
7037 1 10677
7038 1 10590
7038 1 10596
7039 1 10590
7039 1 10690
7040 1 10605
7040 1 10721
7041 1 10605
7041 1 10721
7042 1 10605
7042 1 10721
7043 1 10677
7043 1 10679
7044 1 10601
7044 1 10605
7045 1 10643
7045 1 10644
7046 1 10605
7046 1 10721
7047 1 10643
7047 1 10667
7048 1 10605
7048 1 10721
7049 1 10590
7049 1 10690
7050 1 10643
7050 1 10667
7051 1 10602
7051 1 10626
7052 1 10605
7052 1 10721
7053 1 10605
7053 1 10660
7054 1 10605
7054 1 10721
7055 1 10590
7055 1 10600
7056 1 10590
7056 1 10600
7057 1 10608
7057 1 10652
7058 1 10652
7058 1 10699
7059 1 10612
7059 1 10648
7060 1 10608
7060 1 10652
7061 1 10605
7061 1 10721
7062 1 10605
7062 1 10610
7063 1 10659
7063 1 10670
7064 1 10677
7064 1 10688
7065 1 10579
7065 1 10654
7066 1 10579
7066 1 10635
7067 1 10579
7067 1 10635
7068 1 10579
7068 1 10635
7069 1 10579
7069 1 10635
7070 1 10605
7070 1 10689
7071 1 10582
7071 1 10652
7072 1 10608
7072 1 10652
7073 1 10605
7073 1 10689
7074 1 10590
7074 1 10600
7075 1 10605
7075 1 10721
7076 1 10579
7076 1 10654
7077 1 10643
7077 1 10674
7078 1 10652
7078 1 10653
7079 1 10586
7079 1 10650
7080 1 10590
7080 1 10615
7081 1 10605
7081 1 10721
7082 1 10590
7082 1 10632
7083 1 10590
7083 1 10600
7084 1 10605
7084 1 10689
7085 1 10677
7085 1 10679
7086 1 10601
7086 1 10605
7087 1 10598
7087 1 10677
7088 1 10592
7088 1 10677
7089 1 10622
7089 1 10630
7090 1 10605
7090 1 10721
7091 1 10590
7091 1 10615
7092 1 10677
7092 1 10679
7093 1 10677
7093 1 10693
7094 1 10578
7094 1 10602
7095 1 10605
7095 1 10610
7096 1 10605
7096 1 10721
7097 1 10652
7097 1 10653
7098 1 10605
7098 1 10721
7099 1 10605
7099 1 10721
7100 1 10650
7100 1 10674
7101 1 10590
7101 1 10596
7102 1 10605
7102 1 10721
7103 1 10605
7103 1 10721
7104 1 10598
7104 1 10677
7105 1 10643
7105 1 10674
7106 1 10643
7106 1 10667
7107 1 10617
7107 1 10650
7108 1 10602
7108 1 10619
7109 1 10670
7109 1 10674
7110 1 10605
7110 1 10705
7111 1 10605
7111 1 10606
7112 1 10605
7112 1 10689
7113 1 10605
7113 1 10721
7114 1 10605
7114 1 10660
7115 1 10670
7115 1 10698
7116 1 10608
7116 1 10652
7117 1 10605
7117 1 10721
7118 1 10605
7118 1 10721
7119 1 10643
7119 1 10644
7120 1 10643
7120 1 10667
7121 1 10643
7121 1 10644
7122 1 10612
7122 1 10648
7123 1 10605
7123 1 10721
7124 1 10630
7124 1 10695
7125 1 10643
7125 1 10674
7126 1 10652
7126 1 10702
7127 1 10643
7127 1 10667
7128 1 10602
7128 1 10720
7129 1 10605
7129 1 10660
7130 1 10618
7130 1 10648
7131 1 10677
7131 1 10679
7132 1 10605
7132 1 10704
7133 1 10605
7133 1 10721
7134 1 10605
7134 1 10721
7135 1 10602
7135 1 10626
7136 1 10605
7136 1 10660
7137 1 10602
7137 1 10604
7138 1 10630
7138 1 10658
7139 1 10643
7139 1 10674
7140 1 10652
7140 1 10702
7141 1 10605
7141 1 10660
7142 1 10601
7142 1 10605
7143 1 10605
7143 1 10721
7144 1 10605
7144 1 10721
7145 1 10677
7145 1 10688
7146 1 10605
7146 1 10721
7147 1 10643
7147 1 10667
7148 1 10605
7148 1 10721
7149 1 10608
7149 1 10652
7150 1 10652
7150 1 10699
7151 1 10643
7151 1 10644
7152 1 10578
7152 1 10602
7153 1 10602
7153 1 10619
7154 1 10602
7154 1 10619
7155 1 10605
7155 1 10689
7156 1 10590
7156 1 10632
7157 1 10605
7157 1 10660
7158 1 10605
7158 1 10721
7159 1 10710
7159 1 10711
7160 1 10590
7160 1 10651
7161 1 10643
7161 1 10674
7162 1 10616
7162 1 10630
7163 1 10652
7163 1 10717
7164 1 10581
7164 1 10652
7165 1 10677
7165 1 10688
7166 1 10643
7166 1 10674
7167 1 10602
7167 1 10720
7168 1 10652
7168 1 10702
7169 1 10643
7169 1 10644
7170 1 10605
7170 1 10721
7171 1 10605
7171 1 10689
7172 1 10670
7172 1 10674
7173 1 10602
7173 1 10603
7174 1 10630
7174 1 10658
7175 1 10643
7175 1 10674
7176 1 10659
7176 1 10670
7177 1 10601
7177 1 10605
7178 1 10659
7178 1 10670
7179 1 10602
7179 1 10720
7180 1 10659
7180 1 10670
7181 1 10677
7181 1 10679
7182 1 10624
7182 1 10670
7183 1 10681
7183 1 10718
7184 1 10652
7184 1 10686
7185 1 10597
7185 1 10652
7186 1 10637
7186 1 10677
7187 1 10590
7187 1 10613
7188 1 10643
7188 1 10667
7189 1 10590
7189 1 10600
7190 1 10602
7190 1 10720
7191 1 10605
7191 1 10620
7192 1 10605
7192 1 10721
7193 1 10605
7193 1 10721
7194 1 10643
7194 1 10644
7195 1 10602
7195 1 10626
7196 1 10590
7196 1 10613
7197 1 10659
7197 1 10670
7198 1 10605
7198 1 10721
7199 1 10643
7199 1 10667
7200 1 10605
7200 1 10660
7201 1 10659
7201 1 10670
7202 1 10652
7202 1 10686
7203 1 10602
7203 1 10626
7204 1 10630
7204 1 10669
7205 1 10590
7205 1 10632
7206 1 10605
7206 1 10689
7207 1 10590
7207 1 10600
7208 1 10605
7208 1 10721
7209 1 10605
7209 1 10721
7210 1 10581
7210 1 10652
7211 1 10605
7211 1 10721
7212 1 10648
7212 1 10685
7213 1 10608
7213 1 10652
7214 1 10601
7214 1 10605
7215 1 10590
7215 1 10696
7216 1 10677
7216 1 10679
7217 1 10643
7217 1 10667
7218 1 10643
7218 1 10667
7219 1 10643
7219 1 10667
7220 1 10605
7220 1 10721
7221 1 10590
7221 1 10613
7222 1 10605
7222 1 10660
7223 1 10590
7223 1 10632
7224 1 10605
7224 1 10721
7225 1 10643
7225 1 10674
7226 1 10643
7226 1 10667
7227 1 10605
7227 1 10721
7228 1 10643
7228 1 10644
7229 1 10602
7229 1 10720
7230 1 10605
7230 1 10660
7231 1 10643
7231 1 10644
7232 1 10677
7232 1 10688
7233 1 10602
7233 1 10626
7234 1 10590
7234 1 10596
7235 1 10643
7235 1 10644
7236 1 10590
7236 1 10651
7237 1 10605
7237 1 10689
7238 1 10605
7238 1 10660
7239 1 10605
7239 1 10660
7240 1 10605
7240 1 10620
7241 1 10605
7241 1 10689
7242 1 10605
7242 1 10660
7243 1 10605
7243 1 10610
7244 1 10605
7244 1 10660
7245 1 10602
7245 1 10720
7246 1 10605
7246 1 10704
7247 1 10605
7247 1 10606
7248 1 10643
7248 1 10674
7249 1 10602
7249 1 10626
7250 1 10590
7250 1 10613
7251 1 10643
7251 1 10644
7252 1 10643
7252 1 10644
7253 1 10643
7253 1 10674
7254 1 10597
7254 1 10652
7255 1 10681
7255 1 10682
7256 1 10590
7256 1 10696
7257 1 10652
7257 1 10653
7258 1 10605
7258 1 10606
7259 1 10605
7259 1 10721
7260 1 10590
7260 1 10615
7261 1 10602
7261 1 10720
7262 1 10605
7262 1 10721
7263 1 10608
7263 1 10652
7264 1 10629
7264 1 10643
7265 1 10590
7265 1 10613
7266 1 10590
7266 1 10613
7267 1 10605
7267 1 10689
7268 1 10605
7268 1 10660
7269 1 10605
7269 1 10721
7270 1 10605
7270 1 10689
7271 1 10605
7271 1 10721
7272 1 10663
7272 1 10664
7273 1 10579
7273 1 10703
7274 1 10605
7274 1 10689
7275 1 10605
7275 1 10689
7276 1 10643
7276 1 10671
7277 1 10602
7277 1 10604
7278 1 10605
7278 1 10721
7279 1 10605
7279 1 10721
7280 1 10605
7280 1 10660
7281 1 10605
7281 1 10660
7282 1 10605
7282 1 10721
7283 1 10602
7283 1 10626
7284 1 10581
7284 1 10652
7285 1 10590
7285 1 10613
7286 1 10677
7286 1 10679
7287 1 10590
7287 1 10696
7288 1 10605
7288 1 10705
7289 1 10652
7289 1 10702
7290 1 10590
7290 1 10632
7291 1 10652
7291 1 10653
7292 1 10605
7292 1 10721
7293 1 10605
7293 1 10721
7294 1 10677
7294 1 10679
7295 1 10659
7295 1 10670
7296 1 10663
7296 1 10664
7297 1 10590
7297 1 10690
7298 1 10663
7298 1 10664
7299 1 10659
7299 1 10670
7300 1 10590
7300 1 10600
7301 1 10590
7301 1 10600
7302 1 10601
7302 1 10605
7303 1 10605
7303 1 10704
7304 1 10601
7304 1 10605
7305 1 10605
7305 1 10704
7306 1 10710
7306 1 10711
7307 1 10652
7307 1 10653
7308 1 10605
7308 1 10721
7309 1 10605
7309 1 10721
7310 1 10602
7310 1 10619
7311 1 10590
7311 1 10632
7312 1 10643
7312 1 10671
7313 1 10652
7313 1 10717
7314 1 10652
7314 1 10653
7315 1 10581
7315 1 10652
7316 1 10579
7316 1 10654
7317 1 10601
7317 1 10605
7318 1 10605
7318 1 10689
7319 1 10605
7319 1 10689
7320 1 10590
7320 1 10613
7321 1 10605
7321 1 10689
7322 1 10590
7322 1 10613
7323 1 10605
7323 1 10721
7324 1 10590
7324 1 10600
7325 1 10652
7325 1 10702
7326 1 10590
7326 1 10600
7327 1 10605
7327 1 10721
7328 1 10643
7328 1 10644
7329 1 10590
7329 1 10615
7330 1 10643
7330 1 10671
7331 1 10590
7331 1 10613
7332 1 10618
7332 1 10648
7333 1 10608
7333 1 10652
7334 1 10643
7334 1 10667
7335 1 10605
7335 1 10721
7336 1 10605
7336 1 10689
7337 1 10630
7337 1 10695
7338 1 10590
7338 1 10615
7339 1 10643
7339 1 10644
7340 1 10605
7340 1 10689
7341 1 10677
7341 1 10679
7342 1 10605
7342 1 10721
7343 1 10663
7343 1 10665
7344 1 10590
7344 1 10632
7345 1 10590
7345 1 10655
7346 1 10590
7346 1 10651
7347 1 10590
7347 1 10615
7348 1 10643
7348 1 10644
7349 1 10643
7349 1 10644
7350 1 10605
7350 1 10689
7351 1 10659
7351 1 10670
7352 1 10605
7352 1 10660
7353 1 10590
7353 1 10632
7354 1 10643
7354 1 10674
7355 1 10674
7355 1 10710
7356 1 10677
7356 1 10688
7357 1 10601
7357 1 10605
7358 1 10605
7358 1 10721
7359 1 10590
7359 1 10600
7360 1 10602
7360 1 10720
7361 1 10578
7361 1 10602
7362 1 10643
7362 1 10644
7363 1 10590
7363 1 10613
7364 1 10602
7364 1 10720
7365 1 10601
7365 1 10605
7366 1 10605
7366 1 10689
7367 1 10677
7367 1 10688
7368 1 10677
7368 1 10688
7369 1 10605
7369 1 10689
7370 1 10659
7370 1 10670
7371 1 10605
7371 1 10721
7372 1 10659
7372 1 10670
7373 1 10605
7373 1 10620
7374 1 10605
7374 1 10705
7375 1 10605
7375 1 10660
7376 1 10590
7376 1 10613
7377 1 10590
7377 1 10690
7378 1 10643
7378 1 10667
7379 1 10578
7379 1 10602
7380 1 10605
7380 1 10660
7381 1 10605
7381 1 10721
7382 1 10652
7382 1 10702
7383 1 10605
7383 1 10721
7384 1 10590
7384 1 10632
7385 1 10663
7385 1 10687
7386 1 10602
7386 1 10626
7387 1 10605
7387 1 10689
7388 1 10605
7388 1 10660
7389 1 10643
7389 1 10667
7390 1 10643
7390 1 10667
7391 1 10643
7391 1 10667
7392 1 10601
7392 1 10605
7393 1 10659
7393 1 10670
7394 1 10601
7394 1 10605
7395 1 10643
7395 1 10667
7396 1 10578
7396 1 10602
7397 1 10580
7397 1 10652
7398 1 10578
7398 1 10602
7399 1 10659
7399 1 10670
7400 1 10578
7400 1 10602
7401 1 10605
7401 1 10721
7402 1 10659
7402 1 10670
7403 1 10605
7403 1 10721
7404 1 10617
7404 1 10650
7405 1 10580
7405 1 10652
7406 1 10590
7406 1 10655
7407 1 10605
7407 1 10721
7408 1 10605
7408 1 10660
7409 1 10659
7409 1 10670
7410 1 10637
7410 1 10677
7411 1 10677
7411 1 10688
7412 1 10602
7412 1 10626
7413 1 10681
7413 1 10683
7414 1 10630
7414 1 10658
7415 1 10659
7415 1 10670
7416 1 10605
7416 1 10721
7417 1 10652
7417 1 10702
7418 1 10605
7418 1 10610
7419 1 10630
7419 1 10658
7420 1 10643
7420 1 10667
7421 1 10612
7421 1 10648
7422 1 10590
7422 1 10591
7423 1 10590
7423 1 10632
7424 1 10637
7424 1 10677
7425 1 10605
7425 1 10721
7426 1 10605
7426 1 10689
7427 1 10605
7427 1 10721
7428 1 10605
7428 1 10721
7429 1 10590
7429 1 10600
7430 1 10643
7430 1 10674
7431 1 10681
7431 1 10718
7432 1 10643
7432 1 10644
7433 1 10605
7433 1 10721
7434 1 10629
7434 1 10643
7435 1 10659
7435 1 10670
7436 1 10643
7436 1 10674
7437 1 10605
7437 1 10721
7438 1 10592
7438 1 10677
7439 1 10605
7439 1 10721
7440 1 10663
7440 1 10687
7441 1 10605
7441 1 10721
7442 1 10659
7442 1 10670
7443 1 10579
7443 1 10703
7444 1 10677
7444 1 10678
7445 1 10643
7445 1 10674
7446 1 10607
7446 1 10630
7447 1 10661
7447 1 10681
7448 1 10605
7448 1 10721
7449 1 10605
7449 1 10721
7450 1 10605
7450 1 10689
7451 1 10590
7451 1 10632
7452 1 10605
7452 1 10721
7453 1 10605
7453 1 10721
7454 1 10677
7454 1 10679
7455 1 10643
7455 1 10644
7456 1 10605
7456 1 10721
7457 1 10590
7457 1 10600
7458 1 10605
7458 1 10721
7459 1 10590
7459 1 10615
7460 1 10597
7460 1 10652
7461 1 10605
7461 1 10704
7462 1 10605
7462 1 10704
7463 1 10605
7463 1 10660
7464 1 10677
7464 1 10679
7465 1 10605
7465 1 10689
7466 1 10657
7466 1 10677
7467 1 10590
7467 1 10632
7468 1 10674
7468 1 10677
7469 1 10590
7469 1 10613
7470 1 10605
7470 1 10721
7471 1 10643
7471 1 10671
7472 1 10605
7472 1 10721
7473 1 10605
7473 1 10689
7474 1 10590
7474 1 10600
7475 1 10612
7475 1 10648
7476 1 10586
7476 1 10650
7477 1 10605
7477 1 10721
7478 1 10681
7478 1 10683
7479 1 10590
7479 1 10634
7480 1 10616
7480 1 10630
7481 1 10643
7481 1 10667
7482 1 10652
7482 1 10699
7483 1 10605
7483 1 10689
7484 1 10590
7484 1 10632
7485 1 10652
7485 1 10699
7486 1 10605
7486 1 10721
7487 1 10590
7487 1 10615
7488 1 10643
7488 1 10644
7489 1 10605
7489 1 10721
7490 1 10676
7490 1 10677
7491 1 10590
7491 1 10672
7492 1 10605
7492 1 10704
7493 1 10605
7493 1 10721
7494 1 10652
7494 1 10702
7495 1 10605
7495 1 10721
7496 1 10605
7496 1 10721
7497 1 10677
7497 1 10679
7498 1 10608
7498 1 10652
7499 1 10677
7499 1 10688
7500 1 10605
7500 1 10660
7501 1 10608
7501 1 10652
7502 1 10608
7502 1 10652
7503 1 10605
7503 1 10689
7504 1 10608
7504 1 10652
7505 1 10605
7505 1 10721
7506 1 10612
7506 1 10648
7507 1 10590
7507 1 10613
7508 1 10677
7508 1 10678
7509 1 10590
7509 1 10600
7510 1 10605
7510 1 10689
7511 1 10605
7511 1 10721
7512 1 10650
7512 1 10714
7513 1 10652
7513 1 10699
7514 1 10602
7514 1 10720
7515 1 10592
7515 1 10677
7516 1 10608
7516 1 10652
7517 1 10605
7517 1 10606
7518 1 10605
7518 1 10689
7519 1 10602
7519 1 10720
7520 1 10605
7520 1 10606
7521 1 10602
7521 1 10720
7522 1 10590
7522 1 10615
7523 1 10605
7523 1 10660
7524 1 10605
7524 1 10721
7525 1 10677
7525 1 10679
7526 1 10652
7526 1 10702
7527 1 10605
7527 1 10721
7528 1 10629
7528 1 10643
7529 1 10643
7529 1 10674
7530 1 10581
7530 1 10652
7531 1 10602
7531 1 10720
7532 1 10589
7532 1 10652
7533 1 10579
7533 1 10703
7534 1 10662
7534 1 10677
7535 1 10605
7535 1 10660
7536 1 10643
7536 1 10667
7537 1 10608
7537 1 10652
7538 1 10605
7538 1 10721
7539 1 10623
7539 1 10648
7540 1 10602
7540 1 10720
7541 1 10639
7541 1 10663
7542 1 10605
7542 1 10660
7543 1 10681
7543 1 10682
7544 1 10605
7544 1 10721
7545 1 10677
7545 1 10688
7546 1 10605
7546 1 10660
7547 1 10643
7547 1 10644
7548 1 10605
7548 1 10620
7549 1 10648
7549 1 10706
7550 1 10602
7550 1 10674
7551 1 10605
7551 1 10689
7552 1 10590
7552 1 10600
7553 1 10590
7553 1 10615
7554 1 10605
7554 1 10721
7555 1 10643
7555 1 10674
7556 1 10605
7556 1 10689
7557 1 10605
7557 1 10689
7558 1 10677
7558 1 10688
7559 1 10605
7559 1 10721
7560 1 10677
7560 1 10679
7561 1 10578
7561 1 10602
7562 1 10646
7562 1 10648
7563 1 10590
7563 1 10615
7564 1 10590
7564 1 10600
7565 1 10659
7565 1 10670
7566 1 10612
7566 1 10648
7567 1 10645
7567 1 10648
7568 1 10618
7568 1 10648
7569 1 10605
7569 1 10620
7570 1 10659
7570 1 10670
7571 1 10605
7571 1 10606
7572 1 10578
7572 1 10602
7573 1 10605
7573 1 10689
7574 1 10605
7574 1 10721
7575 1 10590
7575 1 10615
7576 1 10605
7576 1 10721
7577 1 10590
7577 1 10615
7578 1 10590
7578 1 10632
7579 1 10609
7579 1 10681
7580 1 10605
7580 1 10660
7581 1 10605
7581 1 10660
7582 1 10638
7582 1 10710
7583 1 10605
7583 1 10721
7584 1 10590
7584 1 10596
7585 1 10597
7585 1 10652
7586 1 10605
7586 1 10721
7587 1 10677
7587 1 10688
7588 1 10605
7588 1 10620
7589 1 10661
7589 1 10681
7590 1 10605
7590 1 10620
7591 1 10605
7591 1 10689
7592 1 10605
7592 1 10721
7593 1 10578
7593 1 10602
7594 1 10607
7594 1 10630
7595 1 10643
7595 1 10667
7596 1 10643
7596 1 10667
7597 1 10605
7597 1 10721
7598 1 10663
7598 1 10664
7599 1 10592
7599 1 10677
7600 1 10643
7600 1 10644
7601 1 10681
7601 1 10718
7602 1 10710
7602 1 10711
7603 1 10643
7603 1 10671
7604 1 10637
7604 1 10677
7605 1 10602
7605 1 10720
7606 1 10605
7606 1 10721
7607 1 10677
7607 1 10679
7608 1 10677
7608 1 10688
7609 1 10605
7609 1 10689
7610 1 10670
7610 1 10698
7611 1 10590
7611 1 10672
7612 1 10586
7612 1 10650
7613 1 10605
7613 1 10660
7614 1 10590
7614 1 10632
7615 1 10605
7615 1 10606
7616 1 10605
7616 1 10721
7617 1 10601
7617 1 10605
7618 1 10681
7618 1 10683
7619 1 10602
7619 1 10720
7620 1 10670
7620 1 10674
7621 1 10681
7621 1 10718
7622 1 10659
7622 1 10670
7623 1 10643
7623 1 10674
7624 1 10677
7624 1 10679
7625 1 10659
7625 1 10670
7626 1 10578
7626 1 10602
7627 1 10602
7627 1 10604
7628 1 10652
7628 1 10691
7629 1 10605
7629 1 10721
7630 1 10605
7630 1 10689
7631 1 10605
7631 1 10705
7632 1 10605
7632 1 10721
7633 1 10602
7633 1 10720
7634 1 10677
7634 1 10701
7635 1 10590
7635 1 10613
7636 1 10643
7636 1 10674
7637 1 10659
7637 1 10670
7638 1 10652
7638 1 10717
7639 1 10605
7639 1 10689
7640 1 10605
7640 1 10721
7641 1 10601
7641 1 10605
7642 1 10677
7642 1 10679
7643 1 10590
7643 1 10655
7644 1 10643
7644 1 10667
7645 1 10670
7645 1 10698
7646 1 10602
7646 1 10626
7647 1 10643
7647 1 10671
7648 1 10602
7648 1 10720
7649 1 10643
7649 1 10667
7650 1 10605
7650 1 10689
7651 1 10605
7651 1 10721
7652 1 10659
7652 1 10670
7653 1 10652
7653 1 10702
7654 1 10590
7654 1 10615
7655 1 10638
7655 1 10710
7656 1 10605
7656 1 10689
7657 1 10590
7657 1 10613
7658 1 10602
7658 1 10720
7659 1 10590
7659 1 10596
7660 1 10677
7660 1 10679
7661 1 10670
7661 1 10673
7662 1 10605
7662 1 10721
7663 1 10605
7663 1 10620
7664 1 10710
7664 1 10711
7665 1 10612
7665 1 10648
7666 1 10650
7666 1 10714
7667 1 10602
7667 1 10626
7668 1 10617
7668 1 10650
7669 1 10608
7669 1 10652
7670 1 10643
7670 1 10667
7671 1 10681
7671 1 10682
7672 1 10590
7672 1 10632
7673 1 10652
7673 1 10699
7674 1 10590
7674 1 10615
7675 1 10590
7675 1 10708
7676 1 10605
7676 1 10721
7677 1 10605
7677 1 10660
7678 1 10602
7678 1 10626
7679 1 10605
7679 1 10689
7680 1 10590
7680 1 10674
7681 1 10659
7681 1 10670
7682 1 10590
7682 1 10613
7683 1 10602
7683 1 10716
7684 1 10605
7684 1 10721
7685 1 10590
7685 1 10636
7686 1 10605
7686 1 10660
7687 1 10602
7687 1 10716
7688 1 10605
7688 1 10721
7689 1 10590
7689 1 10672
7690 1 10605
7690 1 10660
7691 1 10677
7691 1 10679
7692 1 10590
7692 1 10672
7693 1 10590
7693 1 10613
7694 1 10605
7694 1 10721
7695 1 10605
7695 1 10721
7696 1 10605
7696 1 10660
7697 1 10605
7697 1 10689
7698 1 10605
7698 1 10606
7699 1 10605
7699 1 10721
7700 1 10625
7700 1 10712
7701 1 10590
7701 1 10600
7702 1 10590
7702 1 10600
7703 1 10592
7703 1 10677
7704 1 10659
7704 1 10670
7705 1 10605
7705 1 10721
7706 1 10675
7706 1 10677
7707 1 10602
7707 1 10626
7708 1 10677
7708 1 10678
7709 1 10590
7709 1 10613
7710 1 10643
7710 1 10671
7711 1 10605
7711 1 10721
7712 1 10590
7712 1 10651
7713 1 10605
7713 1 10660
7714 1 10590
7714 1 10651
7715 1 10605
7715 1 10721
7716 1 10605
7716 1 10721
7717 1 10643
7717 1 10674
7718 1 10605
7718 1 10721
7719 1 10578
7719 1 10602
7720 1 10605
7720 1 10606
7721 1 10601
7721 1 10605
7722 1 10605
7722 1 10689
7723 1 10590
7723 1 10615
7724 1 10677
7724 1 10688
7725 1 10677
7725 1 10679
7726 1 10579
7726 1 10703
7727 1 10579
7727 1 10703
7728 1 10580
7728 1 10652
7729 1 10637
7729 1 10677
7730 1 10659
7730 1 10670
7731 1 10590
7731 1 10613
7732 1 10605
7732 1 10721
7733 1 10605
7733 1 10620
7734 1 10677
7734 1 10679
7735 1 10580
7735 1 10652
7736 1 10605
7736 1 10721
7737 1 10590
7737 1 10651
7738 1 10605
7738 1 10660
7739 1 10590
7739 1 10600
7740 1 10659
7740 1 10670
7741 1 10590
7741 1 10600
7742 1 10590
7742 1 10613
7743 1 10605
7743 1 10721
7744 1 10643
7744 1 10644
7745 1 10605
7745 1 10721
7746 1 10590
7746 1 10613
7747 1 10605
7747 1 10689
7748 1 10590
7748 1 10600
7749 1 10623
7749 1 10648
7750 1 10602
7750 1 10720
7751 1 10643
7751 1 10674
7752 1 10590
7752 1 10613
7753 1 10663
7753 1 10687
7754 1 10605
7754 1 10660
7755 1 10590
7755 1 10600
7756 1 10590
7756 1 10600
7757 1 10590
7757 1 10600
7758 1 10605
7758 1 10721
7759 1 10605
7759 1 10721
7760 1 10605
7760 1 10721
7761 1 10590
7761 1 10613
7762 1 10605
7762 1 10704
7763 1 10670
7763 1 10698
7764 1 10605
7764 1 10721
7765 1 10605
7765 1 10660
7766 1 10605
7766 1 10660
7767 1 10605
7767 1 10721
7768 1 10643
7768 1 10674
7769 1 10605
7769 1 10721
7770 1 10657
7770 1 10677
7771 1 10605
7771 1 10721
7772 1 10601
7772 1 10605
7773 1 10629
7773 1 10643
7774 1 10605
7774 1 10721
7775 1 10590
7775 1 10600
7776 1 10605
7776 1 10689
7777 1 10643
7777 1 10671
7778 1 10605
7778 1 10689
7779 1 10590
7779 1 10690
7780 1 10605
7780 1 10721
7781 1 10605
7781 1 10721
7782 1 10608
7782 1 10652
7783 1 10659
7783 1 10670
7784 1 10605
7784 1 10660
7785 1 10605
7785 1 10721
7786 1 10628
7786 1 10677
7787 1 10607
7787 1 10630
7788 1 10605
7788 1 10689
7789 1 10605
7789 1 10606
7790 1 10643
7790 1 10667
7791 1 10590
7791 1 10672
7792 1 10643
7792 1 10644
7793 1 10605
7793 1 10721
7794 1 10590
7794 1 10613
7795 1 10592
7795 1 10677
7796 1 10605
7796 1 10721
7797 1 10605
7797 1 10689
7798 1 10590
7798 1 10690
7799 1 10659
7799 1 10670
7800 1 10590
7800 1 10615
7801 1 10602
7801 1 10720
7802 1 10605
7802 1 10721
7803 1 10652
7803 1 10702
7804 1 10605
7804 1 10721
7805 1 10643
7805 1 10644
7806 1 10643
7806 1 10644
7807 1 10605
7807 1 10689
7808 1 10609
7808 1 10681
7809 1 10643
7809 1 10674
7810 1 10657
7810 1 10677
7811 1 10608
7811 1 10652
7812 1 10652
7812 1 10702
7813 1 10597
7813 1 10652
7814 1 10643
7814 1 10674
7815 1 10590
7815 1 10613
7816 1 10590
7816 1 10600
7817 1 10590
7817 1 10613
7818 1 10605
7818 1 10689
7819 1 10710
7819 1 10711
7820 1 10605
7820 1 10689
7821 1 10652
7821 1 10686
7822 1 10590
7822 1 10613
7823 1 10605
7823 1 10660
7824 1 10608
7824 1 10652
7825 1 10590
7825 1 10615
7826 1 10605
7826 1 10721
7827 1 10592
7827 1 10677
7828 1 10592
7828 1 10677
7829 1 10652
7829 1 10717
7830 1 10590
7830 1 10613
7831 1 10605
7831 1 10660
7832 1 10605
7832 1 10660
7833 1 10590
7833 1 10613
7834 1 10602
7834 1 10626
7835 1 10605
7835 1 10689
7836 1 10605
7836 1 10660
7837 1 10643
7837 1 10671
7838 1 10601
7838 1 10605
7839 1 10605
7839 1 10721
7840 1 10681
7840 1 10718
7841 1 10605
7841 1 10606
7842 1 10590
7842 1 10632
7843 1 10659
7843 1 10670
7844 1 10605
7844 1 10606
7845 1 10639
7845 1 10663
7846 1 10590
7846 1 10674
7847 1 10663
7847 1 10687
7848 1 10643
7848 1 10674
7849 1 10590
7849 1 10600
7850 1 10605
7850 1 10660
7851 1 10616
7851 1 10630
7852 1 10643
7852 1 10674
7853 1 10590
7853 1 10690
7854 1 10643
7854 1 10674
7855 1 10605
7855 1 10721
7856 1 10605
7856 1 10721
7857 1 10605
7857 1 10689
7858 1 10643
7858 1 10674
7859 1 10612
7859 1 10648
7860 1 10590
7860 1 10632
7861 1 10643
7861 1 10644
7862 1 10663
7862 1 10664
7863 1 10605
7863 1 10721
7864 1 10639
7864 1 10663
7865 1 10643
7865 1 10667
7866 1 10643
7866 1 10644
7867 1 10590
7867 1 10600
7868 1 10590
7868 1 10600
7869 1 10670
7869 1 10698
7870 1 10629
7870 1 10643
7871 1 10643
7871 1 10644
7872 1 10605
7872 1 10620
7873 1 10643
7873 1 10667
7874 1 10605
7874 1 10660
7875 1 10643
7875 1 10667
7876 1 10652
7876 1 10702
7877 1 10605
7877 1 10689
7878 1 10605
7878 1 10721
7879 1 10663
7879 1 10664
7880 1 10663
7880 1 10664
7881 1 10643
7881 1 10674
7882 1 10602
7882 1 10720
7883 1 10605
7883 1 10721
7884 1 10605
7884 1 10620
7885 1 10622
7885 1 10630
7886 1 10605
7886 1 10610
7887 1 10605
7887 1 10689
7888 1 10605
7888 1 10689
7889 1 10578
7889 1 10602
7890 1 10605
7890 1 10721
7891 1 10643
7891 1 10667
7892 1 10605
7892 1 10660
7893 1 10663
7893 1 10687
7894 1 10652
7894 1 10702
7895 1 10643
7895 1 10667
7896 1 10677
7896 1 10709
7897 1 10643
7897 1 10671
7898 1 10643
7898 1 10671
7899 1 10590
7899 1 10613
7900 1 10605
7900 1 10721
7901 1 10605
7901 1 10721
7902 1 10605
7902 1 10660
7903 1 10677
7903 1 10688
7904 1 10652
7904 1 10702
7905 1 10602
7905 1 10720
7906 1 10643
7906 1 10644
7907 1 10677
7907 1 10688
7908 1 10608
7908 1 10652
7909 1 10605
7909 1 10689
7910 1 10590
7910 1 10613
7911 1 10605
7911 1 10689
7912 1 10605
7912 1 10721
7913 1 10579
7913 1 10635
7914 1 10602
7914 1 10626
7915 1 10659
7915 1 10670
7916 1 10605
7916 1 10689
7917 1 10605
7917 1 10721
7918 1 10681
7918 1 10718
7919 1 10643
7919 1 10674
7920 1 10643
7920 1 10674
7921 1 10605
7921 1 10620
7922 1 10581
7922 1 10652
7923 1 10605
7923 1 10660
7924 1 10602
7924 1 10720
7925 1 10605
7925 1 10721
7926 1 10605
7926 1 10689
7927 1 10597
7927 1 10652
7928 1 10590
7928 1 10596
7929 1 10677
7929 1 10679
7930 1 10605
7930 1 10721
7931 1 10643
7931 1 10644
7932 1 10616
7932 1 10630
7933 1 10590
7933 1 10600
7934 1 10602
7934 1 10674
7935 1 10590
7935 1 10632
7936 1 10589
7936 1 10652
7937 1 10590
7937 1 10613
7938 1 10643
7938 1 10674
7939 1 10677
7939 1 10678
7940 1 10605
7940 1 10721
7941 1 10643
7941 1 10674
7942 1 10590
7942 1 10651
7943 1 10662
7943 1 10677
7944 1 10605
7944 1 10689
7945 1 10590
7945 1 10596
7946 1 10605
7946 1 10721
7947 1 10659
7947 1 10670
7948 1 10590
7948 1 10615
7949 1 10605
7949 1 10721
7950 1 10602
7950 1 10720
7951 1 10681
7951 1 10683
7952 1 10590
7952 1 10632
7953 1 10643
7953 1 10667
7954 1 10659
7954 1 10670
7955 1 10602
7955 1 10720
7956 1 10605
7956 1 10721
7957 1 10643
7957 1 10644
7958 1 10605
7958 1 10721
7959 1 10639
7959 1 10663
7960 1 10652
7960 1 10702
7961 1 10643
7961 1 10674
7962 1 10652
7962 1 10702
7963 1 10605
7963 1 10620
7964 1 10674
7964 1 10710
7965 1 10674
7965 1 10710
7966 1 10674
7966 1 10710
7967 1 10643
7967 1 10644
7968 1 10605
7968 1 10620
7969 1 10622
7969 1 10630
7970 1 10605
7970 1 10721
7971 1 10598
7971 1 10677
7972 1 10628
7972 1 10677
7973 1 10605
7973 1 10721
7974 1 10605
7974 1 10721
7975 1 10605
7975 1 10721
7976 1 10608
7976 1 10652
7977 1 10605
7977 1 10721
7978 1 10605
7978 1 10660
7979 1 10605
7979 1 10689
7980 1 10590
7980 1 10600
7981 1 10659
7981 1 10670
7982 1 10630
7982 1 10658
7983 1 10605
7983 1 10660
7984 1 10590
7984 1 10632
7985 1 10590
7985 1 10632
7986 1 10643
7986 1 10644
7987 1 10605
7987 1 10660
7988 1 10652
7988 1 10717
7989 1 10663
7989 1 10687
7990 1 10590
7990 1 10636
7991 1 10643
7991 1 10671
7992 1 10605
7992 1 10705
7993 1 10605
7993 1 10660
7994 1 10643
7994 1 10644
7995 1 10601
7995 1 10605
7996 1 10643
7996 1 10644
7997 1 10590
7997 1 10615
7998 1 10659
7998 1 10670
7999 1 10579
7999 1 10654
8000 1 10578
8000 1 10602
8001 1 10605
8001 1 10704
8002 1 10602
8002 1 10720
8003 1 10630
8003 1 10669
8004 1 10652
8004 1 10702
8005 1 10590
8005 1 10690
8006 1 10590
8006 1 10613
8007 1 10605
8007 1 10660
8008 1 10605
8008 1 10660
8009 1 10590
8009 1 10615
8010 1 10643
8010 1 10644
8011 1 10652
8011 1 10699
8012 1 10605
8012 1 10721
8013 1 10605
8013 1 10721
8014 1 10605
8014 1 10704
8015 1 10595
8015 1 10681
8016 1 10605
8016 1 10721
8017 1 10605
8017 1 10689
8018 1 10605
8018 1 10721
8019 1 10590
8019 1 10632
8020 1 10605
8020 1 10721
8021 1 10590
8021 1 10655
8022 1 10605
8022 1 10689
8023 1 10590
8023 1 10600
8024 1 10605
8024 1 10606
8025 1 10659
8025 1 10670
8026 1 10605
8026 1 10721
8027 1 10605
8027 1 10721
8028 1 10643
8028 1 10667
8029 1 10605
8029 1 10689
8030 1 10643
8030 1 10674
8031 1 10677
8031 1 10679
8032 1 10605
8032 1 10721
8033 1 10629
8033 1 10643
8034 1 10602
8034 1 10626
8035 1 10605
8035 1 10721
8036 1 10605
8036 1 10705
8037 1 10605
8037 1 10721
8038 1 10605
8038 1 10721
8039 1 10657
8039 1 10677
8040 1 10605
8040 1 10689
8041 1 10590
8041 1 10690
8042 1 10629
8042 1 10643
8043 1 10659
8043 1 10670
8044 1 10602
8044 1 10604
8045 1 10590
8045 1 10600
8046 1 10605
8046 1 10721
8047 1 10602
8047 1 10720
8048 1 10657
8048 1 10677
8049 1 10605
8049 1 10721
8050 1 10605
8050 1 10606
8051 1 10605
8051 1 10620
8052 1 10605
8052 1 10704
8053 1 10590
8053 1 10613
8054 1 10674
8054 1 10677
8055 1 10605
8055 1 10721
8056 1 10605
8056 1 10721
8057 1 10663
8057 1 10687
8058 1 10677
8058 1 10693
8059 1 10602
8059 1 10720
8060 1 10643
8060 1 10667
8061 1 10643
8061 1 10674
8062 1 10652
8062 1 10717
8063 1 10589
8063 1 10652
8064 1 10681
8064 1 10683
8065 1 10663
8065 1 10664
8066 1 10629
8066 1 10643
8067 1 10677
8067 1 10688
8068 1 10590
8068 1 10632
8069 1 10605
8069 1 10721
8070 1 10605
8070 1 10620
8071 1 10578
8071 1 10602
8072 1 10677
8072 1 10688
8073 1 10590
8073 1 10655
8074 1 10601
8074 1 10605
8075 1 10677
8075 1 10679
8076 1 10630
8076 1 10669
8077 1 10605
8077 1 10721
8078 1 10597
8078 1 10652
8079 1 10601
8079 1 10605
8080 1 10605
8080 1 10721
8081 1 10602
8081 1 10720
8082 1 10605
8082 1 10721
8083 1 10643
8083 1 10667
8084 1 10590
8084 1 10651
8085 1 10605
8085 1 10660
8086 1 10622
8086 1 10630
8087 1 10590
8087 1 10615
8088 1 10643
8088 1 10671
8089 1 10659
8089 1 10670
8090 1 10605
8090 1 10620
8091 1 10605
8091 1 10660
8092 1 10605
8092 1 10721
8093 1 10590
8093 1 10613
8094 1 10605
8094 1 10721
8095 1 10677
8095 1 10679
8096 1 10681
8096 1 10683
8097 1 10605
8097 1 10660
8098 1 10659
8098 1 10670
8099 1 10605
8099 1 10721
8100 1 10590
8100 1 10632
8101 1 10674
8101 1 10677
8102 1 10643
8102 1 10644
8103 1 10652
8103 1 10702
8104 1 10590
8104 1 10600
8105 1 10631
8105 1 10648
8106 1 10605
8106 1 10660
8107 1 10649
8107 1 10677
8108 1 10590
8108 1 10690
8109 1 10590
8109 1 10690
8110 1 10677
8110 1 10688
8111 1 10590
8111 1 10615
8112 1 10643
8112 1 10667
8113 1 10581
8113 1 10652
8114 1 10605
8114 1 10721
8115 1 10677
8115 1 10701
8116 1 10643
8116 1 10644
8117 1 10605
8117 1 10689
8118 1 10605
8118 1 10721
8119 1 10605
8119 1 10689
8120 1 10643
8120 1 10667
8121 1 10608
8121 1 10652
8122 1 10663
8122 1 10664
8123 1 10605
8123 1 10689
8124 1 10605
8124 1 10721
8125 1 10605
8125 1 10721
8126 1 10605
8126 1 10689
8127 1 10581
8127 1 10652
8128 1 10605
8128 1 10721
8129 1 10624
8129 1 10670
8130 1 10605
8130 1 10721
8131 1 10601
8131 1 10605
8132 1 10677
8132 1 10688
8133 1 10605
8133 1 10721
8134 1 10605
8134 1 10721
8135 1 10579
8135 1 10703
8136 1 10590
8136 1 10600
8137 1 10629
8137 1 10643
8138 1 10659
8138 1 10670
8139 1 10605
8139 1 10721
8140 1 10605
8140 1 10689
8141 1 10605
8141 1 10721
8142 1 10605
8142 1 10721
8143 1 10639
8143 1 10663
8144 1 10605
8144 1 10721
8145 1 10674
8145 1 10710
8146 1 10590
8146 1 10613
8147 1 10605
8147 1 10721
8148 1 10670
8148 1 10673
8149 1 10677
8149 1 10679
8150 1 10605
8150 1 10704
8151 1 10677
8151 1 10688
8152 1 10601
8152 1 10605
8153 1 10605
8153 1 10721
8154 1 10590
8154 1 10596
8155 1 10590
8155 1 10596
8156 1 10605
8156 1 10721
8157 1 10605
8157 1 10721
8158 1 10659
8158 1 10670
8159 1 10580
8159 1 10652
8160 1 10652
8160 1 10717
8161 1 10605
8161 1 10689
8162 1 10605
8162 1 10689
8163 1 10605
8163 1 10721
8164 1 10590
8164 1 10600
8165 1 10592
8165 1 10677
8166 1 10590
8166 1 10613
8167 1 10652
8167 1 10717
8168 1 10608
8168 1 10652
8169 1 10605
8169 1 10610
8170 1 10602
8170 1 10604
8171 1 10590
8171 1 10600
8172 1 10605
8172 1 10721
8173 1 10590
8173 1 10600
8174 1 10602
8174 1 10720
8175 1 10602
8175 1 10626
8176 1 10602
8176 1 10720
8177 1 10643
8177 1 10674
8178 1 10590
8178 1 10655
8179 1 10605
8179 1 10660
8180 1 10605
8180 1 10721
8181 1 10605
8181 1 10721
8182 1 10643
8182 1 10644
8183 1 10605
8183 1 10721
8184 1 10677
8184 1 10679
8185 1 10605
8185 1 10721
8186 1 10605
8186 1 10721
8187 1 10650
8187 1 10674
8188 1 10605
8188 1 10606
8189 1 10630
8189 1 10658
8190 1 10590
8190 1 10615
8191 1 10616
8191 1 10630
8192 1 10605
8192 1 10689
8193 1 10643
8193 1 10644
8194 1 10605
8194 1 10721
8195 1 10622
8195 1 10630
