0	10002326
1	1000440
2	10004886
3	10005158
4	10005732
5	1000766
6	10009754
7	10010192
8	10010544
9	10010752
10	10011140
11	10013500
12	10014966
13	10017736
14	1002138
15	1002314
16	10023398
17	10023742
18	10025038
19	10026468
20	10028232
21	10028332
22	10031186
23	10031876
24	10034628
25	10034776
26	10037556
27	10037582
28	10039776
29	10040688
30	10041236
31	10041480
32	1004176
33	1004288
34	10043424
35	1004464
36	10044674
37	10045928
38	1004644
39	10049004
40	10049166
41	1005128
42	10052730
43	10055402
44	10056662
45	10060120
46	10060428
47	1006214
48	10063230
49	10065182
50	10066184
51	10068350
52	10068588
53	10068830
54	10069918
55	10072880
56	10073486
57	10074554
58	10075208
59	10076324
60	10077134
61	10077498
62	10078500
63	10079082
64	10080802
65	10081762
66	1008178
67	10081982
68	10082200
69	10083120
70	10083990
71	10084988
72	10087684
73	10088726
74	10089898
75	10090440
76	10091204
77	10094870
78	1009780
79	10098210
80	10098522
81	10098924
82	10099616
83	10101974
84	10102424
85	10102592
86	10104932
87	1010558
88	10105844
89	10106362
90	10106622
91	10106948
92	10107320
93	10107502
94	10107694
95	10108436
96	10109294
97	10110128
98	10115502
99	10115658
100	10116804
101	10117398
102	10117646
103	10117986
104	10118040
105	1011896
106	10120522
107	10120890
108	10121098
109	10121100
110	10122354
111	1012250
112	10123306
113	10124456
114	10125266
115	10125274
116	10126182
117	10126520
118	10130282
119	10132532
120	10132804
121	10133896
122	101349
123	10134976
124	10136240
125	10136468
126	10137018
127	10142384
128	10143110
129	10143478
130	1014354
131	10143912
132	1014582
133	10146276
134	1014646
135	10147424
136	10147674
137	10148736
138	10150264
139	10152502
140	10157270
141	10157590
142	10158276
143	10158344
144	10158376
145	10159458
146	10160640
147	1016086
148	10160988
149	10164034
150	10164142
151	1016606
152	10166276
153	10169340
154	10170020
155	10170270
156	10170756
157	1017162
158	1017262
159	10172668
160	10172808
161	10174160
162	10176340
163	10176812
164	10180590
165	10182124
166	10184210
167	10186200
168	10187934
169	10189866
170	10192658
171	10193490
172	10193538
173	10193994
174	10194670
175	1019738
176	101974
177	10197468
178	10199202
179	102038
180	10205390
181	1020720
182	10209898
183	102104
184	1021430
185	10216212
186	10221112
187	10226796
188	10228246
189	10232746
190	10233514
191	10234444
192	10237976
193	10241188
194	10241824
195	10242428
196	10243620
197	1024654
198	10246658
199	1024736
200	10247500
201	10247658
202	10248046
203	1024820
204	10249368
205	10249476
206	10252454
207	10253024
208	1025330
209	1025520
210	10256984
211	10258492
212	10258520
213	1025864
214	10258798
215	10259962
216	10262188
217	10262474
218	1026368
219	10265606
220	10267746
221	10271976
222	10273884
223	10273996
224	10274140
225	10276472
226	1028084
227	10281944
228	10282260
229	10282824
230	10282958
231	10285200
232	10288560
233	10291128
234	10291272
235	102940
236	10294200
237	10295800
238	10296104
239	10296454
240	10296990
241	10298890
242	10299036
243	1030046
244	10300896
245	10302008
246	10303490
247	10303646
248	10305594
249	10306424
250	10309610
251	10310224
252	10311632
253	10311788
254	10314238
255	10316892
256	10318006
257	10321058
258	10322918
259	10322942
260	10323254
261	10323684
262	10326084
263	10326148
264	10326166
265	10327698
266	10327924
267	10333256
268	1033384
269	10336994
270	103373
271	10339510
272	10344494
273	1034640
274	10347268
275	1034848
276	10349220
277	10349806
278	10352260
279	10355634
280	10356648
281	10357652
282	10359048
283	10363062
284	10364570
285	10368740
286	10369368
287	10370606
288	10371350
289	10372754
290	10372786
291	10373128
292	10373942
293	10374394
294	10378870
295	10379184
296	10379564
297	10380284
298	10382812
299	10384610
300	10385842
301	10386354
302	10387966
303	103880
304	10391432
305	10391952
306	10393822
307	10393868
308	10395832
309	10396510
310	10397038
311	10400584
312	10402002
313	10407492
314	10409664
315	10411654
316	10415990
317	10418858
318	10418972
319	10419800
320	10420754
321	10421710
322	10421782
323	10426246
324	10426500
325	10426984
326	10429108
327	10429154
328	10429584
329	10430904
330	10432136
331	10433214
332	10433832
333	10434832
334	10436068
335	1043878
336	10441934
337	10442422
338	10443142
339	10444684
340	10446814
341	10454960
342	10460162
343	10460976
344	10461210
345	1046328
346	10464530
347	10464748
348	10465506
349	10467524
350	10468448
351	10469350
352	10472202
353	1047328
354	104758
355	10478700
356	10479964
357	10483362
358	10483466
359	10484368
360	10485890
361	10488744
362	10488784
363	10490502
364	10492052
365	10495596
366	10498530
367	1050064
368	10500728
369	10503234
370	10505074
371	10505538
372	10510366
373	10515070
374	10515346
375	10515708
376	10515880
377	10516210
378	1051820
379	10520446
380	10526392
381	10528684
382	10530536
383	1053058
384	10530934
385	10533118
386	10534160
387	10535054
388	10535306
389	10537326
390	1054090
391	10542350
392	10550384
393	10550990
394	10551362
395	10553624
396	10556870
397	10557218
398	1055738
399	10559442
400	10560780
401	10565472
402	10568166
403	10571456
404	10571954
405	10572416
406	1057370
407	10575424
408	10575832
409	10576882
410	10578982
411	1057922
412	10580014
413	1058308
414	10583508
415	1058530
416	10586482
417	10586902
418	10590546
419	1059150
420	10591744
421	10591816
422	10593830
423	1059488
424	10595062
425	10599192
426	10601378
427	10601430
428	10609202
429	10610328
430	1061130
431	10611598
432	10613092
433	10614022
434	10615440
435	10616068
436	10616622
437	10619576
438	10621882
439	10624538
440	10624808
441	10628480
442	10628838
443	10630182
444	10631342
445	10631914
446	10638424
447	1064346
448	10645130
449	10647394
450	10648440
451	10649522
452	10656012
453	10657284
454	10657486
455	10659756
456	10659926
457	10663024
458	10663930
459	10665506
460	10667486
461	10670220
462	10673206
463	10673470
464	10674114
465	10674346
466	10675338
467	10677590
468	10677834
469	10681244
470	10681342
471	1068172
472	10682426
473	10684134
474	10684270
475	10689198
476	10690946
477	10691380
478	10692580
479	10695846
480	1069706
481	106971
482	1069720
483	10697256
484	10698872
485	1070250
486	10703800
487	10705716
488	10706496
489	10706670
490	10707640
491	10707656
492	10710536
493	10713908
494	1071580
495	10718736
496	10720766
497	10721050
498	10723216
499	10723474
500	10729296
501	10729596
502	10731514
503	10731562
504	10732062
505	10736388
506	10736764
507	10737562
508	10741052
509	10741982
510	10743010
511	10744130
512	1074416
513	10747014
514	10747660
515	10748196
516	10750522
517	10752378
518	10752836
519	1075438
520	10755994
521	10756626
522	10757482
523	10762670
524	10763156
525	10765612
526	10767240
527	10769482
528	10769614
529	10774088
530	10774140
531	1077438
532	10775548
533	1077688
534	10780562
535	10780668
536	1078082
537	10784305
538	10786028
539	10786834
540	10788446
541	10789714
542	10790796
543	10796328
544	1079654
545	10796596
546	10796912
547	10799262
548	10799568
549	10800358
550	10801962
551	10803024
552	10805104
553	10805250
554	10806584
555	10806990
556	10807230
557	10808652
558	10808976
559	10810722
560	10811856
561	10818096
562	10818612
563	10821860
564	1082188
565	10824100
566	10824722
567	10826864
568	10828266
569	10828782
570	10830008
571	10830542
572	10831110
573	10831308
574	1083294
575	10834404
576	10835032
577	108366
578	10837452
579	10838582
580	10840240
581	10840630
582	10841078
583	10841644
584	10843260
585	108437
586	10844912
587	10846686
588	10846968
589	1084784
590	10850092
591	10852634
592	10853604
593	10854082
594	10857370
595	10858108
596	10859738
597	10860650
598	10861722
599	10862784
600	10867138
601	10868220
602	10869002
603	10869542
604	10870126
605	10870800
606	10871976
607	10876360
608	10878934
609	10879504
610	108829
611	10883024
612	10886254
613	10886920
614	10888608
615	10889032
616	1089164
617	10893820
618	10894158
619	10894306
620	1089518
621	10896624
622	1089834
623	10899336
624	10899442
625	10899618
626	10900474
627	10900492
628	1090056
629	10902656
630	10903724
631	10905642
632	10905784
633	10906022
634	10906696
635	10907746
636	10907752
637	1091108
638	10912936
639	10915408
640	10916326
641	10919020
642	10921250
643	10921578
644	10922214
645	10923240
646	10924432
647	10927280
648	10928116
649	10931928
650	10935142
651	10935552
652	10936176
653	10937206
654	10938234
655	10941784
656	10942390
657	10943692
658	10944118
659	1094448
660	10945034
661	10946176
662	10946354
663	10947922
664	10948462
665	10949024
666	10949754
667	10952254
668	10953092
669	10953984
670	10954810
671	10957364
672	10957482
673	10958702
674	10960568
675	10962308
676	109637
677	10965094
678	10966294
679	10966330
680	10969664
681	10970760
682	10974742
683	10976872
684	10978614
685	10980044
686	1098042
687	10981836
688	10981974
689	10982808
690	10984034
691	10984094
692	10984342
693	10984598
694	10989392
695	10991842
696	10991900
697	10992036
698	10992210
699	10994006
700	10994734
701	10995218
702	10996270
703	10998976
704	11006954
705	11011768
706	11013258
707	11014534
708	11018446
709	11020750
710	110217
711	110232
712	1102420
713	11025620
714	11025624
715	11025882
716	11027568
717	11027600
718	11030172
719	11033278
720	11034384
721	110368
722	1103738
723	11038386
724	11038526
725	11038624
726	11039580
727	11042088
728	11042378
729	11045328
730	11047378
731	11049444
732	11050800
733	11054832
734	11055330
735	11055790
736	11056004
737	1105998
738	11060034
739	11061902
740	11063618
741	11064402
742	11064544
743	11065322
744	11068818
745	11073814
746	11074136
747	11076713
748	11077814
749	11079130
750	11082204
751	11083578
752	11083924
753	110851
754	11086422
755	11088170
756	11088336
757	11092064
758	11092472
759	11093794
760	11094916
761	11098004
762	11098208
763	11098348
764	11099076
765	11099766
766	11103616
767	11104544
768	11105744
769	11109208
770	11110520
771	11111176
772	1111190
773	11114076
774	11114292
775	11114722
776	11114754
777	11118036
778	11118300
779	11118386
780	11118640
781	11118800
782	11120164
783	11122816
784	111231
785	11123220
786	11124407
787	11128116
788	11129948
789	11131186
790	11132390
791	11132950
792	11134598
793	11135020
794	111371
795	11137124
796	11138106
797	11141336
798	11142302
799	11143334
800	11143772
801	11147834
802	11150822
803	11151804
804	11152830
805	11154762
806	11154800
807	11155042
808	11160902
809	1116320
810	11164360
811	11165258
812	11165268
813	1116606
814	11168290
815	11168356
816	11168742
817	11172206
818	11172626
819	11174780
820	11175044
821	11175438
822	11178790
823	1118030
824	11180410
825	11180496
826	11180498
827	11183288
828	1118550
829	11185864
830	11188402
831	11192274
832	11193868
833	11196060
834	11196812
835	11196880
836	11197070
837	1119760
838	11199882
839	11200264
840	11202704
841	11203446
842	11205096
843	1120696
844	112083
845	11208938
846	11209094
847	11209110
848	11213066
849	11218590
850	11219668
851	11219800
852	11220846
853	11222482
854	11225752
855	1122578
856	11229132
857	11231046
858	11231222
859	112314
860	11233524
861	11234316
862	11235036
863	1123554
864	11237064
865	11240408
866	11241934
867	11242302
868	11245060
869	11245932
870	11246046
871	1124662
872	11248430
873	112487
874	11248706
875	11251376
876	11254202
877	11254484
878	11256082
879	11256566
880	11258016
881	11259304
882	11259870
883	11261814
884	11264168
885	11265070
886	11266114
887	11266212
888	11268050
889	11269282
890	11270436
891	11270460
892	11270500
893	11270550
894	11270558
895	11270740
896	11272364
897	11272656
898	11272962
899	11273586
900	11274484
901	11277210
902	11278044
903	11279220
904	11280930
905	1128342
906	11283552
907	11283682
908	1128406
909	11284580
910	11285480
911	11286766
912	11286976
913	11287256
914	11287842
915	11289894
916	11289908
917	11290166
918	11291492
919	11292896
920	11293330
921	11293622
922	11296430
923	11299592
924	1130112
925	11301934
926	11302036
927	11302300
928	11302792
929	11306908
930	11313246
931	11313268
932	11314924
933	11315096
934	11320038
935	11322594
936	11323702
937	113260
938	11327026
939	11327392
940	11334602
941	11335334
942	11338830
943	11340728
944	11341134
945	1134288
946	11344630
947	11344966
948	11348018
949	11352152
950	11354098
951	11355062
952	1135670
953	11357966
954	11358828
955	11358842
956	1136036
957	11361126
958	11364810
959	11375952
960	11376190
961	11376226
962	11376530
963	11377304
964	11378312
965	11378646
966	11380994
967	1138226
968	11384662
969	11385380
970	11388332
971	1138930
972	11392154
973	11393342
974	11394382
975	11395734
976	11395744
977	11396568
978	11398734
979	11400992
980	11403596
981	11405666
982	11406546
983	11407666
984	11409896
985	11410628
986	11411480
987	11412070
988	1141210
989	11414074
990	11420562
991	1142110
992	11422186
993	11424178
994	11425272
995	11425330
996	11425836
997	11427526
998	11428686
999	1142992
1000	11430848
1001	11430870
1002	11430944
1003	11431134
1004	11435274
1005	11436302
1006	114371
1007	114458
1008	11446908
1009	11451844
1010	1145188
1011	1145202
1012	11454370
1013	11455846
1014	11456330
1015	11456708
1016	11457466
1017	11460464
1018	11461824
1019	11463868
1020	11465460
1021	11473650
1022	11473900
1023	11473902
1024	11473936
1025	11477148
1026	11479518
1027	1148212
1028	1148240
1029	11485018
1030	11486798
1031	11487952
1032	11488116
1033	11489600
1034	11491124
1035	11492220
1036	11492256
1037	11492288
1038	11492346
1039	11492516
1040	11492576
1041	11492674
1042	11492742
1043	11494076
1044	1149458
1045	11495456
1046	11496654
1047	11499116
1048	11504564
1049	11506486
1050	11506554
1051	11507032
1052	11507256
1053	1150986
1054	1151
1055	11511040
1056	11511246
1057	11511268
1058	11511800
1059	11511818
1060	11512616
1061	11512632
1062	11512676
1063	11513406
1064	11513448
1065	11513478
1066	11513490
1067	1151614
1068	11516844
1069	11516876
1070	11517832
1071	11520014
1072	11521674
1073	11523044
1074	11523094
1075	11523730
1076	11524262
1077	11525004
1078	11527252
1079	11527898
1080	11529560
1081	11529932
1082	11530366
1083	11532734
1084	11534594
1085	11539738
1086	11540030
1087	11540072
1088	11540224
1089	11541162
1090	11544662
1091	1154640
1092	11550398
1093	11551474
1094	11551764
1095	11553508
1096	11554466
1097	11555154
1098	11555458
1099	11557870
1100	11558414
1101	1156024
1102	11562420
1103	11563074
1104	11564624
1105	11565072
1106	11567452
1107	11569374
1108	11569634
1109	11570024
1110	11570316
1111	115711
1112	11571792
1113	11572700
1114	11572990
1115	11573322
1116	11574642
1117	11575776
1118	11576498
1119	11578574
1120	1158068
1121	11582314
1122	11582606
1123	11582970
1124	11586678
1125	11588242
1126	11588742
1127	11589276
1128	11590768
1129	1159322
1130	11593570
1131	11594794
1132	11595028
1133	11598146
1134	11600894
1135	11604064
1136	11608654
1137	11610524
1138	11610694
1139	11611358
1140	11611372
1141	11612540
1142	11612756
1143	11618500
1144	11626122
1145	11630656
1146	11630960
1147	11637682
1148	11639618
1149	11642606
1150	11642936
1151	11643634
1152	11644334
1153	11645548
1154	11647650
1155	11648904
1156	11649182
1157	11650054
1158	11652960
1159	11655498
1160	116571
1161	11658802
1162	11660406
1163	116607
1164	116627
1165	11663564
1166	11665296
1167	11665576
1168	11667542
1169	11667670
1170	11668792
1171	11669760
1172	11669832
1173	11669982
1174	11671338
1175	11675026
1176	11675778
1177	11676066
1178	11676404
1179	11677640
1180	11683484
1181	11684212
1182	11687494
1183	11690746
1184	11693304
1185	11695644
1186	116961
1187	11697554
1188	11700982
1189	11706344
1190	11711088
1191	11714216
1192	11714448
1193	11717910
1194	11721332
1195	11721666
1196	11723332
1197	11723616
1198	1172588
1199	11726874
1200	1172716
1201	11728446
1202	11729210
1203	11729266
1204	11733152
1205	11740334
1206	11742746
1207	117453
1208	11749280
1209	11749372
1210	1175416
1211	11754466
1212	11754730
1213	11755274
1214	11757990
1215	11758836
1216	11759424
1217	11759910
1218	11760442
1219	1176114
1220	11763424
1221	11764086
1222	11764240
1223	11765642
1224	11766782
1225	11768024
1226	11768294
1227	11768434
1228	11771412
1229	11775426
1230	11775542
1231	11780420
1232	11780692
1233	1178202
1234	11782504
1235	11788626
1236	11789348
1237	11790654
1238	11790764
1239	11791598
1240	1179286
1241	11794770
1242	11795126
1243	11796534
1244	1179748
1245	11798598
1246	11799154
1247	11799836
1248	11801130
1249	11801224
1250	11802936
1251	1180390
1252	11806242
1253	1180718
1254	11809658
1255	11812070
1256	11814264
1257	11816224
1258	11818486
1259	11819210
1260	11822416
1261	11823066
1262	11823276
1263	11823652
1264	11825374
1265	11827318
1266	11827552
1267	11827740
1268	11829422
1269	11829482
1270	11832462
1271	11832678
1272	11832916
1273	11834970
1274	118350
1275	11835802
1276	11836784
1277	11836962
1278	11838190
1279	11838358
1280	11842018
1281	1184282
1282	11844000
1283	11844870
1284	11846286
1285	11846294
1286	11846944
1287	11849198
1288	11849706
1289	11849868
1290	11850632
1291	11852300
1292	11852418
1293	11853792
1294	11854286
1295	11856070
1296	11856474
1297	11856918
1298	11860218
1299	11860800
1300	11861908
1301	11863272
1302	11863938
1303	1186504
1304	11867312
1305	11868466
1306	11868656
1307	11868974
1308	11870884
1309	11870982
1310	11877346
1311	11877956
1312	118780
1313	11879038
1314	11882360
1315	11884425
1316	11888982
1317	11889074
1318	11889274
1319	11890420
1320	11893914
1321	11894132
1322	11894190
1323	11894324
1324	11894654
1325	11895392
1326	11895488
1327	11895540
1328	11896924
1329	11898040
1330	11900670
1331	11901696
1332	11904404
1333	11906062
1334	11907356
1335	119078
1336	11910436
1337	11910724
1338	11910880
1339	11911144
1340	11911572
1341	11911680
1342	11911764
1343	11911830
1344	1191436
1345	11915956
1346	11917368
1347	11918906
1348	11919144
1349	11921076
1350	11921126
1351	11922202
1352	11923014
1353	11923670
1354	11924778
1355	11928252
1356	11928520
1357	11930366
1358	11932500
1359	11935384
1360	11935908
1361	11937082
1362	11942132
1363	11943014
1364	11943080
1365	11944292
1366	11944520
1367	1194506
1368	11945594
1369	11945644
1370	11947394
1371	11948680
1372	11949424
1373	1195054
1374	11950792
1375	11952468
1376	11953058
1377	11956522
1378	119587
1379	11959154
1380	11962556
1381	11963364
1382	11963808
1383	11965304
1384	11966150
1385	11967396
1386	11967666
1387	11969054
1388	11969970
1389	11970360
1390	11970406
1391	11970536
1392	11970680
1393	11971324
1394	11973236
1395	11973250
1396	11973696
1397	11974434
1398	11975348
1399	11976468
1400	11976870
1401	11979162
1402	11980474
1403	1198058
1404	11981314
1405	11982258
1406	11983098
1407	11984908
1408	11984930
1409	1198494
1410	11985648
1411	11988130
1412	11988514
1413	11990564
1414	11990824
1415	11993390
1416	11993612
1417	11994456
1418	11998060
1419	11998192
1420	12000040
1421	12000160
1422	12000716
1423	12002892
1424	1200498
1425	12006890
1426	12009446
1427	12009856
1428	12009966
1429	12010514
1430	12010946
1431	12012280
1432	12012454
1433	12013922
1434	12018856
1435	12019500
1436	1201956
1437	12021246
1438	12022346
1439	12022560
1440	12023822
1441	12025622
1442	12027028
1443	12028066
1444	12028326
1445	12031694
1446	12032786
1447	12032956
1448	1203296
1449	12033936
1450	12034272
1451	12034658
1452	12037048
1453	12037274
1454	12039488
1455	12044670
1456	12044896
1457	12045030
1458	12045666
1459	12049362
1460	12050426
1461	12052020
1462	12053822
1463	12055000
1464	12055374
1465	12056666
1466	12056918
1467	12058028
1468	12058146
1469	12058582
1470	12058638
1471	12058880
1472	1205906
1473	12060886
1474	1206290
1475	12066416
1476	12067030
1477	12067628
1478	12068206
1479	12070356
1480	12070868
1481	12072558
1482	12075008
1483	12076460
1484	12077272
1485	12078286
1486	12078394
1487	12078934
1488	12081292
1489	12082716
1490	12083248
1491	12083272
1492	1208328
1493	1208360
1494	12083878
1495	12084128
1496	1208594
1497	12086058
1498	12089418
1499	12089794
1500	12091230
1501	12091390
1502	12092146
1503	12093624
1504	12098768
1505	12098770
1506	12099548
1507	12101142
1508	12105018
1509	12106746
1510	12108526
1511	12108962
1512	12109430
1513	12109572
1514	12109874
1515	12110794
1516	12111172
1517	12111594
1518	12113152
1519	12114342
1520	12114768
1521	12117914
1522	12119364
1523	12121664
1524	12122188
1525	12128554
1526	12129092
1527	12129646
1528	12131380
1529	12131538
1530	12131612
1531	12132318
1532	12132784
1533	12132944
1534	12133914
1535	12133922
1536	12134996
1537	12135674
1538	12138
1539	12139242
1540	12140238
1541	12141138
1542	12142376
1543	12144728
1544	12145382
1545	12147224
1546	12147896
1547	12148046
1548	12148274
1549	12149448
1550	12152076
1551	12152268
1552	12153510
1553	12153802
1554	12155952
1555	12159886
1556	12160526
1557	12161114
1558	12167212
1559	12168004
1560	121693
1561	12170684
1562	12170988
1563	12171398
1564	12171438
1565	1217348
1566	1217462
1567	1217620
1568	12177072
1569	12177824
1570	12179036
1571	12179296
1572	12180530
1573	12180788
1574	12183392
1575	12184922
1576	12185026
1577	12185030
1578	12186070
1579	12191276
1580	12191340
1581	12191436
1582	12191456
1583	12192336
1584	12192528
1585	12192672
1586	12192770
1587	12192782
1588	12194108
1589	12194804
1590	12195620
1591	12196630
1592	12197510
1593	12198760
1594	12203266
1595	12205500
1596	12207324
1597	12207464
1598	12207748
1599	12208808
1600	12208898
1601	12209360
1602	12213440
1603	12213816
1604	12214238
1605	12215102
1606	12215596
1607	12222732
1608	12223038
1609	12223078
1610	12224042
1611	12225152
1612	12225162
1613	12225362
1614	12225884
1615	12226278
1616	1222706
1617	12227380
1618	12228252
1619	12229302
1620	12229374
1621	12229484
1622	12229832
1623	12230290
1624	12231114
1625	1223374
1626	12235016
1627	12236234
1628	12240930
1629	12244776
1630	12246334
1631	12247212
1632	12247322
1633	12249360
1634	12250218
1635	12250932
1636	12253548
1637	12255826
1638	1225586
1639	12256170
1640	12260294
1641	12263048
1642	12263564
1643	12265896
1644	12269980
1645	12271784
1646	12272122
1647	12272920
1648	12274164
1649	12276348
1650	12277018
1651	12277388
1652	12278592
1653	12278944
1654	12279410
1655	12279714
1656	12281758
1657	12282932
1658	12283580
1659	1228482
1660	1228998
1661	12292786
1662	12294136
1663	12294446
1664	12294578
1665	12295166
1666	12296016
1667	12296590
1668	12298460
1669	12299248
1670	12300018
1671	12300922
1672	12302916
1673	1230454
1674	12305300
1675	12306496
1676	12308836
1677	12309066
1678	12310712
1679	12311160
1680	1231126
1681	12311934
1682	12312954
1683	12315052
1684	12315090
1685	12316018
1686	12316278
1687	1231812
1688	12318590
1689	12318812
1690	12319592
1691	12320842
1692	1232120
1693	12322312
1694	12322532
1695	12324092
1696	12324846
1697	12325138
1698	12325844
1699	12327166
1700	12328518
1701	12329150
1702	123311
1703	12331544
1704	12331706
1705	12333918
1706	12335284
1707	12337124
1708	12337162
1709	12337428
1710	12337930
1711	12338612
1712	12338950
1713	12341612
1714	12342998
1715	12348706
1716	12349020
1717	12349270
1718	12350858
1719	12352258
1720	1235378
1721	12355608
1722	12359790
1723	12360914
1724	12364532
1725	12364552
1726	1236546
1727	12369192
1728	12370642
1729	12370666
1730	123716
1731	12371702
1732	12372410
1733	12373302
1734	12373304
1735	12375112
1736	12375512
1737	12375932
1738	12378910
1739	12381220
1740	12383330
1741	12383524
1742	12384084
1743	12385114
1744	12386944
1745	12387156
1746	123889
1747	12390422
1748	12391026
1749	12391504
1750	12391672
1751	12392618
1752	12392902
1753	12393186
1754	12396572
1755	12397960
1756	12401648
1757	12402008
1758	12404782
1759	12404898
1760	12405822
1761	12406246
1762	12408180
1763	12410692
1764	12410900
1765	12411986
1766	12412962
1767	12413180
1768	12413716
1769	12418446
1770	1241952
1771	12419955
1772	12423692
1773	12424464
1774	12424986
1775	12425094
1776	12430438
1777	12435846
1778	12436144
1779	12436602
1780	12437974
1781	12438116
1782	12439438
1783	12444238
1784	12445364
1785	12446482
1786	12446844
1787	12446948
1788	12448730
1789	12449264
1790	12452052
1791	12455136
1792	12455508
1793	12456796
1794	1245682
1795	12457114
1796	12459512
1797	12461396
1798	12461692
1799	12463032
1800	12464702
1801	12467510
1802	12476014
1803	1247608
1804	12478906
1805	12480788
1806	12480936
1807	12482206
1808	12483504
1809	1248386
1810	12487024
1811	12488190
1812	12488592
1813	12489097
1814	12489499
1815	12493626
1816	12496288
1817	12501964
1818	12502074
1819	12502274
1820	12507548
1821	12508470
1822	125096
1823	12510094
1824	12513906
1825	12514152
1826	12515376
1827	12517380
1828	12518876
1829	12519222
1830	12519602
1831	12520578
1832	12523110
1833	12523966
1834	12524034
1835	12524554
1836	12525098
1837	12525632
1838	12525900
1839	12529380
1840	12530884
1841	12535816
1842	12537250
1843	12538594
1844	12544372
1845	12546872
1846	12548166
1847	12548390
1848	12548674
1849	12549814
1850	12550982
1851	12551280
1852	12551866
1853	12553664
1854	12553828
1855	12554878
1856	12554980
1857	12555402
1858	12559082
1859	12559256
1860	12562514
1861	12562758
1862	125635
1863	12563946
1864	12565108
1865	12566822
1866	1256846
1867	12572020
1868	12572192
1869	12573476
1870	12577792
1871	12583986
1872	12585044
1873	12587062
1874	1258750
1875	12588858
1876	12591762
1877	12593100
1878	12593806
1879	12594918
1880	12596098
1881	12596830
1882	12599194
1883	12599768
1884	12600884
1885	12601636
1886	12602050
1887	12603362
1888	12604054
1889	12604590
1890	12605172
1891	12605324
1892	12606174
1893	12606784
1894	12607418
1895	12608004
1896	12609138
1897	12610954
1898	1261348
1899	12614156
1900	1261570
1901	12617296
1902	12618550
1903	12618664
1904	12619150
1905	12620410
1906	12621466
1907	12622806
1908	12623780
1909	12627074
1910	12630168
1911	12632206
1912	12636446
1913	12638810
1914	12639522
1915	12639708
1916	12641986
1917	12642244
1918	12645698
1919	12647916
1920	12652480
1921	1265486
1922	12658296
1923	12658898
1924	12663246
1925	12664450
1926	12664552
1927	12664928
1928	12668714
1929	12669804
1930	12670292
1931	12671924
1932	12673058
1933	12674184
1934	12675904
1935	12677588
1936	12678538
1937	12680432
1938	12683144
1939	12684926
1940	12685314
1941	12688472
1942	12688572
1943	12690948
1944	12694626
1945	12695078
1946	12698242
1947	12702136
1948	12702302
1949	12702672
1950	12704132
1951	12705604
1952	12708774
1953	12710406
1954	12711976
1955	12715570
1956	12715878
1957	12716488
1958	12718802
1959	12718904
1960	12721444
1961	12721532
1962	12726402
1963	12729628
1964	12730430
1965	12730990
1966	12732036
1967	12732704
1968	12734280
1969	12734432
1970	12734620
1971	12734716
1972	12735028
1973	12735626
1974	12737074
1975	12737274
1976	1273760
1977	12741830
1978	12742994
1979	1274324
1980	12743328
1981	12747308
1982	1274786
1983	127479
1984	1275018
1985	12750492
1986	12750736
1987	12753088
1988	12755118
1989	1275730
1990	12758088
1991	12759682
1992	12760146
1993	12761462
1994	12761702
1995	1276172
1996	12763986
1997	12766146
1998	12766406
1999	12767188
2000	12767806
2001	12770182
2002	12770208
2003	12771642
2004	12771652
2005	12772636
2006	12772916
2007	12772994
2008	12773594
2009	12773652
2010	12775980
2011	12776104
2012	12776986
2013	12779122
2014	12779688
2015	12780812
2016	12781710
2017	12782752
2018	12783434
2019	12787694
2020	12788554
2021	12791320
2022	12791678
2023	12791826
2024	12797168
2025	12797460
2026	12798572
2027	12799774
2028	12801502
2029	12806292
2030	12806830
2031	12811268
2032	12811402
2033	12814790
2034	12815064
2035	12817118
2036	12818346
2037	12821776
2038	12822634
2039	128252
2040	12825416
2041	12825538
2042	12826866
2043	12827998
2044	1282978
2045	12830486
2046	12830764
2047	12832448
2048	12833184
2049	12833546
2050	12834262
2051	12837340
2052	12837418
2053	12839400
2054	12840482
2055	12841972
2056	12844554
2057	1284726
2058	12849524
2059	12850102
2060	12851034
2061	12851968
2062	12853730
2063	12853794
2064	12855256
2065	1285636
2066	12856362
2067	12856732
2068	12856894
2069	12857564
2070	12857954
2071	12859022
2072	1285938
2073	12861436
2074	12861544
2075	12862510
2076	12862678
2077	12864456
2078	12867600
2079	12870622
2080	12870928
2081	12871288
2082	12872792
2083	1287498
2084	128784
2085	12879268
2086	12880134
2087	12881504
2088	12882912
2089	12883464
2090	12884008
2091	12885354
2092	12885616
2093	1288966
2094	12890862
2095	12891034
2096	12891788
2097	12895406
2098	12896038
2099	12896240
2100	1289794
2101	12897954
2102	12898786
2103	12899034
2104	12899190
2105	12900310
2106	12903228
2107	12904804
2108	12905858
2109	12905862
2110	12906140
2111	12906472
2112	12906834
2113	12906900
2114	12907752
2115	12909128
2116	1291350
2117	12913702
2118	12913810
2119	12913948
2120	12915174
2121	12916066
2122	12916930
2123	12917076
2124	12919726
2125	12923400
2126	12924428
2127	12924904
2128	12926066
2129	12928860
2130	12929876
2131	12930144
2132	12931588
2133	12932372
2134	12935412
2135	12935988
2136	12936162
2137	12936744
2138	1293888
2139	1294082
2140	12942616
2141	12946254
2142	12947854
2143	12949642
2144	12949816
2145	12950446
2146	12950812
2147	12951234
2148	12952634
2149	12952972
2150	12953052
2151	12953576
2152	12954430
2153	12955572
2154	12956082
2155	12957500
2156	12957548
2157	12958138
2158	12958862
2159	12962310
2160	12968972
2161	12971352
2162	12971716
2163	12972708
2164	12973338
2165	12973686
2166	12975992
2167	12977574
2168	12982762
2169	12983780
2170	12983960
2171	12984812
2172	12984906
2173	12987840
2174	12987848
2175	12988116
2176	12988618
2177	12988658
2178	12989112
2179	12990338
2180	12990680
2181	12990832
2182	12991386
2183	12992572
2184	12995376
2185	1299668
2186	12997092
2187	12998434
2188	12998974
2189	13000266
2190	13001248
2191	13001826
2192	13002186
2193	1300408
2194	13006148
2195	13007006
2196	13007426
2197	13007946
2198	13008846
2199	1300924
2200	13015116
2201	13015426
2202	13015458
2203	13016302
2204	13017001
2205	13017099
2206	13021914
2207	13022754
2208	13025696
2209	13025926
2210	13026416
2211	130270
2212	13027254
2213	130277
2214	13027986
2215	13028908
2216	13029874
2217	13030310
2218	13030996
2219	13033336
2220	13033782
2221	13035152
2222	1303570
2223	13037003
2224	13037064
2225	13037882
2226	13038918
2227	13039292
2228	13040110
2229	13040552
2230	13044288
2231	13044974
2232	13046938
2233	13047778
2234	13050560
2235	1305088
2236	13050932
2237	13053186
2238	13054212
2239	13055382
2240	13057298
2241	13057594
2242	130579
2243	1306414
2244	13065206
2245	13067228
2246	13067302
2247	13068690
2248	13069188
2249	13072838
2250	13079076
2251	13079306
2252	13080310
2253	13080598
2254	13081654
2255	13082824
2256	13085762
2257	13086366
2258	13086536
2259	13087088
2260	13087330
2261	13088688
2262	1309060
2263	13093478
2264	13093528
2265	13094652
2266	13094976
2267	13095186
2268	13095288
2269	1309638
2270	13096492
2271	13096670
2272	13100540
2273	13102860
2274	13106010
2275	1310688
2276	1310784
2277	13108584
2278	13110872
2279	13120940
2280	1312222
2281	13123164
2282	13125012
2283	13125498
2284	13125810
2285	13125874
2286	13126072
2287	13126560
2288	13129538
2289	13129870
2290	13129920
2291	13131402
2292	13131768
2293	13132136
2294	13132423
2295	13132852
2296	13134332
2297	13136398
2298	13136594
2299	13137612
2300	13138926
2301	13140154
2302	13141280
2303	13141496
2304	13143474
2305	13145712
2306	13146532
2307	13148004
2308	13149350
2309	13150242
2310	13150254
2311	13151288
2312	13152300
2313	13156104
2314	13156576
2315	13159330
2316	13161100
2317	1316482
2318	13165228
2319	13165528
2320	13166484
2321	13166792
2322	13168006
2323	13168288
2324	1316980
2325	13170288
2326	1317064
2327	13171350
2328	13172198
2329	13174214
2330	13176662
2331	13180082
2332	13180764
2333	1318106
2334	13181462
2335	13182102
2336	13183342
2337	13183620
2338	13187114
2339	13188928
2340	13191624
2341	13192848
2342	13198436
2343	13202282
2344	13202348
2345	13202386
2346	13208710
2347	13209806
2348	1321008
2349	13210788
2350	1321240
2351	13214262
2352	13214982
2353	13215810
2354	13219638
2355	13220380
2356	13220648
2357	13220766
2358	13224904
2359	1322922
2360	13229582
2361	13229672
2362	1323046
2363	13230674
2364	13233048
2365	13234144
2366	13234610
2367	1323540
2368	13236002
2369	13237100
2370	13237876
2371	1323810
2372	13238394
2373	13240662
2374	13240688
2375	13240708
2376	13241148
2377	13243374
2378	1324342
2379	13244890
2380	13245256
2381	13245752
2382	13247804
2383	13248520
2384	13249424
2385	13250082
2386	13250446
2387	13251794
2388	13252022
2389	132526
2390	13253446
2391	13255142
2392	13257970
2393	13258306
2394	13260694
2395	13261014
2396	13262938
2397	13265120
2398	13265772
2399	13266592
2400	13270214
2401	13272616
2402	13273694
2403	13274084
2404	13275782
2405	1327646
2406	13277474
2407	13278694
2408	13279530
2409	132796
2410	13284126
2411	13287192
2412	13291628
2413	13292448
2414	13292868
2415	13297290
2416	13298612
2417	13299242
2418	13299686
2419	13300696
2420	13302636
2421	13306112
2422	13307094
2423	13307432
2424	13309722
2425	13313902
2426	13314080
2427	13316436
2428	1331784
2429	13318554
2430	13318848
2431	13322462
2432	13322768
2433	13325716
2434	13325750
2435	13331508
2436	13331726
2437	13332084
2438	13334446
2439	13334904
2440	13335402
2441	13336390
2442	13336470
2443	13337012
2444	13337248
2445	13341332
2446	13342152
2447	13343128
2448	13345808
2449	13346652
2450	13349802
2451	13350216
2452	13350894
2453	13352314
2454	13353354
2455	13354356
2456	13356284
2457	13359454
2458	13360618
2459	1336152
2460	13362742
2461	13365348
2462	13370714
2463	133708
2464	13371826
2465	13372124
2466	13372378
2467	13374466
2468	13374628
2469	13378122
2470	13378402
2471	13378480
2472	13379192
2473	13380084
2474	13380176
2475	13381742
2476	13383004
2477	13384660
2478	13384768
2479	13386416
2480	13388482
2481	13390414
2482	13390644
2483	13391632
2484	13392444
2485	13392794
2486	13393020
2487	13393978
2488	13395630
2489	1339584
2490	13396608
2491	13399622
2492	13400350
2493	13400404
2494	13400670
2495	13402180
2496	13404432
2497	13404526
2498	13406646
2499	13407112
2500	13411382
2501	13416326
2502	13418050
2503	1341960
2504	13419986
2505	13420040
2506	134219
2507	13425080
2508	13426288
2509	13426486
2510	13429814
2511	13430062
2512	13431188
2513	13431590
2514	13432126
2515	13432366
2516	1343346
2517	13434850
2518	13435526
2519	13437396
2520	13437976
2521	13439292
2522	13439748
2523	13442448
2524	1344360
2525	13445192
2526	13445592
2527	13446452
2528	13446512
2529	13446798
2530	1344748
2531	13449528
2532	13449822
2533	13449920
2534	13454558
2535	13454742
2536	13455928
2537	1345786
2538	13458172
2539	13460116
2540	13461058
2541	13464578
2542	13465098
2543	13465278
2544	13465286
2545	13466574
2546	13468090
2547	134728
2548	13472962
2549	13473450
2550	13474430
2551	13475932
2552	13479514
2553	13480128
2554	13480212
2555	13484176
2556	13485518
2557	13488190
2558	13492622
2559	13493952
2560	1349652
2561	13496674
2562	13498084
2563	13499078
2564	13500794
2565	13500838
2566	13503882
2567	13504118
2568	13504386
2569	13505552
2570	13506292
2571	13508278
2572	13512946
2573	13514888
2574	13515558
2575	13521648
2576	13523460
2577	13527098
2578	13527752
2579	1353010
2580	13530400
2581	13532012
2582	13533222
2583	13534580
2584	13534862
2585	13535064
2586	13535550
2587	13536650
2588	13536934
2589	13538554
2590	1353874
2591	13538974
2592	1354036
2593	13541682
2594	13543274
2595	13545688
2596	13545826
2597	13546184
2598	13546618
2599	13549026
2600	13549420
2601	13550038
2602	135503
2603	13552296
2604	13554486
2605	1355462
2606	13554902
2607	13556712
2608	13556826
2609	13558472
2610	13558506
2611	13560962
2612	13565518
2613	13565766
2614	135659
2615	13567516
2616	13568842
2617	13569648
2618	13569792
2619	13574142
2620	13574274
2621	13574470
2622	13575496
2623	13577398
2624	13577504
2625	13577864
2626	13578472
2627	13579424
2628	13579524
2629	13580692
2630	13581152
2631	13582818
2632	13583118
2633	13585864
2634	13586398
2635	13586460
2636	13587268
2637	13590524
2638	13591874
2639	13593326
2640	13594238
2641	13597518
2642	13597972
2643	13601342
2644	13601432
2645	13601648
2646	13602256
2647	13603284
2648	13604382
2649	13605822
2650	13608860
2651	13609794
2652	13612796
2653	13613560
2654	13615502
2655	13616548
2656	13616650
2657	136181
2658	13618902
2659	13619666
2660	13619920
2661	13620606
2662	13620634
2663	13621504
2664	13622064
2665	13623942
2666	13624596
2667	13625728
2668	13626240
2669	13627420
2670	13628598
2671	13629080
2672	13630922
2673	13631676
2674	13632192
2675	13632444
2676	13633450
2677	13634602
2678	13635484
2679	13635502
2680	13635936
2681	13638150
2682	13638482
2683	13639758
2684	13644544
2685	13645836
2686	13648980
2687	13652114
2688	13652592
2689	13654122
2690	13655268
2691	13656740
2692	13658898
2693	13659864
2694	13660260
2695	13660326
2696	13662166
2697	13662750
2698	13662822
2699	13662912
2700	13663118
2701	13663186
2702	13663874
2703	13663996
2704	13664220
2705	13664338
2706	13664400
2707	13664902
2708	13665758
2709	13666024
2710	13666094
2711	13666236
2712	13666956
2713	13667708
2714	13668292
2715	13673410
2716	13674512
2717	13674688
2718	13677336
2719	13678942
2720	1368138
2721	13682024
2722	13683998
2723	13684330
2724	13684772
2725	13685492
2726	13686658
2727	13686810
2728	13687558
2729	13687646
2730	13687806
2731	13689264
2732	13690252
2733	13694834
2734	13695888
2735	13698468
2736	13699064
2737	13699864
2738	13702158
2739	13702698
2740	13703420
2741	13703696
2742	13704446
2743	13706054
2744	13706758
2745	13708008
2746	13708536
2747	13709972
2748	13710764
2749	1371396
2750	13717192
2751	13718978
2752	13719328
2753	13720758
2754	1372118
2755	13722154
2756	13722162
2757	13723144
2758	13724632
2759	13724836
2760	13725840
2761	13728212
2762	13728416
2763	13728562
2764	13728700
2765	13730964
2766	13731476
2767	13732596
2768	13733792
2769	13733960
2770	13734266
2771	13734384
2772	1373562
2773	13739364
2774	13739500
2775	13741998
2776	13745326
2777	13747248
2778	1374868
2779	13749270
2780	13751106
2781	13751152
2782	13752706
2783	13752724
2784	13754072
2785	13755344
2786	13755764
2787	1375734
2788	13757352
2789	13757646
2790	1375822
2791	13759382
2792	13760762
2793	13762598
2794	13762852
2795	13763442
2796	1376456
2797	13764662
2798	13764824
2799	13765898
2800	13765938
2801	13766716
2802	13769856
2803	13770664
2804	13771754
2805	13773888
2806	137743
2807	13775204
2808	13775358
2809	13776804
2810	13778608
2811	1378148
2812	13782390
2813	1378446
2814	13784624
2815	13785680
2816	13787298
2817	137877
2818	13788328
2819	13790296
2820	13790796
2821	13791980
2822	13791992
2823	13793206
2824	13794958
2825	137952
2826	13797408
2827	13797998
2828	13798334
2829	13802646
2830	13804002
2831	13804060
2832	13804458
2833	1380524
2834	13805888
2835	13807146
2836	13809062
2837	13809238
2838	13809502
2839	13810890
2840	13813498
2841	13814216
2842	13814638
2843	13814646
2844	13816888
2845	13817396
2846	13817514
2847	13817596
2848	13823532
2849	13823658
2850	13825472
2851	13828556
2852	13829790
2853	13830780
2854	13832142
2855	13832838
2856	13832896
2857	13834028
2858	13834848
2859	1383810
2860	1383896
2861	13842012
2862	13842058
2863	13842352
2864	13843722
2865	13844806
2866	13845956
2867	13848058
2868	13848100
2869	13848326
2870	13850668
2871	13853850
2872	13854162
2873	13854228
2874	13855790
2875	13856256
2876	13862946
2877	13863664
2878	13864924
2879	13866578
2880	13871216
2881	13871624
2882	13872248
2883	13872856
2884	13874230
2885	138751
2886	13876430
2887	1387682
2888	13879308
2889	13880224
2890	13880764
2891	13883718
2892	13884908
2893	13885144
2894	13885214
2895	13885646
2896	13888734
2897	13888914
2898	13889872
2899	1389008
2900	13890710
2901	13891022
2902	138936
2903	13893682
2904	13894118
2905	13894348
2906	13895184
2907	13897244
2908	13898306
2909	13899614
2910	13899796
2911	13899888
2912	13900090
2913	13901050
2914	13901154
2915	13901560
2916	13902336
2917	13902578
2918	13902762
2919	13903012
2920	1390388
2921	13904024
2922	139042
2923	13904976
2924	13906082
2925	13907044
2926	13909918
2927	13910062
2928	13910530
2929	13910774
2930	13913518
2931	13913570
2932	13915614
2933	13916438
2934	13917254
2935	13917310
2936	13923042
2937	13923496
2938	13923802
2939	13925830
2940	13927598
2941	13929434
2942	13930954
2943	13930958
2944	13932764
2945	13933986
2946	13934312
2947	13936856
2948	13937382
2949	13937396
2950	13938454
2951	13939328
2952	13941594
2953	13941664
2954	13942010
2955	13942444
2956	13943008
2957	13943362
2958	13945040
2959	13945772
2960	13946046
2961	13946778
2962	1394716
2963	13947446
2964	13952128
2965	13952650
2966	1395566
2967	13959618
2968	13960276
2969	13962012
2970	13964574
2971	13964616
2972	13965736
2973	13966618
2974	13967122
2975	13969546
2976	13969722
2977	1397304
2978	13973348
2979	13973760
2980	13974744
2981	13975458
2982	13976864
2983	13978300
2984	13979518
2985	13979850
2986	13984556
2987	13984892
2988	13986256
2989	13986986
2990	13987068
2991	1398764
2992	13988214
2993	13990030
2994	1399116
2995	13991526
2996	13992318
2997	13992690
2998	13993736
2999	13994146
3000	13994196
3001	1399456
3002	13998514
3003	13998910
3004	14001038
3005	14001862
3006	1400232
3007	14004036
3008	1400476
3009	14005366
3010	14005458
3011	14006358
3012	14007268
3013	14008006
3014	14008588
3015	14009232
3016	14011596
3017	14012064
3018	14012592
3019	14016580
3020	14023904
3021	14025196
3022	14025384
3023	14025580
3024	14027356
3025	14029064
3026	14029412
3027	14029750
3028	14031226
3029	14031986
3030	14032078
3031	14035524
3032	1403664
3033	14036898
3034	14037714
3035	14037788
3036	14038564
3037	14038630
3038	14041198
3039	1404182
3040	14044906
3041	14046052
3042	14046562
3043	14046678
3044	14047002
3045	14048028
3046	14048380
3047	14048512
3048	14048572
3049	14051564
3050	14052622
3051	14053312
3052	14054722
3053	14055622
3054	14056310
3055	14057242
3056	14058272
3057	14058396
3058	1405928
3059	14061244
3060	14064342
3061	14067904
3062	14070164
3063	14070824
3064	14072408
3065	14072814
3066	14072888
3067	14073926
3068	14074330
3069	14075356
3070	14077766
3071	1407820
3072	14081718
3073	14082326
3074	14083276
3075	14085256
3076	14085746
3077	14087368
3078	14089760
3079	14090290
3080	14090912
3081	14091208
3082	14092822
3083	14093022
3084	14093314
3085	14093466
3086	14095606
3087	14098064
3088	14098156
3089	14100486
3090	14103972
3091	14114768
3092	1411650
3093	14118902
3094	14123622
3095	14123878
3096	14124596
3097	14130804
3098	14133180
3099	14133280
3100	14135614
3101	14136664
3102	141367
3103	14136782
3104	14137350
3105	14138768
3106	14139190
3107	14140822
3108	14142334
3109	14144330
3110	14144804
3111	1414508
3112	14146164
3113	14146584
3114	14149084
3115	14153136
3116	14153296
3117	14154534
3118	14154604
3119	14154656
3120	14154940
3121	14156126
3122	14156300
3123	14160380
3124	14160514
3125	14160686
3126	14161808
3127	14162324
3128	141634
3129	14164442
3130	14164656
3131	1416612
3132	14166938
3133	1416744
3134	14167768
3135	14171064
3136	14178028
3137	14179048
3138	14180132
3139	14180394
3140	14181582
3141	1418352
3142	14184182
3143	14184210
3144	14184214
3145	14184796
3146	14185706
3147	14185752
3148	14190844
3149	14191876
3150	14194096
3151	14194716
3152	14194962
3153	14196272
3154	14197198
3155	14199114
3156	14199346
3157	14199382
3158	14201394
3159	14202566
3160	14203796
3161	14205000
3162	14207470
3163	14207776
3164	14207878
3165	14208726
3166	14209424
3167	14209560
3168	14209928
3169	14210288
3170	14211330
3171	14212590
3172	14213258
3173	1421352
3174	14214496
3175	14215626
3176	14216110
3177	14217112
3178	14221364
3179	14221644
3180	14223750
3181	14224998
3182	14225768
3183	14226190
3184	14226338
3185	14226580
3186	14229110
3187	14230654
3188	14231112
3189	14232628
3190	14233034
3191	14234784
3192	14236162
3193	14238464
3194	14239158
3195	14239438
3196	14239914
3197	14240634
3198	14240790
3199	14242350
3200	14244238
3201	14246346
3202	14247894
3203	14248748
3204	1425002
3205	14250600
3206	142518
3207	14252180
3208	14252414
3209	14253158
3210	14253224
3211	14254048
3212	14255252
3213	14255348
3214	14255658
3215	14256466
3216	14256750
3217	14262896
3218	14263752
3219	14263964
3220	14264376
3221	14264690
3222	14265142
3223	14266010
3224	14267482
3225	14268156
3226	14268220
3227	14268388
3228	14271750
3229	14271768
3230	14274046
3231	14274820
3232	14274886
3233	14275236
3234	14275418
3235	14275860
3236	14277704
3237	14280464
3238	14280998
3239	14281306
3240	14281310
3241	14281812
3242	14282030
3243	14284970
3244	14285394
3245	14286614
3246	14287110
3247	14287272
3248	14288104
3249	1428832
3250	14290304
3251	14291146
3252	14291778
3253	14292144
3254	1429318
3255	14294952
3256	14295326
3257	14296170
3258	14296252
3259	14296290
3260	14297232
3261	14297654
3262	14298862
3263	14299260
3264	14299730
3265	14302570
3266	14302862
3267	14304154
3268	14304592
3269	14305906
3270	14306048
3271	14308812
3272	14309132
3273	14309186
3274	14311466
3275	14313156
3276	14315826
3277	14316678
3278	14317448
3279	14323398
3280	14323996
3281	14324406
3282	14325750
3283	14325962
3284	14331388
3285	14332602
3286	14333288
3287	14334868
3288	14340922
3289	14342024
3290	14342374
3291	1434288
3292	14343322
3293	14345074
3294	14346186
3295	14347
3296	1434988
3297	14351862
3298	14355374
3299	14356178
3300	14356766
3301	14358050
3302	14359074
3303	14359428
3304	14359630
3305	14360894
3306	14361192
3307	14361766
3308	14362280
3309	14362850
3310	143636
3311	14363872
3312	14364676
3313	14365702
3314	14366118
3315	14366522
3316	14366906
3317	14367216
3318	14367450
3319	1436952
3320	14370828
3321	14372694
3322	14373876
3323	14374342
3324	14375830
3325	1437612
3326	14376544
3327	14377456
3328	14377598
3329	14380074
3330	14381834
3331	14383288
3332	14385036
3333	14386216
3334	14387262
3335	1438892
3336	14391788
3337	14391956
3338	14392882
3339	1439456
3340	14396954
3341	143977
3342	143980
3343	14398384
3344	14398564
3345	14400644
3346	14401292
3347	14401334
3348	144018
3349	1440310
3350	14403494
3351	1440678
3352	1440704
3353	14409716
3354	1441114
3355	14411738
3356	14412648
3357	1441384
3358	14415040
3359	14415088
3360	14416770
3361	14417258
3362	14418572
3363	14419168
3364	14422996
3365	14426998
3366	14428532
3367	14430108
3368	14433802
3369	14433824
3370	14435306
3371	14436514
3372	1443754
3373	14440260
3374	14440474
3375	14444176
3376	14444336
3377	14444676
3378	14446670
3379	14447258
3380	14449132
3381	14450804
3382	14451228
3383	14452712
3384	14459118
3385	14459730
3386	14460452
3387	14462934
3388	1446302
3389	14463596
3390	14465592
3391	1446588
3392	14466020
3393	14466264
3394	14466292
3395	14466820
3396	14469352
3397	14473338
3398	14475448
3399	14476044
3400	14476336
3401	14480282
3402	14481090
3403	14482600
3404	144827
3405	14483564
3406	14484988
3407	1448510
3408	14485590
3409	14486320
3410	14489402
3411	1448970
3412	14492060
3413	14492648
3414	14495754
3415	14496020
3416	14496726
3417	14497054
3418	14498148
3419	14500620
3420	1450244
3421	14502936
3422	14504798
3423	14505504
3424	14506220
3425	14507478
3426	14508586
3427	14510052
3428	14510942
3429	14512270
3430	14512944
3431	14513272
3432	14515806
3433	14516588
3434	14520102
3435	14520204
3436	14520658
3437	14526098
3438	14528206
3439	14528246
3440	1453050
3441	14531380
3442	14531914
3443	14532288
3444	14533164
3445	14533880
3446	14534172
3447	14534476
3448	14535758
3449	14535888
3450	14537870
3451	14538510
3452	14538552
3453	14538792
3454	14540522
3455	14541644
3456	14546286
3457	14549004
3458	14552242
3459	14552952
3460	14553646
3461	14553768
3462	14555214
3463	14555450
3464	14557530
3465	14557696
3466	145590
3467	14559290
3468	14560838
3469	14560940
3470	14562298
3471	14563162
3472	14565274
3473	14565442
3474	14566978
3475	14567806
3476	14568376
3477	14568990
3478	14569876
3479	14571182
3480	14571830
3481	14573412
3482	14575524
3483	14576058
3484	14579530
3485	14580092
3486	14580792
3487	14581130
3488	14581200
3489	14581784
3490	14584768
3491	14584954
3492	14585310
3493	14586228
3494	14586960
3495	14589226
3496	14589680
3497	14592532
3498	14594598
3499	14596012
3500	14597362
3501	14599056
3502	14601788
3503	14602692
3504	14602792
3505	1460654
3506	14607132
3507	14608290
3508	14609140
3509	14611088
3510	14611360
3511	14612054
3512	14612900
3513	14616796
3514	14620390
3515	14621976
3516	14623268
3517	14624886
3518	14625198
3519	14629738
3520	14629770
3521	14630076
3522	14630744
3523	14631574
3524	14633636
3525	14633888
3526	14634546
3527	14634574
3528	14634796
3529	14635576
3530	14636506
3531	14636620
3532	14638922
3533	14639910
3534	14640848
3535	14640946
3536	14641936
3537	14642148
3538	14642208
3539	14643912
3540	14644002
3541	14644904
3542	14647500
3543	14650910
3544	14654004
3545	14654174
3546	14655182
3547	14655398
3548	14656574
3549	14656778
3550	14657396
3551	14658908
3552	14659154
3553	14661672
3554	14663810
3555	14664680
3556	14665238
3557	14665696
3558	14667026
3559	14668310
3560	14668498
3561	14669416
3562	14669468
3563	14670632
3564	146737
3565	14673868
3566	14674518
3567	14675646
3568	14675840
3569	14677022
3570	14683614
3571	14684640
3572	14685826
3573	14685912
3574	14686264
3575	14687362
3576	14687724
3577	14688522
3578	14688584
3579	14688910
3580	14689932
3581	14689958
3582	14691030
3583	14695158
3584	14695444
3585	1469586
3586	14696314
3587	14701708
3588	14702712
3589	14703410
3590	14705124
3591	14706060
3592	14706170
3593	1470738
3594	14708036
3595	14711454
3596	14711736
3597	14711850
3598	14713652
3599	14714972
3600	14718068
3601	14719588
3602	14720558
3603	14721056
3604	14721420
3605	14723704
3606	14724476
3607	14724548
3608	14724812
3609	1472514
3610	14726500
3611	14727716
3612	1472852
3613	14730836
3614	14734122
3615	14734600
3616	14735892
3617	14736160
3618	14736436
3619	14742912
3620	14743234
3621	14743578
3622	14751406
3623	14751592
3624	14753792
3625	14755806
3626	14760254
3627	14762406
3628	14762958
3629	14762994
3630	14763508
3631	1476352
3632	1476404
3633	14764734
3634	14766776
3635	14767632
3636	14768102
3637	14768590
3638	14770876
3639	14772398
3640	14774434
3641	14780678
3642	14780842
3643	14784208
3644	14784294
3645	14784342
3646	14784488
3647	14785208
3648	14787222
3649	147874
3650	1479252
3651	14797304
3652	14799240
3653	14799670
3654	14802922
3655	14807684
3656	14808380
3657	14809040
3658	14809132
3659	14810258
3660	14810716
3661	14812006
3662	14812584
3663	14813542
3664	14814668
3665	14815762
3666	14817288
3667	14817618
3668	14818104
3669	14822190
3670	14826270
3671	14828160
3672	1482866
3673	14831782
3674	14832020
3675	14832670
3676	14834046
3677	14835744
3678	14838036
3679	14840676
3680	14844448
3681	14845954
3682	14846352
3683	1484676
3684	14848456
3685	14853600
3686	14853912
3687	14855002
3688	14855142
3689	14856504
3690	14857138
3691	14858100
3692	14860112
3693	14861672
3694	14862070
3695	14862166
3696	14863580
3697	14867326
3698	14871610
3699	14874420
3700	14875024
3701	14875336
3702	14876530
3703	1487858
3704	14880014
3705	14880300
3706	14880834
3707	14881914
3708	14882882
3709	14883818
3710	1488824
3711	14889510
3712	14896128
3713	14897180
3714	14897896
3715	1490146
3716	14902542
3717	14904072
3718	14904490
3719	14904754
3720	14905096
3721	14907730
3722	14909192
3723	1491290
3724	14913200
3725	14913942
3726	14915758
3727	14917006
3728	14917370
3729	1491802
3730	14918020
3731	1491864
3732	14920714
3733	14921776
3734	1492186
3735	14923400
3736	14925772
3737	1492816
3738	14929334
3739	14931280
3740	14934666
3741	14938608
3742	14940008
3743	14941582
3744	14942606
3745	14942714
3746	14942932
3747	14945760
3748	14946982
3749	14947192
3750	14948520
3751	14948996
3752	14950856
3753	14952932
3754	14954732
3755	14955098
3756	14955774
3757	14962610
3758	1496276
3759	14963004
3760	149635
3761	14963602
3762	14965308
3763	14965990
3764	14967292
3765	14967918
3766	14968084
3767	14968886
3768	14970216
3769	14972424
3770	14974452
3771	14974824
3772	14978534
3773	14978694
3774	14980330
3775	149814
3776	14981488
3777	14982276
3778	14982782
3779	14984734
3780	14984814
3781	14985542
3782	14985898
3783	14986682
3784	14989540
3785	149935
3786	14994252
3787	14997948
3788	14999644
3789	15000328
3790	15001922
3791	1500486
3792	1500834
3793	15009092
3794	15009404
3795	15009794
3796	15011600
3797	1501310
3798	15014146
3799	15020616
3800	15020724
3801	15022252
3802	15022422
3803	15022468
3804	150233
3805	15024322
3806	15025914
3807	15027000
3808	15028472
3809	15029216
3810	15031198
3811	15032198
3812	1503252
3813	15034030
3814	15034978
3815	15035416
3816	15036628
3817	1503942
3818	15040090
3819	15041118
3820	15043232
3821	15045814
3822	1504720
3823	15048548
3824	15049292
3825	15050044
3826	15050644
3827	15050754
3828	15051510
3829	1505186
3830	15052120
3831	1505364
3832	15054516
3833	15060386
3834	15062718
3835	15067002
3836	15067540
3837	15068286
3838	1506910
3839	15070792
3840	15070884
3841	1507176
3842	15072866
3843	15073772
3844	15075390
3845	15075498
3846	15075564
3847	15076160
3848	1507776
3849	15078158
3850	15078400
3851	15078668
3852	15087924
3853	15087994
3854	15088432
3855	15091022
3856	15091812
3857	15092110
3858	15094276
3859	15094732
3860	15094742
3861	15097164
3862	15097602
3863	15098196
3864	15098482
3865	15100338
3866	15101468
3867	15101576
3868	15103168
3869	15103910
3870	15104514
3871	15105742
3872	15107438
3873	15107462
3874	15107762
3875	15111744
3876	15112166
3877	15112278
3878	15113902
3879	15116586
3880	15117954
3881	15120940
3882	15121704
3883	15121792
3884	15122760
3885	15125032
3886	15125434
3887	15126536
3888	15131276
3889	15131442
3890	15131816
3891	15131952
3892	15133068
3893	15133170
3894	15133698
3895	15134028
3896	15137496
3897	15139684
3898	15139862
3899	15141334
3900	15142024
3901	15142258
3902	15142328
3903	15145132
3904	15145156
3905	15148156
3906	15151702
3907	15151870
3908	15152242
3909	15152664
3910	15153962
3911	15154538
3912	15154664
3913	15155340
3914	1515608
3915	15156788
3916	15158724
3917	1516110
3918	15162950
3919	15162954
3920	15164646
3921	15164790
3922	15165054
3923	15165862
3924	15166698
3925	1516698
3926	15169602
3927	15170226
3928	15170406
3929	15171238
3930	15172696
3931	15172928
3932	15174156
3933	15175780
3934	15180636
3935	15181128
3936	15184108
3937	15184124
3938	15185476
3939	15186846
3940	15186876
3941	15187616
3942	15189144
3943	15189418
3944	15192444
3945	1519276
3946	15193216
3947	15193882
3948	15194232
3949	15195462
3950	15197456
3951	15198788
3952	15199514
3953	15201652
3954	15202302
3955	15202350
3956	15202976
3957	15203592
3958	152039
3959	15205108
3960	15206210
3961	15207506
3962	15210050
3963	15210072
3964	15211568
3965	15214850
3966	1521550
3967	1521762
3968	15217990
3969	15220412
3970	15222140
3971	15222852
3972	15222880
3973	1522382
3974	15225726
3975	15226332
3976	15228994
3977	15229490
3978	15231144
3979	15232036
3980	15232994
3981	15233344
3982	15234742
3983	15236844
3984	15237134
3985	15239622
3986	15240782
3987	15241514
3988	15242670
3989	15244448
3990	1524622
3991	15247150
3992	15248080
3993	15249082
3994	15250614
3995	15250746
3996	15252020
3997	15252080
3998	15252184
3999	15252932
4000	15253844
4001	15254224
4002	15254226
4003	15254678
4004	15257670
4005	15258212
4006	15258896
4007	15259076
4008	15260388
4009	15260562
4010	15261912
4011	15263698
4012	15264694
4013	15265406
4014	15268370
4015	15269180
4016	15269228
4017	15269996
4018	15270102
4019	15271132
4020	15272202
4021	15276612
4022	15277498
4023	15277606
4024	15282320
4025	15282748
4026	15282752
4027	15283230
4028	15283276
4029	15284292
4030	15285072
4031	15288602
4032	1529076
4033	15290774
4034	15292114
4035	15292170
4036	15294236
4037	15294648
4038	15295284
4039	15295380
4040	15296222
4041	15297250
4042	15299794
4043	15301574
4044	15302878
4045	15304656
4046	15305000
4047	15306220
4048	15307262
4049	15307358
4050	15307412
4051	1530750
4052	15308470
4053	15308866
4054	15309684
4055	15310056
4056	15310862
4057	1531110
4058	15312050
4059	15312582
4060	15318366
4061	15320014
4062	15320334
4063	15320822
4064	15321740
4065	15323970
4066	15324092
4067	15325636
4068	15326590
4069	15329336
4070	15333644
4071	1533518
4072	15335816
4073	15336482
4074	15337762
4075	15338096
4076	1533886
4077	15340398
4078	15342106
4079	15343360
4080	15343364
4081	15344730
4082	15345004
4083	15345616
4084	15346670
4085	15346818
4086	15346938
4087	15350464
4088	15352834
4089	15353546
4090	15355148
4091	15357094
4092	15361510
4093	15362116
4094	15362534
4095	15362896
4096	15362978
4097	15363436
4098	15364014
4099	15364336
4100	15366040
4101	1536690
4102	15367350
4103	1536838
4104	15368518
4105	15368712
4106	15370642
4107	15370776
4108	15372478
4109	15374412
4110	15375328
4111	15376548
4112	15377458
4113	15378956
4114	15381862
4115	15382786
4116	15384184
4117	15385292
4118	15385752
4119	15385840
4120	15387126
4121	15388158
4122	15389622
4123	15390138
4124	15391652
4125	15392332
4126	15392690
4127	15393470
4128	15394770
4129	15394960
4130	15399336
4131	15399962
4132	15400170
4133	15400752
4134	15401672
4135	15403304
4136	15403386
4137	15404722
4138	15405130
4139	15406640
4140	15408756
4141	15409098
4142	15410188
4143	15410746
4144	1541390
4145	15414344
4146	15414492
4147	15414710
4148	15415918
4149	15418212
4150	15418874
4151	1541950
4152	15421422
4153	15421862
4154	15422318
4155	15424690
4156	15426176
4157	15427146
4158	15430244
4159	15430644
4160	1543146
4161	15433968
4162	15438882
4163	1544078
4164	15441556
4165	15441672
4166	15442386
4167	15446950
4168	15447824
4169	15448394
4170	15449622
4171	1545190
4172	15452554
4173	15452822
4174	15454032
4175	15454128
4176	1545440
4177	15454860
4178	1545590
4179	15458108
4180	15459088
4181	15460126
4182	15462064
4183	15463672
4184	15464940
4185	1546510
4186	15465764
4187	15467402
4188	15467536
4189	15467754
4190	15468530
4191	15469516
4192	15470148
4193	15470534
4194	15471842
4195	15472544
4196	15472550
4197	15473138
4198	15476134
4199	15476740
4200	15477368
4201	15482150
4202	15483682
4203	15485098
4204	1548568
4205	15486242
4206	15487026
4207	15487234
4208	15487236
4209	15487568
4210	15490326
4211	1549190
4212	15493098
4213	15493522
4214	15494078
4215	15496112
4216	15497340
4217	1549746
4218	15498910
4219	15498988
4220	15499476
4221	15499630
4222	15500612
4223	1550178
4224	15504456
4225	15504764
4226	15507122
4227	15510410
4228	15510998
4229	15512136
4230	15512952
4231	15513884
4232	15514376
4233	15515548
4234	1551786
4235	15521662
4236	15522370
4237	15523976
4238	15525428
4239	15527834
4240	15528196
4241	15528222
4242	15531664
4243	15533008
4244	15533030
4245	15534606
4246	15536642
4247	15538846
4248	15540034
4249	15541832
4250	15543344
4251	15546782
4252	15547702
4253	15548288
4254	15548448
4255	15548628
4256	15549348
4257	15552972
4258	1555336
4259	15553362
4260	15556490
4261	15557572
4262	15558502
4263	15559438
4264	15560354
4265	15561190
4266	15561564
4267	15563508
4268	15563618
4269	15564518
4270	15564956
4271	15569070
4272	15570726
4273	15571492
4274	15572134
4275	15573878
4276	15576138
4277	15579194
4278	15580076
4279	15580504
4280	15582312
4281	15582656
4282	155878
4283	15588196
4284	15588276
4285	15589082
4286	15589404
4287	15589462
4288	15590222
4289	15593248
4290	15593514
4291	15593596
4292	15594072
4293	15594920
4294	1559670
4295	15597874
4296	15604064
4297	15604410
4298	15606470
4299	15610068
4300	15611152
4301	15611496
4302	15613304
4303	15614012
4304	15615034
4305	15616142
4306	15619478
4307	15619586
4308	15622528
4309	15623798
4310	1562544
4311	1562550
4312	15628068
4313	1562916
4314	15630334
4315	15630504
4316	15631550
4317	15632506
4318	15633754
4319	15635986
4320	15639944
4321	15640020
4322	15640056
4323	15641272
4324	15642228
4325	15645312
4326	15647464
4327	15647714
4328	15649506
4329	15650106
4330	1565016
4331	15651418
4332	15652500
4333	15653974
4334	15654994
4335	15655152
4336	15657692
4337	15659070
4338	156593
4339	15661470
4340	15662574
4341	15664754
4342	15673420
4343	15674992
4344	15677044
4345	15680704
4346	15681592
4347	15681598
4348	15681814
4349	15682700
4350	15683192
4351	15683694
4352	15683806
4353	15686102
4354	15688500
4355	1568860
4356	1568926
4357	15690538
4358	15691036
4359	15692034
4360	15693630
4361	15693964
4362	15700884
4363	15700920
4364	15701292
4365	15702116
4366	15703786
4367	15703934
4368	15704794
4369	15708054
4370	15711456
4371	15713896
4372	15714408
4373	15716030
4374	15720592
4375	15721738
4376	15721792
4377	15724408
4378	15724414
4379	15724672
4380	15725254
4381	15727574
4382	15728306
4383	15730978
4384	15731480
4385	15732062
4386	15732774
4387	15735634
4388	15737898
4389	15741220
4390	15742402
4391	15743204
4392	15744960
4393	1574512
4394	15745712
4395	15746554
4396	15747494
4397	15748282
4398	1575072
4399	15752670
4400	15752696
4401	157536
4402	15755742
4403	15756510
4404	15756686
4405	15757452
4406	15760582
4407	15763582
4408	1576406
4409	15764432
4410	15765772
4411	15766514
4412	1576842
4413	15769566
4414	15769622
4415	15771958
4416	1577240
4417	15772664
4418	15773160
4419	15773248
4420	15775364
4421	15776824
4422	15778078
4423	15780090
4424	15781368
4425	15781376
4426	15785284
4427	15785984
4428	15789630
4429	15791074
4430	15793262
4431	15793460
4432	15794296
4433	15794762
4434	15795016
4435	15795354
4436	15796598
4437	15797566
4438	15798144
4439	15799238
4440	15799998
4441	15800214
4442	15800922
4443	15800970
4444	15801024
4445	15801212
4446	15802958
4447	15803308
4448	15803874
4449	15804056
4450	15804528
4451	15806822
4452	15814468
4453	1581580
4454	15815962
4455	15815998
4456	15816656
4457	15818638
4458	15819216
4459	15819704
4460	15820062
4461	15820536
4462	15822302
4463	15824320
4464	15825182
4465	15825952
4466	158260
4467	15828912
4468	15830734
4469	15831214
4470	15832052
4471	15832572
4472	158332
4473	15833408
4474	15834310
4475	15834700
4476	15835674
4477	15836386
4478	15837978
4479	15838006
4480	15838022
4481	158385
4482	15838518
4483	15839722
4484	15840114
4485	15840538
4486	15840766
4487	15842760
4488	15842830
4489	1584490
4490	15845410
4491	15846374
4492	15846378
4493	15847650
4494	1584830
4495	15850930
4496	15850942
4497	15851292
4498	15851348
4499	15853180
4500	15853282
4501	15853994
4502	15858038
4503	15860016
4504	15860412
4505	15863310
4506	158637
4507	15864694
4508	15867228
4509	15867698
4510	15867870
4511	15868848
4512	15869338
4513	15869872
4514	15870440
4515	15872566
4516	15872770
4517	15873134
4518	15873226
4519	15873592
4520	1587404
4521	15874130
4522	1587604
4523	15876822
4524	15879606
4525	1588428
4526	15884610
4527	15885682
4528	158884
4529	15891074
4530	15892342
4531	15892774
4532	15894992
4533	15895048
4534	15895512
4535	1589720
4536	15898250
4537	15898412
4538	15899134
4539	15900280
4540	15900384
4541	1590130
4542	15902178
4543	1590312
4544	15904074
4545	15906344
4546	15908334
4547	15908836
4548	15909454
4549	15909642
4550	15910550
4551	15910642
4552	159110
4553	15912324
4554	15914632
4555	15915376
4556	15916358
4557	15916568
4558	1591684
4559	15917668
4560	15926668
4561	15928508
4562	15928554
4563	15930012
4564	15930372
4565	15931438
4566	15932084
4567	15932714
4568	15933188
4569	15934446
4570	15936306
4571	15936516
4572	15936884
4573	15937012
4574	15940600
4575	15941048
4576	15941810
4577	15943812
4578	15944906
4579	15945550
4580	15945578
4581	1594858
4582	15949082
4583	15949090
4584	15949828
4585	15950324
4586	15950706
4587	15951696
4588	15954600
4589	15956416
4590	15957196
4591	15957962
4592	15958516
4593	1596156
4594	15963132
4595	15966426
4596	15966610
4597	15969174
4598	15970888
4599	159714
4600	15973444
4601	15974126
4602	159754
4603	15977082
4604	15978800
4605	15978856
4606	15979122
4607	15982574
4608	15984794
4609	1598574
4610	15987472
4611	15990072
4612	15990268
4613	15990346
4614	15991520
4615	15992840
4616	15993244
4617	15993964
4618	15994830
4619	15995074
4620	15997388
4621	15997644
4622	15998176
4623	15998542
4624	16000462
4625	16000698
4626	16001196
4627	16002232
4628	16004102
4629	16005108
4630	16005748
4631	16006138
4632	16008230
4633	16008394
4634	16011772
4635	16012804
4636	16013466
4637	16014218
4638	16014762
4639	16015112
4640	16020284
4641	16021620
4642	16023126
4643	16025410
4644	16025588
4645	16026012
4646	16026430
4647	16026914
4648	16028484
4649	16028640
4650	16029524
4651	16029604
4652	16031058
4653	16031508
4654	16032072
4655	16032398
4656	1603300
4657	16034064
4658	1603510
4659	16035436
4660	16035538
4661	16037776
4662	16038236
4663	16038876
4664	16040424
4665	16040498
4666	16043188
4667	16043552
4668	16046294
4669	16046960
4670	16049306
4671	16050126
4672	16052698
4673	16053292
4674	16054782
4675	16055606
4676	16059086
4677	16059884
4678	16060842
4679	16061976
4680	16062688
4681	16062918
4682	16064482
4683	16064638
4684	16065054
4685	16065310
4686	16067980
4687	16068688
4688	16070060
4689	16070516
4690	16073292
4691	16073776
4692	16074840
4693	16074982
4694	16075058
4695	16075878
4696	16076112
4697	16076404
4698	16077646
4699	16079602
4700	16083824
4701	16084728
4702	16085228
4703	16085514
4704	16091924
4705	16094080
4706	16095244
4707	16097242
4708	16101966
4709	16103350
4710	1610382
4711	16104618
4712	16105118
4713	16105530
4714	16107628
4715	1610770
4716	16108166
4717	16108394
4718	16112892
4719	16113810
4720	16114034
4721	16115500
4722	1611602
4723	16118280
4724	16118594
4725	16119420
4726	16120346
4727	16120360
4728	16121554
4729	16122994
4730	16123186
4731	16123560
4732	16126244
4733	1612744
4734	16127944
4735	16129116
4736	161315
4737	16132638
4738	16134598
4739	16134902
4740	16137976
4741	16138402
4742	16138578
4743	16138812
4744	16143960
4745	16144188
4746	16145552
4747	16146626
4748	16147966
4749	16151206
4750	16152114
4751	16153046
4752	16154060
4753	16154616
4754	16156142
4755	16156256
4756	16157084
4757	16158092
4758	16158244
4759	16159634
4760	16162132
4761	16166930
4762	16167004
4763	16167528
4764	16167974
4765	16169390
4766	16170790
4767	16173056
4768	16174176
4769	16177244
4770	16177344
4771	16177350
4772	16177946
4773	16178016
4774	16178038
4775	16178992
4776	16179812
4777	16180292
4778	16181548
4779	16181632
4780	16181758
4781	16182920
4782	16185192
4783	161863
4784	16188310
4785	16191072
4786	161919
4787	16192544
4788	16193746
4789	16193976
4790	16194088
4791	16196612
4792	1619762
4793	16197984
4794	1619922
4795	16200102
4796	16201218
4797	16201918
4798	16202278
4799	16202474
4800	16203216
4801	162035
4802	16204480
4803	16205768
4804	16209062
4805	16212216
4806	16212386
4807	16212984
4808	16213858
4809	16214866
4810	16215886
4811	16216064
4812	16216130
4813	16216444
4814	162179
4815	16218880
4816	16219058
4817	16222522
4818	16222736
4819	16223410
4820	16224984
4821	16226720
4822	16228588
4823	16229020
4824	16229658
4825	16230444
4826	16231414
4827	16231824
4828	16232250
4829	16232508
4830	16234898
4831	16235954
4832	16236348
4833	16237146
4834	16237420
4835	16240256
4836	16241316
4837	16243940
4838	16245060
4839	16246226
4840	162468
4841	16248340
4842	16253032
4843	16254822
4844	16255052
4845	16255472
4846	16257008
4847	16259142
4848	16259940
4849	16261332
4850	16262470
4851	16266286
4852	16266618
4853	16270240
4854	16270802
4855	16271478
4856	16272236
4857	16275154
4858	16275192
4859	16275386
4860	16276384
4861	16277440
4862	16278812
4863	16279460
4864	16280012
4865	16280250
4866	16280734
4867	16281352
4868	16283414
4869	16284994
4870	16287366
4871	16287720
4872	16288898
4873	16290896
4874	16291234
4875	16293720
4876	16294362
4877	16295334
4878	16296080
4879	16296246
4880	16297988
4881	16298354
4882	16298552
4883	16299068
4884	16299614
4885	16301152
4886	1630130
4887	16301662
4888	16302008
4889	16302982
4890	16303110
4891	16305072
4892	16305844
4893	16307614
4894	16308332
4895	16309084
4896	16310250
4897	16310602
4898	16310860
4899	16313554
4900	16321480
4901	16321726
4902	16321734
4903	16322280
4904	16322482
4905	16325898
4906	1632662
4907	16327994
4908	16328230
4909	16329210
4910	16329214
4911	16330102
4912	16330746
4913	16331846
4914	16331870
4915	16332720
4916	16334404
4917	16334530
4918	16335372
4919	16335852
4920	16336528
4921	16336776
4922	16336916
4923	16340608
4924	16340884
4925	16344074
4926	16345006
4927	16347146
4928	16347722
4929	16348558
4930	16351184
4931	16354124
4932	16356764
4933	16358638
4934	16359560
4935	16361610
4936	16362140
4937	16362852
4938	16364316
4939	16365204
4940	16365376
4941	16365594
4942	16365634
4943	16368750
4944	16373766
4945	16373972
4946	16375136
4947	16377870
4948	16381214
4949	16381592
4950	16384898
4951	16385648
4952	16385730
4953	16386694
4954	16386770
4955	16389210
4956	16391312
4957	16400804
4958	16401040
4959	16405048
4960	16408344
4961	16409600
4962	16411328
4963	16413690
4964	16415216
4965	16422382
4966	16423866
4967	16426310
4968	16430538
4969	164320
4970	16435390
4971	16436838
4972	16436926
4973	16440140
4974	16442088
4975	16442632
4976	16443938
4977	16445062
4978	16445546
4979	16445616
4980	164461
4981	16448616
4982	16451642
4983	16454728
4984	16456392
4985	16458738
4986	16459358
4987	16459366
4988	16460632
4989	16460892
4990	16462682
4991	16462944
4992	16463184
4993	16464972
4994	16465662
4995	16466700
4996	16466806
4997	16467466
4998	16469610
4999	16470754
5000	16471830
5001	16472414
5002	16473144
5003	16473620
5004	16475066
5005	16476892
5006	16477012
5007	16477390
5008	16478250
5009	16479710
5010	16481174
5011	16481550
5012	16481830
5013	16481920
5014	16482432
5015	16482646
5016	16482998
5017	16483410
5018	16484104
5019	1648446
5020	16485582
5021	16487710
5022	16488956
5023	16488986
5024	16489390
5025	16490776
5026	16491270
5027	16491854
5028	16491904
5029	16492698
5030	16493228
5031	16494396
5032	16494610
5033	16498020
5034	16498294
5035	16498678
5036	16499490
5037	16499796
5038	16501050
5039	16502084
5040	16507036
5041	16508944
5042	16509542
5043	16510434
5044	16512660
5045	16512970
5046	16513004
5047	16514440
5048	16514678
5049	16515886
5050	16516304
5051	16517420
5052	16518212
5053	16518368
5054	16519878
5055	16522636
5056	16527974
5057	16528952
5058	16530780
5059	16531296
5060	16531358
5061	16532784
5062	16533150
5063	16533424
5064	16535876
5065	16537144
5066	16538618
5067	16538762
5068	16540446
5069	16540854
5070	16541666
5071	16541680
5072	16542606
5073	16542784
5074	16542920
5075	16543812
5076	16544444
5077	16546250
5078	16547130
5079	165482
5080	16550076
5081	16551456
5082	16554586
5083	16555730
5084	16555972
5085	16556032
5086	16557512
5087	16557572
5088	16558560
5089	1656036
5090	16560528
5091	165606
5092	1656314
5093	16563412
5094	16567190
5095	16567582
5096	16568274
5097	16573492
5098	16576174
5099	16576402
5100	16577022
5101	16580984
5102	16582350
5103	16584086
5104	16585706
5105	16589386
5106	16590210
5107	16592810
5108	16594044
5109	16595688
5110	16596930
5111	16596962
5112	16597080
5113	16597524
5114	16598692
5115	16599920
5116	16600258
5117	16600266
5118	16601702
5119	16601918
5120	16602318
5121	16605346
5122	1660618
5123	16606840
5124	16607906
5125	16607990
5126	16608022
5127	1661144
5128	16612228
5129	16613196
5130	16613448
5131	1661376
5132	16613972
5133	16616824
5134	16617168
5135	16617298
5136	16617608
5137	16619868
5138	16620754
5139	16621784
5140	16621838
5141	16623638
5142	16625732
5143	16627454
5144	16627614
5145	16627642
5146	166282
5147	16628376
5148	16628544
5149	16630496
5150	16630848
5151	16635514
5152	16635608
5153	16635996
5154	16638268
5155	16638562
5156	16638686
5157	16639528
5158	1664098
5159	16643020
5160	1664342
5161	16644004
5162	16645914
5163	16646578
5164	16648248
5165	16648302
5166	1664914
5167	16650810
5168	16652306
5169	16654242
5170	16654918
5171	16655894
5172	16656586
5173	16658130
5174	16660902
5175	16661366
5176	16661450
5177	16661662
5178	1666656
5179	16666694
5180	16666704
5181	16668954
5182	16670244
5183	16670656
5184	16673438
5185	16673854
5186	16674494
5187	16676488
5188	16677442
5189	16678342
5190	16678724
5191	16678758
5192	16679632
5193	16680542
5194	16682044
5195	16683156
5196	1668368
5197	16683740
5198	16685566
5199	16686304
5200	16687892
5201	16689106
5202	16689382
5203	16689506
5204	16696070
5205	1669658
5206	16697154
5207	16697474
5208	16697502
5209	16701070
5210	16703208
5211	16703710
5212	16703860
5213	16703942
5214	16706158
5215	16706842
5216	16708974
5217	16709412
5218	16709450
5219	16710514
5220	16710726
5221	16712082
5222	16712614
5223	16712660
5224	16713276
5225	16715298
5226	16716204
5227	16716874
5228	16716980
5229	16717230
5230	16717856
5231	16720520
5232	16720600
5233	16721636
5234	16722706
5235	16723932
5236	16724906
5237	16726708
5238	16727806
5239	16729610
5240	16730090
5241	16730148
5242	16730850
5243	16734016
5244	16735234
5245	16736330
5246	1673664
5247	16736780
5248	16738280
5249	16738654
5250	16739432
5251	16739620
5252	16741162
5253	16741360
5254	16741612
5255	16742708
5256	16743492
5257	16743720
5258	16744718
5259	16745486
5260	16745574
5261	16747702
5262	16748136
5263	16748738
5264	16748782
5265	16748932
5266	16750026
5267	16750110
5268	16751438
5269	16751978
5270	16752614
5271	16753308
5272	1675520
5273	16763642
5274	16763956
5275	16765252
5276	16766354
5277	16767838
5278	16768216
5279	16770044
5280	16770202
5281	16770268
5282	16771372
5283	16771868
5284	16773028
5285	16773806
5286	16773852
5287	16773970
5288	16774532
5289	16777224
5290	16778582
5291	16781260
5292	16781608
5293	16781706
5294	16783072
5295	16786014
5296	16788304
5297	16788586
5298	16792762
5299	16794650
5300	16796610
5301	16801122
5302	16801172
5303	16803508
5304	16804680
5305	16806770
5306	16807398
5307	16808396
5308	16808866
5309	16811244
5310	16813732
5311	16814590
5312	16816676
5313	16817382
5314	16818342
5315	16820788
5316	16823638
5317	16824046
5318	16825370
5319	16825644
5320	16827062
5321	16828646
5322	16829062
5323	16829612
5324	16837158
5325	16837614
5326	16837716
5327	168378
5328	16838144
5329	16838472
5330	16839660
5331	16839976
5332	16841148
5333	16841440
5334	16842804
5335	16843042
5336	16843422
5337	16844982
5338	16845590
5339	16846762
5340	16847324
5341	16847870
5342	16852650
5343	16853316
5344	16853872
5345	16854202
5346	16854844
5347	16854998
5348	16855360
5349	16857362
5350	16858636
5351	16859430
5352	16859746
5353	16861102
5354	16862118
5355	16862834
5356	16863844
5357	16865210
5358	16865412
5359	16869568
5360	16871170
5361	16871218
5362	16871228
5363	1687312
5364	1687424
5365	16877208
5366	1687948
5367	16880062
5368	16883440
5369	16886992
5370	16888024
5371	16891130
5372	16893312
5373	16900052
5374	16900238
5375	16900882
5376	16901610
5377	16901674
5378	16902296
5379	16904410
5380	16905606
5381	16905644
5382	16907098
5383	16907832
5384	16909500
5385	16910886
5386	16912384
5387	16913130
5388	16914884
5389	16917492
5390	16918628
5391	16919242
5392	16920298
5393	16920732
5394	169280
5395	1692852
5396	16928732
5397	1692988
5398	16930716
5399	16931590
5400	1693320
5401	16933762
5402	16934882
5403	16936094
5404	16944252
5405	16944278
5406	16944906
5407	16945438
5408	169471
5409	16947386
5410	16947402
5411	16947488
5412	16947968
5413	16949406
5414	16950872
5415	16951500
5416	16952958
5417	16954102
5418	16954936
5419	16955374
5420	16957088
5421	16957126
5422	16958540
5423	16959300
5424	16960692
5425	1696090
5426	16961502
5427	16962192
5428	16962240
5429	16965752
5430	16966918
5431	16968378
5432	16968928
5433	16968934
5434	16969594
5435	1697170
5436	16974348
5437	16977386
5438	16977578
5439	16977666
5440	16977854
5441	16978470
5442	16986202
5443	16990290
5444	16992324
5445	16992332
5446	16992718
5447	16993592
5448	16995006
5449	16996784
5450	170006
5451	17001194
5452	17003636
5453	17003754
5454	17004150
5455	17005006
5456	17006260
5457	17006544
5458	17008934
5459	17008950
5460	1701100
5461	17011712
5462	17014828
5463	17015814
5464	17016558
5465	17021008
5466	17022954
5467	17023566
5468	17024740
5469	17025894
5470	17026560
5471	17027556
5472	17029722
5473	17034646
5474	17034884
5475	17035318
5476	17035538
5477	17036374
5478	17036418
5479	170388
5480	17039944
5481	17041228
5482	17041710
5483	17043128
5484	17044046
5485	17044388
5486	17044648
5487	17046124
5488	17047318
5489	17048194
5490	17052338
5491	17052640
5492	17054982
5493	17055954
5494	1705840
5495	17058984
5496	17059190
5497	17059440
5498	17060726
5499	17061312
5500	17061858
5501	17062006
5502	17062962
5503	17063840
5504	17066860
5505	17067338
5506	17067566
5507	17068442
5508	17071740
5509	17074378
5510	17074404
5511	17076690
5512	17077968
5513	17077986
5514	17078412
5515	1707952
5516	17079756
5517	17080176
5518	17080214
5519	17080226
5520	17083268
5521	17084322
5522	17084792
5523	17086086
5524	17086166
5525	17086344
5526	17087086
5527	17088336
5528	17089772
5529	17090960
5530	17093510
5531	17093650
5532	17096766
5533	17097612
5534	17099504
5535	17099632
5536	17102032
5537	17102244
5538	17102680
5539	17103662
5540	17104442
5541	17105026
5542	17108230
5543	17108818
5544	17108870
5545	17108956
5546	17109102
5547	17109536
5548	17111186
5549	17113708
5550	17115490
5551	1711666
5552	17118086
5553	1711978
5554	17121090
5555	17121288
5556	17121472
5557	1712214
5558	17123886
5559	17125518
5560	17126000
5561	17126092
5562	17127256
5563	17127522
5564	17128600
5565	17128820
5566	17129902
5567	17133318
5568	17137722
5569	17137994
5570	17138136
5571	17143150
5572	17145532
5573	17149996
5574	17151054
5575	17154894
5576	17155804
5577	17158498
5578	17158668
5579	17159948
5580	1716196
5581	17163858
5582	17165024
5583	17165680
5584	17167434
5585	17168466
5586	17169160
5587	17172984
5588	17174812
5589	17178474
5590	17180778
5591	17181598
5592	1718386
5593	17184128
5594	17184618
5595	17186040
5596	1718672
5597	17188662
5598	17190910
5599	17191144
5600	17192496
5601	17192604
5602	17194940
5603	17196034
5604	1719826
5605	17198330
5606	17202126
5607	1720248
5608	17203986
5609	17204288
5610	17204622
5611	17206882
5612	17207268
5613	17207406
5614	17207872
5615	17209002
5616	17209604
5617	17209672
5618	17211088
5619	17211538
5620	1721226
5621	17218102
5622	17218532
5623	17219398
5624	172211
5625	17223090
5626	17225218
5627	17225280
5628	17226232
5629	17226648
5630	17227102
5631	17227144
5632	17228138
5633	17229392
5634	17230730
5635	17232782
5636	17233456
5637	1723454
5638	17235460
5639	17236272
5640	17236478
5641	17237018
5642	17238476
5643	17238614
5644	17239896
5645	17241780
5646	17243418
5647	17244874
5648	17247812
5649	17248204
5650	17248328
5651	17248370
5652	17248812
5653	17253336
5654	17253720
5655	172594
5656	17259826
5657	17260790
5658	17261406
5659	1726150
5660	172622
5661	17266650
5662	17266670
5663	17267070
5664	17268786
5665	17270318
5666	17271564
5667	17273134
5668	17274974
5669	17276738
5670	1727824
5671	17279694
5672	17282612
5673	17286076
5674	172862
5675	17292204
5676	17292450
5677	17292548
5678	17293056
5679	17293082
5680	17294896
5681	17295954
5682	17295966
5683	17296332
5684	17296826
5685	17298160
5686	172987
5687	17299940
5688	17300654
5689	17300874
5690	17301968
5691	17302162
5692	17302746
5693	17303002
5694	17304234
5695	17305350
5696	17316256
5697	17316938
5698	17317026
5699	17318958
5700	17320304
5701	17320940
5702	17323180
5703	17323338
5704	17323604
5705	1732386
5706	17324552
5707	17324858
5708	1732528
5709	17325556
5710	17326524
5711	17326906
5712	17329066
5713	17332242
5714	17332364
5715	17332474
5716	17332702
5717	17333470
5718	173336
5719	17334126
5720	17337624
5721	17341860
5722	17341920
5723	17342626
5724	17345776
5725	17346004
5726	17348714
5727	17348768
5728	173522
5729	17352830
5730	17352832
5731	17356962
5732	17359310
5733	17360840
5734	17361056
5735	17362540
5736	17366454
5737	17368820
5738	17369388
5739	17370150
5740	17372550
5741	17372600
5742	17373624
5743	17376448
5744	17377266
5745	17377554
5746	17378208
5747	17378638
5748	17379422
5749	17383588
5750	17383738
5751	17385200
5752	17385588
5753	17386006
5754	17387154
5755	17389320
5756	17389458
5757	17389566
5758	17389706
5759	17391154
5760	17391234
5761	17392678
5762	17395067
5763	17395215
5764	17395681
5765	17396254
5766	17396992
5767	173976
5768	1739846
5769	17400016
5770	17401200
5771	17402706
5772	17402924
5773	17404164
5774	17406262
5775	17407224
5776	17407888
5777	17409042
5778	17409240
5779	17409388
5780	17410056
5781	17410420
5782	17411810
5783	17413208
5784	17416144
5785	17417956
5786	17421196
5787	17423026
5788	17425720
5789	17426176
5790	17427314
5791	17430306
5792	17431670
5793	17436822
5794	17437052
5795	17437324
5796	1743768
5797	17437872
5798	17438388
5799	17438860
5800	17440314
5801	17440652
5802	17440818
5803	17441072
5804	17441350
5805	17442816
5806	17443600
5807	17443886
5808	17444100
5809	17444960
5810	17445400
5811	17446436
5812	17446478
5813	17446842
5814	17449826
5815	17450010
5816	17450312
5817	17450926
5818	17454782
5819	17455544
5820	17455640
5821	17456572
5822	17457148
5823	17457164
5824	17457192
5825	17457362
5826	1745952
5827	17460998
5828	17461078
5829	17463368
5830	17463576
5831	17465224
5832	17468352
5833	17469540
5834	17470960
5835	17470968
5836	17471086
5837	17473708
5838	17474054
5839	17477108
5840	17477998
5841	17480386
5842	17483066
5843	17483698
5844	17484100
5845	17484456
5846	17484752
5847	17487428
5848	174879
5849	17489340
5850	17489848
5851	17490294
5852	17490438
5853	17491866
5854	17493636
5855	17496872
5856	17497660
5857	17498900
5858	17501566
5859	17501938
5860	17503064
5861	17503612
5862	17503806
5863	17504012
5864	17504146
5865	17505304
5866	17506186
5867	17506396
5868	17508762
5869	17508866
5870	17511600
5871	17511748
5872	17513456
5873	17514782
5874	17515256
5875	17517336
5876	17519908
5877	17522292
5878	17524674
5879	17526328
5880	175264
5881	17526472
5882	17528880
5883	17529264
5884	17529606
5885	1753016
5886	17530542
5887	17530882
5888	17537608
5889	17538624
5890	17539808
5891	17541014
5892	17541924
5893	17542050
5894	17543766
5895	17544058
5896	17544258
5897	17546272
5898	17547922
5899	17547976
5900	17551446
5901	17553018
5902	17554570
5903	17555092
5904	1755800
5905	17560118
5906	17561348
5907	17564506
5908	17564624
5909	17565314
5910	17567464
5911	17570022
5912	17570316
5913	17570484
5914	17571400
5915	17571798
5916	17571822
5917	17574972
5918	17577806
5919	17581924
5920	17582630
5921	17582992
5922	1758472
5923	17585962
5924	17586614
5925	17587878
5926	17587924
5927	17588204
5928	1758904
5929	17589810
5930	17590124
5931	17592782
5932	17594416
5933	17594680
5934	17595150
5935	17600864
5936	17601870
5937	17602384
5938	17603376
5939	17603470
5940	17603928
5941	17604530
5942	17607454
5943	17614980
5944	17618326
5945	17618672
5946	17619350
5947	17619778
5948	17622470
5949	17622772
5950	17622948
5951	17625698
5952	17626642
5953	1762680
5954	17627198
5955	17627410
5956	17628972
5957	17631716
5958	1763206
5959	17632392
5960	17635454
5961	1763638
5962	17637000
5963	17637244
5964	176381
5965	17639466
5966	17642796
5967	17643160
5968	17643452
5969	176447
5970	1764470
5971	176461
5972	17646368
5973	17648598
5974	17650116
5975	17651700
5976	17653616
5977	17654122
5978	17655682
5979	1765698
5980	17657148
5981	1765738
5982	17657474
5983	17658378
5984	17660058
5985	17660196
5986	17661880
5987	1766236
5988	17662658
5989	17664802
5990	17665794
5991	176670
5992	17669056
5993	17669760
5994	17670228
5995	17672258
5996	17674908
5997	17675426
5998	17676978
5999	17677000
6000	17677428
6001	17678282
6002	17678644
6003	17678708
6004	17678792
6005	17678978
6006	17679078
6007	176795
6008	17679688
6009	17680362
6010	17681080
6011	17683420
6012	17684330
6013	17686678
6014	17687842
6015	17688938
6016	17689098
6017	17692214
6018	17692354
6019	17694316
6020	17699646
6021	17701832
6022	17701934
6023	17702256
6024	17702516
6025	17702558
6026	17702696
6027	17704088
6028	17705788
6029	17706178
6030	17708256
6031	17710118
6032	17710670
6033	17711340
6034	17712010
6035	17712834
6036	17714660
6037	1771606
6038	17716268
6039	17717690
6040	17719694
6041	17720444
6042	17721618
6043	17722372
6044	17727588
6045	17727830
6046	17729312
6047	17731130
6048	1773134
6049	17732210
6050	17733520
6051	17733858
6052	17734916
6053	17736384
6054	17736458
6055	17736536
6056	17736638
6057	17736868
6058	17738762
6059	17739654
6060	17739802
6061	17740094
6062	1774262
6063	17744226
6064	1774430
6065	17745152
6066	17745502
6067	17745528
6068	1774606
6069	17746508
6070	17746922
6071	177470
6072	17747426
6073	17748346
6074	17748844
6075	17749346
6076	17749412
6077	17749510
6078	17750236
6079	1775096
6080	17752046
6081	17752268
6082	17753558
6083	17753588
6084	17754492
6085	17754890
6086	17754896
6087	17754936
6088	17755260
6089	17755644
6090	17755776
6091	17755832
6092	17756032
6093	17756706
6094	17756896
6095	17756950
6096	1775706
6097	17757476
6098	17757688
6099	17759650
6100	17760060
6101	177607
6102	17760802
6103	17761654
6104	17762082
6105	17762196
6106	17763184
6107	17763296
6108	17763438
6109	17763768
6110	17764034
6111	17764930
6112	17765052
6113	17765142
6114	17765192
6115	17766042
6116	17766924
6117	17767686
6118	17768488
6119	17769680
6120	17771990
6121	17772812
6122	17773192
6123	17774206
6124	17776274
6125	17777350
6126	17778774
6127	17778978
6128	17779896
6129	17780526
6130	17781766
6131	17782372
6132	17783642
6133	17784118
6134	17784262
6135	17786796
6136	17787274
6137	17790426
6138	17790526
6139	17791324
6140	17791486
6141	17791564
6142	1779252
6143	17792838
6144	17794086
6145	17797166
6146	17797224
6147	17798202
6148	17798486
6149	177986
6150	17799506
6151	17801190
6152	17801252
6153	17801392
6154	17802540
6155	17804162
6156	17804722
6157	17806112
6158	17807108
6159	17807650
6160	17808728
6161	17810920
6162	17811372
6163	17812054
6164	17812144
6165	1781480
6166	17816528
6167	17817196
6168	17817298
6169	17817424
6170	17820078
6171	17820424
6172	17824078
6173	17824904
6174	17825682
6175	17825844
6176	17827614
6177	17829166
6178	17830006
6179	17830944
6180	17831206
6181	1783312
6182	17833480
6183	17834208
6184	1783532
6185	17835886
6186	17836322
6187	17836640
6188	17837952
6189	1783836
6190	17838502
6191	17839842
6192	17840516
6193	17840602
6194	17840628
6195	17841248
6196	17841648
6197	17842240
6198	17845278
6199	17845832
6200	17848000
6201	17848288
6202	17849426
6203	17849440
6204	17849606
6205	17849738
6206	17849774
6207	17850600
6208	17850650
6209	1785102
6210	17851630
6211	17851750
6212	17851780
6213	17851998
6214	17853318
6215	17853720
6216	17853826
6217	17855082
6218	17856294
6219	17856904
6220	17856972
6221	17857376
6222	17857812
6223	17858494
6224	178620
6225	17862048
6226	17863004
6227	17863802
6228	17867044
6229	17869838
6230	17872576
6231	17873116
6232	17873760
6233	17875926
6234	17877020
6235	1787804
6236	17878332
6237	17879602
6238	17880954
6239	1788104
6240	17881576
6241	17881674
6242	17882146
6243	17883598
6244	17883698
6245	17884036
6246	17885104
6247	17886286
6248	17886534
6249	17888198
6250	17889644
6251	17890938
6252	17891270
6253	17893288
6254	17895438
6255	17895642
6256	17896386
6257	17897456
6258	17897808
6259	17898754
6260	17899606
6261	17899820
6262	17900484
6263	17901776
6264	17902440
6265	17903818
6266	17904376
6267	17904736
6268	17904782
6269	17906402
6270	17907808
6271	1790886
6272	17911340
6273	17912688
6274	17913330
6275	17913396
6276	17916706
6277	17916794
6278	17916982
6279	17918680
6280	17919894
6281	17920126
6282	17920646
6283	17921420
6284	17922262
6285	17923132
6286	17923262
6287	17924538
6288	17926582
6289	17926932
6290	17926988
6291	17927022
6292	17927340
6293	17928308
6294	17928578
6295	17929924
6296	17931786
6297	17932042
6298	17933296
6299	17933332
6300	179337
6301	17935058
6302	17936114
6303	17937018
6304	179372
6305	17938770
6306	17940550
6307	17940718
6308	17940772
6309	17941124
6310	17942450
6311	17944888
6312	17946212
6313	17946224
6314	17947212
6315	17953764
6316	17953942
6317	17954258
6318	17955042
6319	17955080
6320	17955306
6321	17955386
6322	17957156
6323	17960676
6324	17961434
6325	17961542
6326	17961790
6327	17961816
6328	17962698
6329	17963662
6330	17965682
6331	17965862
6332	17966186
6333	17967186
6334	17967762
6335	17969666
6336	17969818
6337	17969928
6338	17970144
6339	17970234
6340	17970586
6341	17970744
6342	17973168
6343	17973348
6344	17974010
6345	17975094
6346	17976572
6347	17976806
6348	17979624
6349	17979894
6350	17981088
6351	17981294
6352	17982130
6353	17983774
6354	17985764
6355	17987012
6356	17987762
6357	17987828
6358	17989276
6359	1799080
6360	17991412
6361	17992700
6362	17993576
6363	17994866
6364	17995392
6365	179960
6366	17996270
6367	17997070
6368	17998394
6369	17998648
6370	17998650
6371	17999980
6372	18000328
6373	18000916
6374	18001556
6375	1800386
6376	18004180
6377	18005614
6378	18005656
6379	1800590
6380	18010688
6381	18013540
6382	18013988
6383	18014374
6384	1801514
6385	18015326
6386	18015522
6387	18016016
6388	18016074
6389	1801816
6390	18018354
6391	18018708
6392	18019054
6393	18019900
6394	18022128
6395	18023958
6396	18026516
6397	18026984
6398	18029288
6399	18029348
6400	18030078
6401	18030416
6402	18030602
6403	18030634
6404	18032118
6405	18032890
6406	18034626
6407	1803612
6408	18036322
6409	18037252
6410	18039046
6411	18040298
6412	18042754
6413	18042912
6414	18043212
6415	18043320
6416	18044486
6417	18045104
6418	18045318
6419	18046854
6420	18047206
6421	18048062
6422	18052922
6423	18053200
6424	18054160
6425	18055106
6426	18056638
6427	18057038
6428	18058742
6429	1805884
6430	18060290
6431	1806050
6432	18060766
6433	18061182
6434	18061480
6435	18061580
6436	180629
6437	18064522
6438	18064720
6439	18065336
6440	18066330
6441	18067328
6442	18068726
6443	18069464
6444	18070676
6445	18071644
6446	18071774
6447	18071878
6448	18073856
6449	18075688
6450	18075732
6451	18076162
6452	18076344
6453	1807776
6454	18078538
6455	18079974
6456	18080938
6457	18083286
6458	18083702
6459	18083792
6460	180843
6461	18084478
6462	180845
6463	18084806
6464	18085232
6465	18085648
6466	18085742
6467	18086572
6468	18087336
6469	18087420
6470	18087568
6471	18088208
6472	18088310
6473	18089940
6474	18090708
6475	18091884
6476	18092310
6477	18092822
6478	18092938
6479	18093116
6480	18095728
6481	18097206
6482	18098140
6483	18101876
6484	18103334
6485	1810472
6486	18104760
6487	18104908
6488	18105468
6489	18106066
6490	18106312
6491	18106694
6492	18107760
6493	18110436
6494	18111202
6495	18111394
6496	18111764
6497	18112072
6498	18112118
6499	18112948
6500	18114434
6501	18114750
6502	18115386
6503	18115948
6504	18118812
6505	18120100
6506	18120702
6507	18121440
6508	18121886
6509	18122018
6510	18127374
6511	18127394
6512	18127554
6513	18127806
6514	18128160
6515	18128640
6516	18129914
6517	18130902
6518	18131356
6519	18133388
6520	18135442
6521	18135730
6522	18136206
6523	18137190
6524	181384
6525	18139178
6526	18140510
6527	18142752
6528	18145212
6529	18146390
6530	18146530
6531	1814688
6532	18152580
6533	18155724
6534	18157820
6535	1815806
6536	18160528
6537	1816068
6538	18165354
6539	18165664
6540	18169908
6541	18172352
6542	18172356
6543	18172360
6544	18172690
6545	18174274
6546	1817782
6547	18179130
6548	18179338
6549	1818224
6550	181838
6551	18185812
6552	18186312
6553	18187288
6554	18188306
6555	181897
6556	18190768
6557	18190960
6558	18191198
6559	18192848
6560	18194608
6561	18194996
6562	1819500
6563	18198252
6564	18199060
6565	1819950
6566	18199622
6567	18206102
6568	18210698
6569	18212118
6570	18215912
6571	18216010
6572	182170
6573	18217246
6574	18217726
6575	18218766
6576	18219528
6577	18221476
6578	18221508
6579	18222308
6580	18222534
6581	182246
6582	1823294
6583	18237126
6584	18238048
6585	18238716
6586	182396
6587	18241556
6588	18242416
6589	18242758
6590	18243730
6591	18245884
6592	18247432
6593	18248212
6594	18249408
6595	18251222
6596	18252444
6597	18254864
6598	18260224
6599	18261318
6600	18262
6601	18262588
6602	18262596
6603	18262902
6604	18264796
6605	18265092
6606	18265842
6607	18266588
6608	18268398
6609	18272070
6610	18273902
6611	18274974
6612	18275754
6613	18277384
6614	18278804
6615	18280230
6616	18281644
6617	18281668
6618	18282874
6619	18282904
6620	18283016
6621	182849
6622	18291494
6623	18292230
6624	18293032
6625	18293338
6626	18294140
6627	18294694
6628	18296258
6629	18297114
6630	18297888
6631	18297946
6632	18300416
6633	18300582
6634	18301040
6635	18301308
6636	18305006
6637	18307462
6638	18309054
6639	1830926
6640	18309486
6641	18310746
6642	18311924
6643	18312000
6644	18315642
6645	18317760
6646	18319092
6647	18321756
6648	18323200
6649	18323692
6650	18324112
6651	18327052
6652	18328216
6653	18331978
6654	18332734
6655	18334994
6656	18336110
6657	18336176
6658	18336526
6659	18339302
6660	18342010
6661	18343562
6662	18344162
6663	18344566
6664	18345864
6665	18346468
6666	18346658
6667	18347850
6668	18351524
6669	18354360
6670	18355666
6671	18356864
6672	18357532
6673	18357548
6674	18358104
6675	18358770
6676	18359852
6677	18362940
6678	18364194
6679	18364352
6680	18365092
6681	18366276
6682	18366448
6683	18366596
6684	18367722
6685	18368780
6686	18369948
6687	18371584
6688	18372974
6689	18375248
6690	18380554
6691	18381442
6692	1838746
6693	18387946
6694	18389636
6695	18392644
6696	18393960
6697	18396490
6698	18399798
6699	18400080
6700	18401108
6701	18401710
6702	18404424
6703	184065
6704	18409640
6705	18411024
6706	18411712
6707	18412416
6708	18413992
6709	18415114
6710	18415330
6711	18419814
6712	18419852
6713	1842006
6714	18420164
6715	18420336
6716	18420682
6717	18421838
6718	18422743
6719	18422913
6720	18424376
6721	18426172
6722	18426938
6723	18427390
6724	18427460
6725	18427860
6726	1842898
6727	18431498
6728	18434862
6729	18436860
6730	18439936
6731	18440762
6732	18440934
6733	18441316
6734	18441786
6735	18442548
6736	18443184
6737	18443600
6738	18444066
6739	1844414
6740	18445856
6741	18445872
6742	1844628
6743	18447046
6744	18447188
6745	18451864
6746	1845228
6747	18454348
6748	18454546
6749	18455192
6750	18458620
6751	18460024
6752	18460524
6753	18461358
6754	18463102
6755	18465578
6756	18467610
6757	18467628
6758	18468082
6759	18469214
6760	18470312
6761	18470960
6762	184726
6763	18474858
6764	18475046
6765	18475242
6766	18475508
6767	18475540
6768	18475860
6769	18476764
6770	18477194
6771	1847752
6772	18480498
6773	18482482
6774	18484458
6775	18485942
6776	18485990
6777	18487038
6778	18488000
6779	184883
6780	18489104
6781	18490328
6782	18490470
6783	18491700
6784	18491990
6785	18492524
6786	18495070
6787	1849540
6788	18496754
6789	18500894
6790	18502740
6791	18503710
6792	18507328
6793	18512968
6794	18513016
6795	18517816
6796	18519152
6797	18519790
6798	18519920
6799	18520222
6800	18520364
6801	185216
6802	18522628
6803	18522986
6804	18523682
6805	18523862
6806	18524744
6807	185248
6808	18528292
6809	18529820
6810	18532214
6811	18532398
6812	18532724
6813	18535146
6814	18535412
6815	18536236
6816	18536534
6817	18536604
6818	18536864
6819	18537454
6820	18537514
6821	18538126
6822	18538234
6823	18538350
6824	18538580
6825	1854050
6826	18542794
6827	18542898
6828	18543240
6829	185433
6830	18544092
6831	18544286
6832	18544998
6833	18545712
6834	1854602
6835	18547168
6836	18548742
6837	18551798
6838	18551804
6839	18552332
6840	18552706
6841	18560302
6842	18560528
6843	1856076
6844	18561148
6845	18562472
6846	18563202
6847	18564898
6848	18566448
6849	18566836
6850	18569400
6851	18569448
6852	18569472
6853	1857074
6854	18572002
6855	18573474
6856	1857698
6857	18578042
6858	18580038
6859	18584616
6860	18585894
6861	18586380
6862	185865
6863	18586766
6864	185898
6865	18590714
6866	18592184
6867	18592730
6868	18593276
6869	18594318
6870	18596408
6871	18597698
6872	18598650
6873	18599516
6874	18600076
6875	18600990
6876	1860414
6877	1860460
6878	18604972
6879	18605178
6880	18606094
6881	18606108
6882	18607500
6883	18607574
6884	18608962
6885	18609812
6886	18610182
6887	186110
6888	18612910
6889	18613866
6890	18615858
6891	18616012
6892	18617238
6893	186188
6894	18618982
6895	18620638
6896	18620844
6897	18621952
6898	18622256
6899	18622502
6900	18622540
6901	18622816
6902	18623992
6903	1862418
6904	18627144
6905	18628904
6906	18629524
6907	18630780
6908	18631238
6909	18631986
6910	1863438
6911	18634758
6912	18635344
6913	18638442
6914	18638988
6915	18639138
6916	18639890
6917	1864162
6918	18642288
6919	18644622
6920	18646730
6921	18648570
6922	18650868
6923	18651674
6924	18655534
6925	18656082
6926	18656246
6927	18656857
6928	18657204
6929	18658698
6930	18659506
6931	18659978
6932	18660924
6933	18661216
6934	18663464
6935	18663684
6936	18663952
6937	18665538
6938	18667128
6939	18670958
6940	18671544
6941	18672138
6942	18672380
6943	18675388
6944	18676690
6945	18678124
6946	18679326
6947	1868392
6948	18684912
6949	18685232
6950	1868652
6951	18689076
6952	18689456
6953	18689854
6954	18694184
6955	18695050
6956	18696150
6957	18697448
6958	18697450
6959	1870072
6960	18700884
6961	18702110
6962	18705130
6963	18705574
6964	18705672
6965	187066
6966	18707566
6967	18708394
6968	18708924
6969	18709768
6970	1871084
6971	18712066
6972	1871224
6973	18712596
6974	18713374
6975	18713910
6976	18714100
6977	18714334
6978	18714798
6979	18714970
6980	18717256
6981	187183
6982	18719604
6983	18719996
6984	18722186
6985	18722746
6986	1872374
6987	18724140
6988	18725182
6989	18726316
6990	18727916
6991	18728360
6992	18728434
6993	18728486
6994	18728774
6995	18729902
6996	18730406
6997	1873178
6998	18734416
6999	18734946
7000	18736940
7001	18737528
7002	18737896
7003	18739220
7004	18741156
7005	18742354
7006	18742586
7007	18745192
7008	18745580
7009	18748178
7010	18748496
7011	18750164
7012	18750752
7013	18751898
7014	18754262
7015	1875546
7016	18756800
7017	18765022
7018	18766110
7019	18766358
7020	18766502
7021	187670
7022	18767324
7023	18769222
7024	18771270
7025	18771598
7026	18773316
7027	18774748
7028	18779324
7029	1877970
7030	18779842
7031	18780962
7032	18780982
7033	18781668
7034	18781682
7035	18781838
7036	18782360
7037	18783904
7038	18784142
7039	18785710
7040	18787042
7041	18787666
7042	18787718
7043	1878850
7044	18789282
7045	18791980
7046	18792492
7047	18793776
7048	1879466
7049	18794890
7050	18798254
7051	18805074
7052	18805814
7053	18808410
7054	18810262
7055	18811854
7056	18812814
7057	18817806
7058	18818006
7059	18819198
7060	18820558
7061	18821120
7062	18821886
7063	18822212
7064	18822466
7065	18824050
7066	18824732
7067	18825920
7068	1882650
7069	18828108
7070	18828212
7071	18829454
7072	18830194
7073	18830240
7074	18833198
7075	18836740
7076	18837562
7077	18837802
7078	18839232
7079	18839772
7080	1884148
7081	18842582
7082	188451
7083	18845694
7084	18848648
7085	18849168
7086	18849280
7087	1884974
7088	18850450
7089	18851480
7090	18851860
7091	18853138
7092	18853308
7093	18854072
7094	18854652
7095	18855714
7096	18856378
7097	188569
7098	18858170
7099	18858626
7100	18858742
7101	18859892
7102	18860284
7103	18860524
7104	18860616
7105	18863806
7106	18863974
7107	18867368
7108	18868032
7109	18868126
7110	18868720
7111	1887260
7112	1887488
7113	18875566
7114	18876392
7115	18877952
7116	18877986
7117	18878538
7118	18878874
7119	18879702
7120	18879880
7121	18880282
7122	1888054
7123	18880664
7124	18881796
7125	18883100
7126	18885148
7127	18886474
7128	18887284
7129	1888746
7130	18887902
7131	18888184
7132	18889038
7133	18892720
7134	18892934
7135	1889322
7136	18893634
7137	18893714
7138	18893980
7139	18895050
7140	1889506
7141	18895686
7142	18896010
7143	18896328
7144	18896382
7145	18899508
7146	18900718
7147	18900820
7148	1890104
7149	18905644
7150	18906372
7151	18907486
7152	1890802
7153	18908106
7154	18909260
7155	18916844
7156	18918216
7157	18919478
7158	18920496
7159	18923028
7160	18928254
7161	18929152
7162	18931092
7163	18931816
7164	189322
7165	189325
7166	1893262
7167	18936228
7168	18937038
7169	18937670
7170	18938520
7171	18939370
7172	18939590
7173	18941722
7174	18943416
7175	18945040
7176	1894678
7177	18947290
7178	189473
7179	18948340
7180	189486
7181	18952064
7182	18952524
7183	18952718
7184	18953816
7185	18957198
7186	18957610
7187	18958142
7188	18959314
7189	18961712
7190	18965384
7191	18965776
7192	18966866
7193	18968376
7194	189689
7195	18969716
7196	18969874
7197	18969896
7198	18970316
7199	18970766
7200	189714
7201	18972004
7202	18972576
7203	18974224
7204	18974824
7205	18974876
7206	18975838
7207	1897786
7208	18978398
7209	18981516
7210	18982212
7211	18982246
7212	18982472
7213	18986976
7214	18987958
7215	18990768
7216	18990828
7217	18991060
7218	18991660
7219	18993806
7220	18994480
7221	18995342
7222	18998388
7223	1899958
7224	18999674
7225	1900268
7226	19003166
7227	19003518
7228	19004654
7229	19006788
7230	19007942
7231	19010048
7232	19014890
7233	1901626
7234	19018518
7235	19018888
7236	19019568
7237	19019884
7238	19020280
7239	19021738
7240	19021772
7241	19023266
7242	19023628
7243	19023976
7244	19024134
7245	19024662
7246	19025238
7247	19027192
7248	19027702
7249	19029416
7250	19029514
7251	19029620
7252	19029730
7253	19031120
7254	19033468
7255	19033702
7256	19034508
7257	19035348
7258	19036090
7259	19036798
7260	19037792
7261	19038060
7262	19039858
7263	19040670
7264	19041064
7265	19041694
7266	19041702
7267	19045198
7268	19046760
7269	19049156
7270	19049460
7271	19050044
7272	19051370
7273	19052270
7274	19052602
7275	1905580
7276	19056122
7277	19056706
7278	19057578
7279	19058200
7280	19059318
7281	19059928
7282	1906170
7283	19063666
7284	19066218
7285	1906664
7286	19067382
7287	19067774
7288	19069662
7289	19069994
7290	19071416
7291	19072566
7292	19073066
7293	19073856
7294	19077012
7295	19077894
7296	19078480
7297	19078566
7298	19078866
7299	190799
7300	19080226
7301	19081420
7302	19081562
7303	19081768
7304	19081802
7305	19082032
7306	19082116
7307	19082940
7308	19083368
7309	19084688
7310	19085030
7311	19085362
7312	19086048
7313	19087672
7314	19087852
7315	19087962
7316	19088116
7317	19089814
7318	19091328
7319	19091884
7320	19093058
7321	19093232
7322	19093976
7323	19095214
7324	19095574
7325	19097140
7326	19097400
7327	19098270
7328	19100068
7329	19100542
7330	19100658
7331	19101070
7332	19102842
7333	19103868
7334	1910390
7335	19104124
7336	19105254
7337	19105534
7338	19105644
7339	1910596
7340	19107338
7341	19107340
7342	19107872
7343	19108410
7344	19110134
7345	19113172
7346	19113480
7347	19113510
7348	19113978
7349	19115104
7350	19115546
7351	19115794
7352	19116404
7353	19116612
7354	19117030
7355	19117498
7356	19117568
7357	19119110
7358	19119196
7359	19120160
7360	19120276
7361	19120362
7362	19120406
7363	19121466
7364	19121768
7365	19124068
7366	19124354
7367	19125142
7368	19126600
7369	19129186
7370	19129496
7371	19130250
7372	19130386
7373	19131062
7374	19133144
7375	19133300
7376	19133630
7377	19134144
7378	1913562
7379	19135630
7380	19135848
7381	19137652
7382	19138740
7383	19139054
7384	19139248
7385	19140236
7386	191432
7387	19143632
7388	19143724
7389	19144054
7390	19144150
7391	19144332
7392	19145272
7393	19147672
7394	19147900
7395	19151966
7396	19153064
7397	19153838
7398	19154080
7399	19154316
7400	19157128
7401	19159740
7402	1915984
7403	19159940
7404	19160184
7405	19160540
7406	19161802
7407	19162346
7408	19163492
7409	19163498
7410	19164242
7411	19167352
7412	19167388
7413	19167746
7414	19168792
7415	19170550
7416	19170582
7417	19171774
7418	19172732
7419	19173758
7420	19174226
7421	19174878
7422	19176272
7423	19179006
7424	19179384
7425	19180856
7426	19180922
7427	19182106
7428	19182194
7429	19182630
7430	19182798
7431	19183938
7432	19186750
7433	19187618
7434	19188552
7435	19189124
7436	19189338
7437	19189684
7438	1919014
7439	19190448
7440	19190452
7441	19190916
7442	19190972
7443	19192496
7444	19193776
7445	19193840
7446	19194536
7447	19195222
7448	19195906
7449	19195908
7450	19197072
7451	19197310
7452	19197314
7453	19197650
7454	19200006
7455	19200144
7456	19200282
7457	19200504
7458	19204430
7459	19205008
7460	19205110
7461	19207698
7462	19208506
7463	19208668
7464	19208798
7465	1920952
7466	19210704
7467	19211354
7468	19211642
7469	19212310
7470	19214466
7471	19214758
7472	19215384
7473	19216428
7474	19216518
7475	19218086
7476	19218546
7477	19220198
7478	19220358
7479	19221444
7480	19221862
7481	19223396
7482	19223618
7483	1922380
7484	19226384
7485	19226752
7486	19226856
7487	19227268
7488	19227580
7489	19228856
7490	19228876
7491	1922972
7492	19231718
7493	19231780
7494	19232116
7495	19233356
7496	19233450
7497	19233480
7498	19234406
7499	19234640
7500	19234746
7501	19235050
7502	19236346
7503	19236886
7504	1923690
7505	19238230
7506	19238464
7507	19239926
7508	19241730
7509	19241880
7510	19242282
7511	19242550
7512	19243076
7513	19243126
7514	19243926
7515	19244524
7516	19244530
7517	19245310
7518	19245494
7519	19246280
7520	19247524
7521	19248852
7522	19250862
7523	19251082
7524	19251112
7525	19252238
7526	19252346
7527	19253732
7528	19254070
7529	19254878
7530	19255570
7531	19256562
7532	19257228
7533	19258982
7534	1926052
7535	19260630
7536	19260636
7537	19260954
7538	19261588
7539	19262388
7540	19264906
7541	19265294
7542	19266430
7543	19266864
7544	19267668
7545	19267980
7546	19269190
7547	19269668
7548	1926974
7549	19270088
7550	19272696
7551	19272934
7552	19273164
7553	19273486
7554	19274860
7555	19274922
7556	19275208
7557	19275566
7558	19275810
7559	19276168
7560	19276270
7561	19276606
7562	19277376
7563	19278476
7564	19281296
7565	19281724
7566	19281776
7567	19281906
7568	19282504
7569	19286000
7570	19286280
7571	19291720
7572	19293332
7573	19296458
7574	19296568
7575	19296900
7576	19297252
7577	1929792
7578	19298914
7579	19299362
7580	19300706
7581	19300920
7582	19301064
7583	19301424
7584	19301616
7585	19301660
7586	19302062
7587	19302882
7588	19303092
7589	19304264
7590	19304914
7591	19305266
7592	19305654
7593	19306988
7594	19309086
7595	19309594
7596	19309898
7597	193104
7598	19311834
7599	19312424
7600	19312542
7601	19313930
7602	19313958
7603	19314854
7604	19315976
7605	19316688
7606	1931678
7607	19316832
7608	19318162
7609	193182
7610	19320428
7611	19320452
7612	19320522
7613	19320748
7614	19321078
7615	19321544
7616	19322516
7617	19323900
7618	19324154
7619	19328438
7620	19334004
7621	19335666
7622	19335858
7623	19336156
7624	19337032
7625	19338016
7626	19338054
7627	19338588
7628	19339110
7629	19339520
7630	19340792
7631	19340808
7632	19341558
7633	19341670
7634	19341714
7635	19344516
7636	19345374
7637	19347188
7638	19347200
7639	19347402
7640	19347444
7641	19348780
7642	19348974
7643	19351742
7644	19351890
7645	19352572
7646	19354920
7647	19355814
7648	19356812
7649	19357106
7650	19357538
7651	19357822
7652	19357874
7653	19358652
7654	19358694
7655	19358924
7656	19358930
7657	19360906
7658	19361920
7659	19363646
7660	19364184
7661	19364812
7662	19367690
7663	19368222
7664	19368318
7665	19369780
7666	19370484
7667	19371802
7668	19372164
7669	19373424
7670	19373860
7671	19374882
7672	19375704
7673	19376000
7674	19376180
7675	19376524
7676	19376862
7677	19378202
7678	19378540
7679	19378692
7680	19378904
7681	19379030
7682	19379224
7683	19380122
7684	19380334
7685	19380582
7686	19380628
7687	19380798
7688	19381298
7689	19382494
7690	19382570
7691	19383508
7692	19383658
7693	19383670
7694	19384640
7695	19387094
7696	19387342
7697	19387962
7698	19388054
7699	19388072
7700	19388074
7701	19388290
7702	19388766
7703	19388796
7704	19389948
7705	19390096
7706	19390618
7707	19391312
7708	19391580
7709	19392218
7710	19392230
7711	19392324
7712	19393042
7713	19393202
7714	19393498
7715	19394388
7716	19394986
7717	19395858
7718	19396438
7719	19396548
7720	19397416
7721	19397598
7722	19397816
7723	19398418
7724	19398540
7725	19399232
7726	19399928
7727	19400054
7728	19400442
7729	19401412
7730	19401580
7731	19402900
7732	19402916
7733	1940316
7734	19405148
7735	1940698
7736	19407454
7737	19407514
7738	19407856
7739	19408390
7740	19409176
7741	19409934
7742	19410622
7743	19410798
7744	19412390
7745	19412618
7746	19413438
7747	19413850
7748	19414914
7749	19415416
7750	19416002
7751	19416620
7752	19418030
7753	19418288
7754	19418378
7755	194186
7756	19419592
7757	19419964
7758	19420346
7759	19420466
7760	19421434
7761	19421736
7762	19422126
7763	19422544
7764	19422546
7765	19423314
7766	19423966
7767	19425884
7768	19426426
7769	19427452
7770	19428372
7771	19431338
7772	19431346
7773	19432982
7774	19433436
7775	19433680
7776	19434300
7777	19436162
7778	19437328
7779	19438558
7780	19439860
7781	19441774
7782	19441912
7783	19443662
7784	19444510
7785	19444950
7786	19445148
7787	19445956
7788	19446892
7789	19446930
7790	19448100
7791	19448792
7792	19449182
7793	19450708
7794	19451064
7795	19452038
7796	19452948
7797	19453940
7798	19456274
7799	19457876
7800	19458048
7801	19459784
7802	19459920
7803	19460808
7804	1946084
7805	1946098
7806	19461120
7807	19461730
7808	19462216
7809	19462706
7810	19464370
7811	19465546
7812	19465838
7813	19466418
7814	19467842
7815	1946840
7816	19473162
7817	19473502
7818	19473870
7819	19474300
7820	19475954
7821	19476672
7822	19476924
7823	19477124
7824	19478638
7825	19478940
7826	19479952
7827	19480844
7828	19481868
7829	19483316
7830	19483488
7831	19483500
7832	19483506
7833	19483560
7834	19485884
7835	19487312
7836	19487900
7837	19491034
7838	1949130
7839	19491888
7840	19496316
7841	19497732
7842	19498902
7843	19499754
7844	19501336
7845	19502152
7846	19502250
7847	19503040
7848	19504912
7849	19508322
7850	19509384
7851	19511306
7852	19513520
7853	19514212
7854	19514672
7855	19515738
7856	19515886
7857	19516318
7858	19518482
7859	19518942
7860	19520690
7861	19523454
7862	19523470
7863	19523954
7864	19524380
7865	1952598
7866	19526564
7867	19527586
7868	19529726
7869	19531662
7870	19533906
7871	19534362
7872	1953528
7873	19536292
7874	1953780
7875	19543430
7876	19545934
7877	19547380
7878	19549202
7879	19549974
7880	19550144
7881	19551384
7882	19551780
7883	19553136
7884	19556974
7885	19559898
7886	19560080
7887	19560086
7888	19560102
7889	19560120
7890	19561352
7891	19562900
7892	19563032
7893	19563158
7894	19564882
7895	19566018
7896	19568226
7897	19571546
7898	19574596
7899	19576182
7900	19577790
7901	19578342
7902	19578968
7903	19579148
7904	195800
7905	19583332
7906	1958434
7907	19585602
7908	19586440
7909	19587150
7910	19587306
7911	19587534
7912	19588792
7913	19589370
7914	19589764
7915	1959316
7916	19593278
7917	19596182
7918	19596334
7919	19597362
7920	19597858
7921	19599040
7922	195993
7923	19599976
7924	1960158
7925	19601762
7926	19602056
7927	19602288
7928	19603304
7929	19605884
7930	19606
7931	19606654
7932	19606860
7933	19608078
7934	19608446
7935	19608932
7936	19609462
7937	19610118
7938	19610226
7939	19610720
7940	19611040
7941	19612376
7942	19613592
7943	19617002
7944	19619156
7945	19625594
7946	19627896
7947	19629248
7948	19631020
7949	19631374
7950	19632024
7951	19632374
7952	196329
7953	19633520
7954	19635946
7955	19636488
7956	19637422
7957	19638598
7958	19639576
7959	19641166
7960	19641346
7961	19642104
7962	19642600
7963	19643518
7964	19643644
7965	19647294
7966	19649148
7967	19653602
7968	19658126
7969	19661186
7970	19663264
7971	19663544
7972	19664318
7973	19665564
7974	19668702
7975	19670202
7976	19672806
7977	19672816
7978	19673396
7979	19674150
7980	19675502
7981	19676274
7982	19676902
7983	19682050
7984	19682166
7985	19683514
7986	19683876
7987	19684682
7988	1968536
7989	19686910
7990	1968828
7991	19689128
7992	19689308
7993	19691126
7994	1969426
7995	19695654
7996	19696942
7997	19697292
7998	19698612
7999	19699626
8000	19699978
8001	19700476
8002	19701152
8003	19702962
8004	19703614
8005	19706104
8006	19706142
8007	19706232
8008	19706704
8009	19707104
8010	19709004
8011	19709292
8012	197123
8013	19718062
8014	19718296
8015	1972002
8016	19720914
8017	19721478
8018	19722132
8019	19724174
8020	19724318
8021	19725194
8022	19727978
8023	19728066
8024	19728948
8025	19731174
8026	19732494
8027	19732762
8028	19732884
8029	19734224
8030	19734542
8031	19736382
8032	19738226
8033	19739024
8034	19742168
8035	19742284
8036	19748476
8037	19748480
8038	19751502
8039	19752322
8040	19752796
8041	197528
8042	19752898
8043	19753510
8044	19757110
8045	19757280
8046	19757352
8047	19758718
8048	19759372
8049	1976108
8050	19761408
8051	19761840
8052	1976606
8053	19767546
8054	19769324
8055	19769836
8056	19770024
8057	19770470
8058	19770768
8059	19771856
8060	19771936
8061	19773510
8062	19775670
8063	1977746
8064	19781444
8065	19782218
8066	19783568
8067	19784232
8068	19784474
8069	19785018
8070	19786276
8071	19787168
8072	19787332
8073	19787374
8074	19787572
8075	19787622
8076	197880
8077	19788656
8078	19790856
8079	19790858
8080	19792680
8081	19792860
8082	19794374
8083	19795780
8084	19797134
8085	19798052
8086	19800994
8087	19801966
8088	19803158
8089	19803510
8090	19805808
8091	19807928
8092	19808044
8093	19808778
8094	19809902
8095	19810068
8096	19811490
8097	19812186
8098	19812188
8099	19813030
8100	19816200
8101	19816566
8102	19816636
8103	19817116
8104	19817678
8105	19818338
8106	19818458
8107	19819636
8108	198200
8109	19820896
8110	19822068
8111	19822698
8112	19823442
8113	19824468
8114	19825412
8115	19826716
8116	19827332
8117	19829340
8118	19830724
8119	19831610
8120	1983184
8121	19835272
8122	19835562
8123	19836784
8124	19838466
8125	19841582
8126	19842336
8127	19846308
8128	19847534
8129	19848092
8130	19848896
8131	19848964
8132	19851770
8133	19852504
8134	19855114
8135	19856776
8136	19857830
8137	19858770
8138	19860700
8139	19865214
8140	19867094
8141	1986792
8142	19868278
8143	19869782
8144	19869898
8145	19871140
8146	19871168
8147	19872148
8148	19874808
8149	19874950
8150	19875272
8151	19875532
8152	19876836
8153	19877572
8154	19877582
8155	198787
8156	19878932
8157	19879234
8158	19879872
8159	19881248
8160	19881504
8161	19882444
8162	19883218
8163	19885466
8164	19886542
8165	19887284
8166	19888712
8167	19888968
8168	19890824
8169	19890978
8170	19891656
8171	19893564
8172	19893990
8173	1989540
8174	19896784
8175	19897444
8176	19897478
8177	19899364
8178	19900498
8179	19902204
8180	1990352
8181	19905326
8182	19905350
8183	19906624
8184	19908436
8185	19908556
8186	19909030
8187	19912150
8188	19912216
8189	19914204
8190	19914640
8191	19916306
8192	19917526
8193	19918544
8194	19919136
8195	19919268
8196	19920004
8197	19920064
8198	19920674
8199	19921622
8200	19924244
8201	19924504
8202	19924722
8203	19925410
8204	19925710
8205	19926038
8206	19926544
8207	19928410
8208	19929488
8209	19929540
8210	199323
8211	19936358
8212	19936516
8213	19937294
8214	19937660
8215	19937922
8216	19940502
8217	19941410
8218	19942978
8219	19943824
8220	19945624
8221	19945890
8222	19947906
8223	19948008
8224	19949330
8225	19950146
8226	19951898
8227	19953442
8228	19954440
8229	19956664
8230	19958396
8231	19961258
8232	19961962
8233	19963282
8234	19963540
8235	19963566
8236	19964472
8237	19964480
8238	19964762
8239	19964996
8240	19966344
8241	19970970
8242	19971070
8243	19971790
8244	19972276
8245	19972914
8246	19973186
8247	19974238
8248	19974278
8249	19974686
8250	19974696
8251	19975770
8252	1997644
8253	19977124
8254	19977826
8255	19979066
8256	1997990
8257	19981104
8258	19982642
8259	19983170
8260	19984152
8261	19984932
8262	19985268
8263	19985658
8264	19985844
8265	19988044
8266	19988514
8267	19988556
8268	19989258
8269	19989382
8270	19989688
8271	19991720
8272	19992318
8273	19992990
8274	19995522
8275	19995858
8276	19997270
8277	19997648
8278	19998742
8279	20000870
8280	200015
8281	20002224
8282	20005688
8283	20007530
8284	20008418
8285	20008620
8286	20009194
8287	2000974
8288	20009824
8289	20010314
8290	20010408
8291	20011534
8292	20011542
8293	200119
8294	2001228
8295	2001244
8296	20014234
8297	20018040
8298	20018788
8299	20020582
8300	20021826
8301	20021934
8302	20024360
8303	20024940
8304	200253
8305	2002660
8306	20026622
8307	20027646
8308	20027880
8309	20028348
8310	20028416
8311	20028712
8312	20029768
8313	20029974
8314	20030358
8315	20030756
8316	2003118
8317	20032712
8318	20033164
8319	20034698
8320	20035120
8321	20035192
8322	20035206
8323	20036984
8324	20037052
8325	20038798
8326	20038864
8327	20040608
8328	20040710
8329	20042682
8330	20043432
8331	20044378
8332	20044628
8333	20044750
8334	20044790
8335	20046108
8336	20048544
8337	20048656
8338	20049098
8339	20050846
8340	2005628
8341	20057208
8342	20058022
8343	20058470
8344	20060032
8345	20063934
8346	2006444
8347	20066986
8348	20067400
8349	20068166
8350	20068454
8351	20068982
8352	20070194
8353	20071504
8354	20071688
8355	20071822
8356	20072556
8357	20072668
8358	20073020
8359	20074772
8360	20075302
8361	20076224
8362	20077734
8363	20079670
8364	20080296
8365	20082264
8366	20082666
8367	20083304
8368	20085938
8369	2008618
8370	2008932
8371	20089694
8372	20090646
8373	20091598
8374	20092696
8375	2009284
8376	20094496
8377	20095240
8378	20095934
8379	20096092
8380	20096800
8381	20097716
8382	20099980
8383	20102676
8384	20102888
8385	20103048
8386	20104040
8387	20105124
8388	20105594
8389	20106308
8390	20106978
8391	20107058
8392	20107318
8393	20111296
8394	20111438
8395	20111822
8396	20115358
8397	20116050
8398	20117278
8399	20117344
8400	20117494
8401	20117852
8402	20118966
8403	20119566
8404	20121088
8405	20123330
8406	20125136
8407	20125490
8408	20126320
8409	20126706
8410	20128692
8411	20130614
8412	20131786
8413	20133758
8414	20134090
8415	20136
8416	20136030
8417	20138764
8418	20138888
8419	201395
8420	20140772
8421	20140776
8422	20144338
8423	20145590
8424	20145932
8425	20148122
8426	20150742
8427	20151498
8428	20152612
8429	20153960
8430	20161592
8431	20162768
8432	20163594
8433	20166384
8434	20168140
8435	20168370
8436	20168852
8437	20170478
8438	20170484
8439	20170686
8440	20171594
8441	20173488
8442	20174766
8443	20175224
8444	20176466
8445	20178286
8446	20178582
8447	2017910
8448	20180458
8449	20182120
8450	20186768
8451	201869
8452	20191870
8453	20193348
8454	20193528
8455	20198372
8456	20201048
8457	20201770
8458	20201988
8459	20202300
8460	20203064
8461	20203678
8462	202046
8463	20204784
8464	20205094
8465	20205958
8466	20206122
8467	20207468
8468	20208326
8469	20208398
8470	20208972
8471	20209470
8472	20210640
8473	20210856
8474	20211372
8475	20211476
8476	20212054
8477	20212238
8478	20212262
8479	20213742
8480	20214474
8481	20214800
8482	20215256
8483	20217050
8484	20217270
8485	20218046
8486	20218974
8487	20218976
8488	20219370
8489	20219704
8490	20221422
8491	20223042
8492	20223818
8493	20232246
8494	20232914
8495	20237186
8496	20239170
8497	20239806
8498	20241320
8499	20241612
8500	20242058
8501	20242214
8502	2024262
8503	20246368
8504	20247292
8505	20247346
8506	20247404
8507	20248264
8508	20252686
8509	20253912
8510	20255096
8511	20257614
8512	20259962
8513	20261214
8514	20265870
8515	20269802
8516	20270064
8517	20270082
8518	20270820
8519	20272160
8520	20274082
8521	20274820
8522	20274942
8523	20276872
8524	20276934
8525	20277454
8526	20277586
8527	20278132
8528	2028018
8529	20281046
8530	20281716
8531	20282188
8532	20282462
8533	20282702
8534	20283714
8535	20284602
8536	20285212
8537	20287196
8538	20294706
8539	20296124
8540	20296452
8541	20297100
8542	20297790
8543	20300208
8544	2030210
8545	20302186
8546	20304380
8547	20305342
8548	20306024
8549	20306188
8550	20307058
8551	20307396
8552	20310702
8553	20310722
8554	20311098
8555	20312118
8556	20312328
8557	20313864
8558	20314958
8559	20317408
8560	2031896
8561	20319484
8562	20319986
8563	20321608
8564	20322198
8565	20322980
8566	20324822
8567	20327084
8568	20327266
8569	20330872
8570	20333510
8571	20334508
8572	20334872
8573	20334974
8574	20335500
8575	20336218
8576	2033698
8577	20337522
8578	20337752
8579	20339228
8580	20339336
8581	20340368
8582	20343312
8583	20345236
8584	20346576
8585	20347040
8586	20347764
8587	20350226
8588	20351656
8589	20353592
8590	20354632
8591	20356150
8592	20357682
8593	20357964
8594	20358092
8595	20358126
8596	20358200
8597	20359910
8598	2036038
8599	20360920
8600	20362068
8601	20363228
8602	20365420
8603	20365810
8604	20366082
8605	20366330
8606	20367124
8607	20369506
8608	20369842
8609	20370924
8610	20371126
8611	20371944
8612	20372300
8613	20372662
8614	20373350
8615	20375642
8616	20376042
8617	20376502
8618	20376510
8619	20376834
8620	20377250
8621	20377336
8622	20377490
8623	20377502
8624	20377792
8625	20378974
8626	20379370
8627	20380732
8628	2038120
8629	2038172
8630	2038184
8631	20382596
8632	20383594
8633	20383664
8634	20383720
8635	20383992
8636	20385212
8637	2038600
8638	20387644
8639	20388660
8640	20388864
8641	20389460
8642	20389694
8643	20389928
8644	20391304
8645	20391456
8646	20392202
8647	20396150
8648	20396708
8649	20397110
8650	2039778
8651	20399330
8652	20399756
8653	20400078
8654	20401104
8655	20403718
8656	20404000
8657	20404036
8658	20409694
8659	20410874
8660	20411996
8661	20412780
8662	20412930
8663	20413318
8664	20414428
8665	20414432
8666	20414812
8667	20415812
8668	20416454
8669	20417996
8670	20418856
8671	2041928
8672	20422158
8673	20422226
8674	20422882
8675	20425338
8676	20427058
8677	20427210
8678	20427334
8679	20428036
8680	20428102
8681	20430138
8682	20430792
8683	20431506
8684	20431670
8685	20432124
8686	20432790
8687	20433286
8688	20434650
8689	20435046
8690	20436550
8691	20436684
8692	20436714
8693	20437854
8694	20440222
8695	20440274
8696	20442140
8697	20444240
8698	2044634
8699	20447022
8700	20447688
8701	20448376
8702	20448378
8703	20448460
8704	20449038
8705	20449846
8706	20450860
8707	20451254
8708	20451434
8709	20454288
8710	20455070
8711	20455160
8712	20459904
8713	20459990
8714	20460946
8715	20461592
8716	20463112
8717	20463520
8718	20463534
8719	20465486
8720	20465988
8721	20468434
8722	20469588
8723	20469678
8724	20471080
8725	20471364
8726	20474022
8727	20474596
8728	20477392
8729	2047752
8730	204798
8731	20480786
8732	20481020
8733	20481574
8734	20482468
8735	20483910
8736	20484106
8737	204861
8738	20487728
8739	20488186
8740	20489392
8741	20490616
8742	2049066
8743	20491134
8744	20491926
8745	20492658
8746	2049308
8747	20493428
8748	20494340
8749	20494908
8750	20497438
8751	20499924
8752	20500130
8753	20501676
8754	20502102
8755	20503162
8756	20503552
8757	20503966
8758	20504956
8759	20505768
8760	20507706
8761	205078
8762	20508206
8763	20508300
8764	20510120
8765	20510206
8766	20510836
8767	20510920
8768	20511390
8769	20511694
8770	20511698
8771	20516156
8772	20517840
8773	20518014
8774	20518166
8775	20518564
8776	20520394
8777	20520834
8778	20521408
8779	20522804
8780	20523618
8781	20523812
8782	20524366
8783	20526802
8784	20528530
8785	205287
8786	2053050
8787	20531170
8788	20531616
8789	20531626
8790	20532152
8791	20532404
8792	20532982
8793	20533384
8794	2053414
8795	20535906
8796	20536642
8797	20537380
8798	20538208
8799	20540470
8800	20541602
8801	20541852
8802	20542318
8803	20542530
8804	20542954
8805	20543274
8806	20543448
8807	20543852
8808	20544580
8809	20544814
8810	20546342
8811	20546564
8812	20547144
8813	2054926
8814	20549416
8815	20551822
8816	20552548
8817	20552686
8818	20553878
8819	20554682
8820	20556910
8821	20558140
8822	20558912
8823	20559078
8824	20559272
8825	20559918
8826	20560900
8827	20561326
8828	20562482
8829	20566854
8830	20566932
8831	20568126
8832	20569210
8833	20569240
8834	20571198
8835	20571898
8836	20572316
8837	20574014
8838	2057550
8839	20576162
8840	20578274
8841	20578600
8842	20578662
8843	20580310
8844	20581234
8845	20582208
8846	20582354
8847	20582560
8848	20582694
8849	20583182
8850	20583486
8851	20583602
8852	20584434
8853	20585146
8854	20586626
8855	20587968
8856	20589014
8857	20589122
8858	20592022
8859	205922
8860	20592564
8861	20593862
8862	20596318
8863	20597362
8864	20599360
8865	20601322
8866	20601776
8867	20603824
8868	20604074
8869	20604824
8870	20605988
8871	20606134
8872	20607948
8873	20608066
8874	20608456
8875	20609460
8876	20610732
8877	20611332
8878	20612590
8879	20615482
8880	20616684
8881	20616956
8882	2061762
8883	20618764
8884	20619906
8885	20620530
8886	20620810
8887	20621798
8888	20621994
8889	20623354
8890	20623738
8891	20624914
8892	20624966
8893	20625740
8894	20625762
8895	20628812
8896	20630680
8897	20632402
8898	20634750
8899	20635798
8900	20635872
8901	20637252
8902	20639090
8903	20639628
8904	20639668
8905	206408
8906	20642604
8907	20642756
8908	20643394
8909	20643798
8910	20644026
8911	20644710
8912	20645536
8913	20647718
8914	20648094
8915	20649282
8916	20649522
8917	20650356
8918	20651098
8919	20653944
8920	20654254
8921	20656162
8922	20657582
8923	20658252
8924	20659964
8925	20660170
8926	20660462
8927	20660688
8928	20661990
8929	20662596
8930	20662680
8931	20662860
8932	20664870
8933	20665334
8934	20665842
8935	20666882
8936	20668496
8937	20668712
8938	20672062
8939	20673574
8940	20674722
8941	20677454
8942	20677768
8943	20678188
8944	20678470
8945	20679086
8946	20679372
8947	20680676
8948	20680988
8949	20681850
8950	20681910
8951	20681962
8952	20682952
8953	20684342
8954	20685464
8955	20688158
8956	20689906
8957	20690676
8958	20691358
8959	20692420
8960	20694016
8961	20694898
8962	20695096
8963	20695740
8964	20696214
8965	20698168
8966	20698734
8967	20699032
8968	20699276
8969	20699328
8970	20699918
8971	20701396
8972	20702042
8973	20702126
8974	20703218
8975	20704936
8976	20705068
8977	20705316
8978	20705820
8979	20705968
8980	2070760
8981	20707764
8982	20708102
8983	20709254
8984	20710162
8985	20710296
8986	20710940
8987	20712800
8988	20713602
8989	20714630
8990	20715334
8991	20715842
8992	20716008
8993	20717000
8994	20717978
8995	20718834
8996	2071912
8997	20719176
8998	2071972
8999	20720234
9000	20721200
9001	20721538
9002	20722300
9003	20723138
9004	20723958
9005	20724306
9006	20724526
9007	20726268
9008	20726442
9009	207270
9010	20727176
9011	20728138
9012	20728580
9013	20728616
9014	20729266
9015	20729662
9016	20730104
9017	20730108
9018	20730620
9019	20732208
9020	20732340
9021	20732844
9022	20733964
9023	20736838
9024	20738654
9025	2073902
9026	20740466
9027	20742608
9028	20742756
9029	20743726
9030	20745632
9031	20746688
9032	207474
9033	20747934
9034	20748514
9035	2074986
9036	20751026
9037	207517
9038	20752964
9039	20753898
9040	20755758
9041	20756070
9042	20756214
9043	20756402
9044	20756836
9045	20757364
9046	20758152
9047	20758658
9048	20759286
9049	20760014
9050	20760628
9051	20760828
9052	20761524
9053	20761602
9054	20762786
9055	20763028
9056	20763346
9057	20764340
9058	20764980
9059	20766192
9060	20767536
9061	20771308
9062	20772220
9063	20772670
9064	20772716
9065	20773376
9066	20773568
9067	20774224
9068	20774790
9069	20776238
9070	20777078
9071	20778126
9072	20778794
9073	20780544
9074	20781058
9075	20782848
9076	207839
9077	20785462
9078	20785532
9079	20785878
9080	20786198
9081	20786324
9082	20787452
9083	20787542
9084	20788022
9085	20788326
9086	20788370
9087	20788390
9088	2078850
9089	20788850
9090	20789484
9091	20791490
9092	20793312
9093	20793440
9094	20793814
9095	20795230
9096	20795340
9097	20795854
9098	20798380
9099	20800266
9100	20802194
9101	20802548
9102	20802722
9103	20803266
9104	20804648
9105	20805132
9106	20805228
9107	20807306
9108	20807324
9109	20807468
9110	20808384
9111	20808708
9112	20808810
9113	20808962
9114	20809172
9115	20810472
9116	20810560
9117	20811856
9118	20811980
9119	20812176
9120	20812402
9121	20813280
9122	20813358
9123	20813460
9124	20813494
9125	20813548
9126	20813586
9127	20814578
9128	20815220
9129	20815528
9130	20816798
9131	20818038
9132	20818082
9133	20819508
9134	20819928
9135	20821096
9136	20821312
9137	20821568
9138	20821572
9139	20823896
9140	20824496
9141	20824594
9142	20825696
9143	20826196
9144	20827880
9145	20828416
9146	20830698
9147	20833702
9148	20833862
9149	20834630
9150	20835026
9151	20836288
9152	20836482
9153	20836748
9154	20837442
9155	20837702
9156	20838984
9157	20839404
9158	20840092
9159	20845108
9160	20845236
9161	20846080
9162	20846286
9163	20848152
9164	20849636
9165	20850782
9166	20853040
9167	20853548
9168	20855984
9169	20857834
9170	20858746
9171	20859814
9172	20859880
9173	20860376
9174	20860714
9175	20862832
9176	20862914
9177	20863310
9178	20864010
9179	20868284
9180	20869388
9181	20871188
9182	20871308
9183	20871322
9184	20873244
9185	20874040
9186	20874218
9187	20874506
9188	20874670
9189	20874970
9190	20876274
9191	20877962
9192	20879010
9193	20880636
9194	20881088
9195	20882078
9196	20882204
9197	20884198
9198	20884218
9199	20884984
9200	20886136
9201	20887102
9202	20888092
9203	20888754
9204	20889168
9205	20891776
9206	20892570
9207	20893462
9208	20893632
9209	20894002
9210	20894080
9211	20894834
9212	20895226
9213	20895388
9214	20895656
9215	20898626
9216	208992
9217	20901280
9218	20902034
9219	20902164
9220	20905134
9221	20905796
9222	20906554
9223	20907238
9224	20908286
9225	20908594
9226	20909654
9227	209099
9228	2091090
9229	20911602
9230	20911650
9231	20911902
9232	20912936
9233	20914898
9234	20917216
9235	20917252
9236	20919274
9237	20920528
9238	20921120
9239	20925612
9240	20926256
9241	20926415
9242	2092692
9243	20928070
9244	20930244
9245	20930380
9246	20930992
9247	20931634
9248	20932230
9249	20933688
9250	20934502
9251	2093490
9252	20935334
9253	20935462
9254	209357
9255	20936428
9256	20937622
9257	20937748
9258	20937796
9259	20937848
9260	20939480
9261	20940200
9262	20940392
9263	20943486
9264	20944670
9265	20945116
9266	20945704
9267	20946272
9268	20947234
9269	20947508
9270	20948432
9271	20948586
9272	20948918
9273	20950832
9274	20952498
9275	20953374
9276	20954272
9277	20954518
9278	20955368
9279	20956464
9280	20956530
9281	20958326
9282	20958408
9283	20960392
9284	209608
9285	20961108
9286	20962784
9287	20964454
9288	20965234
9289	20966830
9290	20967498
9291	20968276
9292	20968830
9293	20968958
9294	20971378
9295	20972898
9296	20973024
9297	20974864
9298	20974876
9299	20975058
9300	20980424
9301	20980984
9302	20981472
9303	20983518
9304	20984304
9305	20986692
9306	20987156
9307	20987766
9308	20988300
9309	20990048
9310	20990352
9311	20991000
9312	20992612
9313	20993346
9314	20994578
9315	20997670
9316	20998562
9317	20998724
9318	20998748
9319	21000466
9320	21000858
9321	21002176
9322	21002362
9323	21003092
9324	21004522
9325	21006384
9326	21006602
9327	21007116
9328	21008418
9329	21009922
9330	21010512
9331	21011590
9332	21011646
9333	21011686
9334	21012416
9335	21012962
9336	21013060
9337	21016396
9338	21017846
9339	21017870
9340	21018676
9341	21018822
9342	21018844
9343	21019588
9344	21019602
9345	21019994
9346	21022142
9347	21023438
9348	21024006
9349	21024082
9350	21024308
9351	21025358
9352	21025596
9353	21027066
9354	21027508
9355	21027720
9356	2102846
9357	21028492
9358	21028964
9359	21029830
9360	21030064
9361	21030428
9362	21032072
9363	21032128
9364	21032556
9365	21033116
9366	21033798
9367	21035386
9368	21035448
9369	21036030
9370	21037154
9371	21038858
9372	21038982
9373	21039174
9374	21044794
9375	21044918
9376	21048570
9377	21049124
9378	21050732
9379	21051134
9380	21052298
9381	21052452
9382	21053426
9383	21053838
9384	21055458
9385	21055744
9386	21056160
9387	21057984
9388	21058934
9389	21060098
9390	21060218
9391	21061036
9392	21062168
9393	21063846
9394	21066032
9395	21068274
9396	21069272
9397	21070100
9398	21070650
9399	21071070
9400	21071566
9401	21071810
9402	21071814
9403	21074534
9404	21074686
9405	21075746
9406	21075780
9407	21075836
9408	21076228
9409	21077198
9410	21077542
9411	21077552
9412	21077666
9413	21077808
9414	21078328
9415	21079856
9416	21080672
9417	21081614
9418	21083336
9419	21085224
9420	21085984
9421	21086756
9422	21087798
9423	21088650
9424	21089317
9425	21091630
9426	21094430
9427	21094958
9428	21096222
9429	2109832
9430	21099390
9431	21099568
9432	21100266
9433	21101712
9434	21102414
9435	21102728
9436	21102770
9437	21103492
9438	21104784
9439	21104944
9440	21105624
9441	21106706
9442	21107194
9443	21107304
9444	21107604
9445	21108090
9446	21108474
9447	21108668
9448	21109064
9449	21109476
9450	21110452
9451	21112476
9452	21112626
9453	21112748
9454	21115134
9455	21115832
9456	21115852
9457	21116044
9458	21116192
9459	21116540
9460	21116702
9461	21118062
9462	21118068
9463	21118214
9464	21118718
9465	211199
9466	21121450
9467	21121752
9468	21121846
9469	21122816
9470	21122846
9471	21123442
9472	2112422
9473	21124308
9474	21125836
9475	21126954
9476	21126956
9477	21127102
9478	21127144
9479	21128168
9480	21128308
9481	21130336
9482	21130404
9483	21132700
9484	21132810
9485	21135364
9486	21136140
9487	21137636
9488	21137910
9489	21138636
9490	21140476
9491	21140564
9492	21141158
9493	21142122
9494	21142424
9495	21142524
9496	21142610
9497	21145284
9498	21146304
9499	2114762
9500	21148004
9501	21148082
9502	21149286
9503	21149358
9504	21149584
9505	21152274
9506	21152776
9507	21153474
9508	21154094
9509	21154298
9510	211549
9511	21155542
9512	21155952
9513	21157034
9514	21157972
9515	21158596
9516	21159210
9517	21163812
9518	21163950
9519	21164314
9520	21164442
9521	21165542
9522	21165950
9523	21166700
9524	21167730
9525	21168270
9526	211696
9527	21169886
9528	21169934
9529	21170008
9530	21171346
9531	21171644
9532	21172210
9533	21172880
9534	21173772
9535	2117394
9536	21174104
9537	21174428
9538	21178478
9539	21179070
9540	211805
9541	21181176
9542	21181826
9543	21186280
9544	21187766
9545	21187936
9546	21189374
9547	21189862
9548	21190866
9549	21191390
9550	21191892
9551	2119558
9552	21195820
9553	21197180
9554	21199732
9555	21200008
9556	21200404
9557	21200510
9558	21200818
9559	21202306
9560	21205230
9561	21205854
9562	21206206
9563	21206726
9564	21206918
9565	21208732
9566	21208970
9567	21211169
9568	21212059
9569	21214080
9570	21214362
9571	21217862
9572	21218916
9573	21220158
9574	21220360
9575	21222018
9576	21222076
9577	21223096
9578	21223710
9579	21225194
9580	21227788
9581	21228650
9582	21228974
9583	21230100
9584	21230652
9585	21231100
9586	21231384
9587	2123524
9588	21235772
9589	21236002
9590	21236910
9591	21237798
9592	21237896
9593	21238470
9594	21239054
9595	21239214
9596	21241114
9597	21241434
9598	21241626
9599	21247598
9600	21249598
9601	21249658
9602	21250448
9603	21250890
9604	2125146
9605	2125290
9606	21253168
9607	21253672
9608	21255460
9609	21255920
9610	21256140
9611	21256400
9612	21256624
9613	21257626
9614	21259966
9615	21260934
9616	21261138
9617	21262310
9618	21262414
9619	21262558
9620	21262770
9621	21262774
9622	21262860
9623	21263506
9624	21264950
9625	21265238
9626	21265308
9627	21268358
9628	21269252
9629	21270432
9630	21270694
9631	21271702
9632	2127218
9633	21272472
9634	21273232
9635	21273724
9636	21275344
9637	21279066
9638	21280168
9639	21281800
9640	21281974
9641	21282282
9642	21282606
9643	21283262
9644	21283590
9645	21285586
9646	21286618
9647	21288272
9648	21289126
9649	21290380
9650	21292478
9651	21293752
9652	212944
9653	21295706
9654	21296946
9655	21298074
9656	21298496
9657	21298950
9658	213030
9659	21304146
9660	21306800
9661	21307556
9662	21308728
9663	21310490
9664	21310496
9665	21312102
9666	21312642
9667	21312654
9668	21315138
9669	21317206
9670	21317996
9671	21320362
9672	21321298
9673	21322386
9674	21322460
9675	21322864
9676	21323224
9677	2132424
9678	21324856
9679	21326224
9680	21326484
9681	21326682
9682	21327966
9683	21327992
9684	21328906
9685	213310
9686	21331306
9687	21333442
9688	21334902
9689	21335892
9690	21336642
9691	21337688
9692	21337892
9693	21338632
9694	21339986
9695	21340758
9696	21341456
9697	21341460
9698	21342804
9699	21344506
9700	21345902
9701	21346088
9702	21346206
9703	21346344
9704	21347836
9705	21348584
9706	21351238
9707	21353080
9708	21355340
9709	21355794
9710	21356872
9711	21357690
9712	21359240
9713	21359996
9714	21360232
9715	2136032
9716	213604
9717	21361942
9718	21362412
9719	21363576
9720	2136576
9721	21367676
9722	21368308
9723	21369750
9724	21370476
9725	21370886
9726	21371618
9727	21372770
9728	2137282
9729	21374466
9730	21374932
9731	21374982
9732	21376472
9733	21377074
9734	21378380
9735	21379004
9736	21379028
9737	21380478
9738	21380618
9739	21382304
9740	21382660
9741	21382936
9742	21383054
9743	21384422
9744	21385536
9745	21387578
9746	2138880
9747	21389266
9748	21389496
9749	21390454
9750	2139056
9751	21391550
9752	21392796
9753	21394254
9754	21394296
9755	21395144
9756	21395300
9757	21396810
9758	21398384
9759	21399374
9760	21400018
9761	21400194
9762	21403366
9763	214050
9764	21405154
9765	21407128
9766	21407740
9767	21408556
9768	21408636
9769	21408816
9770	21408914
9771	21409974
9772	21411856
9773	21413048
9774	21413378
9775	21413902
9776	21414342
9777	21414400
9778	21415462
9779	21416274
9780	21417862
9781	21418676
9782	21418868
9783	2142186
9784	21422358
9785	21422770
9786	21426306
9787	21428182
9788	21428864
9789	21429756
9790	21430514
9791	21431610
9792	21432016
9793	21432800
9794	21433594
9795	21433812
9796	21434280
9797	21434422
9798	21435672
9799	21437230
9800	21437334
9801	21438926
9802	21440886
9803	21440982
9804	21441656
9805	21444020
9806	21444480
9807	21445500
9808	21445880
9809	21446056
9810	21446272
9811	21446816
9812	21447162
9813	21447280
9814	21448074
9815	21448418
9816	21448636
9817	21448896
9818	21449124
9819	21449618
9820	21449684
9821	21451286
9822	21451444
9823	21453296
9824	21454924
9825	21455900
9826	21456990
9827	21457284
9828	21458976
9829	21461442
9830	21462666
9831	21462754
9832	21463298
9833	21463984
9834	21464350
9835	21464976
9836	21465552
9837	21466550
9838	21468358
9839	21469540
9840	21469742
9841	21470248
9842	21470418
9843	21470438
9844	21471532
9845	21472884
9846	21473620
9847	21473772
9848	21473996
9849	21476138
9850	21476616
9851	21480100
9852	21481606
9853	21483142
9854	21484588
9855	21485808
9856	21489406
9857	21489676
9858	21490432
9859	21495694
9860	21496360
9861	21497810
9862	21499136
9863	21501476
9864	21501678
9865	21503080
9866	21503808
9867	21503918
9868	21505272
9869	21507428
9870	21508182
9871	21509414
9872	21509710
9873	21509832
9874	215105
9875	21511442
9876	21511448
9877	21511906
9878	21511940
9879	21513688
9880	21514028
9881	21514378
9882	21518930
9883	21520372
9884	21523930
9885	21525442
9886	21527268
9887	21527330
9888	215284
9889	21530240
9890	21530414
9891	21530698
9892	21531734
9893	21531892
9894	21531910
9895	21532314
9896	21533052
9897	21534332
9898	21536512
9899	21537770
9900	21539554
9901	21539734
9902	21540598
9903	21541566
9904	21541966
9905	21542016
9906	21544464
9907	21545360
9908	21545750
9909	21546452
9910	2154682
9911	21547292
9912	21547960
9913	21548636
9914	21552424
9915	21552434
9916	21553960
9917	21554594
9918	21555416
9919	21555560
9920	21556562
9921	21557944
9922	21560362
9923	21560412
9924	21561654
9925	21562084
9926	21562112
9927	21562122
9928	21562418
9929	21562546
9930	21562860
9931	21563588
9932	21563880
9933	21564020
9934	21564228
9935	21564236
9936	21564342
9937	21564430
9938	21564466
9939	21565564
9940	21566420
9941	21567598
9942	21568504
9943	21573920
9944	21574806
9945	21575184
9946	21575918
9947	21576458
9948	21576468
9949	21576788
9950	21576924
9951	21578266
9952	21578574
9953	21580828
9954	2158144
9955	21582078
9956	21585194
9957	21585954
9958	21586848
9959	215909
9960	21591130
9961	21594116
9962	21596488
9963	21597288
9964	21598250
9965	21598894
9966	21599446
9967	21599630
9968	21599676
9969	21599978
9970	21600188
9971	21600262
9972	21601092
9973	21601142
9974	21602084
9975	21604266
9976	21605026
9977	21607718
9978	21608038
9979	21608640
9980	21608682
9981	21616052
9982	21620882
9983	21621156
9984	21621412
9985	21621836
9986	21622340
9987	21623316
9988	21624216
9989	21624910
9990	21625672
9991	21626918
9992	21627116
9993	21628844
9994	21629316
9995	21629880
9996	2163114
9997	21632166
9998	21633258
9999	21633770
10000	21634118
10001	21635932
10002	21636928
10003	21637234
10004	2163762
10005	21638264
10006	21638612
10007	21640106
10008	21640418
10009	21640428
10010	21642032
10011	21642042
10012	21642108
10013	21642400
10014	21642774
10015	2164352
10016	21645752
10017	21649624
10018	21650194
10019	21650252
10020	21652110
10021	2165254
10022	21653340
10023	21654430
10024	21655512
10025	21656112
10026	2165630
10027	21656346
10028	21656626
10029	21657668
10030	21661616
10031	21662894
10032	21662962
10033	21663688
10034	21663926
10035	21663968
10036	21666958
10037	21667130
10038	21668020
10039	21668650
10040	21668734
10041	21669142
10042	21670648
10043	21670854
10044	21671578
10045	21672792
10046	21674628
10047	21674692
10048	21675590
10049	21677454
10050	21677682
10051	21679482
10052	21679544
10053	21681922
10054	21683246
10055	2168354
10056	21683810
10057	21683862
10058	21683902
10059	21684704
10060	21685052
10061	21685896
10062	21686216
10063	21688072
10064	21689154
10065	21689324
10066	21689596
10067	21689908
10068	21690076
10069	21690270
10070	21691618
10071	21694164
10072	21694812
10073	21695110
10074	21695402
10075	21695768
10076	21696010
10077	21696562
10078	21696824
10079	21700312
10080	21700754
10081	21701284
10082	21701450
10083	21701986
10084	21702732
10085	21703028
10086	21704144
10087	21705214
10088	21705854
10089	21708370
10090	21709736
10091	2171114
10092	21711830
10093	21712644
10094	21714130
10095	217142
10096	21716606
10097	21718722
10098	21718916
10099	21719200
10100	21719876
10101	21720066
10102	21720202
10103	21720280
10104	21720496
10105	21722186
10106	21722734
10107	21723276
10108	21723764
10109	21724522
10110	21725608
10111	21726742
10112	21727616
10113	21728608
10114	21729426
10115	21729808
10116	21730206
10117	21730270
10118	21732542
10119	21733130
10120	21733846
10121	21733874
10122	2173748
10123	21738100
10124	21739842
10125	21742058
10126	21742782
10127	21744098
10128	21744354
10129	21745710
10130	21750066
10131	2175028
10132	21751572
10133	2175190
10134	21753598
10135	21753792
10136	2175518
10137	21755334
10138	21756724
10139	21756958
10140	21757668
10141	21760142
10142	21761364
10143	2176212
10144	21763082
10145	21763698
10146	2176374
10147	2176432
10148	21765050
10149	21765960
10150	21767686
10151	2176778
10152	21768252
10153	21768992
10154	21769578
10155	21770222
10156	21771218
10157	217720
10158	21773420
10159	2177426
10160	21774550
10161	21774836
10162	217749
10163	21775486
10164	21775500
10165	21775918
10166	21777992
10167	21779671
10168	21780072
10169	21780510
10170	21781166
10171	21781616
10172	21784972
10173	21785690
10174	21785814
10175	21786176
10176	21786796
10177	21791296
10178	21793350
10179	21794550
10180	21794656
10181	21794824
10182	21795744
10183	21797308
10184	21799454
10185	21800448
10186	21802030
10187	21802792
10188	21803226
10189	21803928
10190	21803988
10191	21804120
10192	21804436
10193	21805436
10194	21807532
10195	21807610
10196	21809392
10197	21810290
10198	21811596
10199	21813884
10200	21814492
10201	218151
10202	2181608
10203	21816632
10204	21817308
10205	21817334
10206	21817348
10207	21820022
10208	21820900
10209	21821602
10210	21821764
10211	21821880
10212	21822586
10213	21822698
10214	2182296
10215	21824098
10216	21825362
10217	21826566
10218	21826924
10219	21827310
10220	21831856
10221	21831962
10222	21832404
10223	21833154
10224	21834698
10225	21835406
10226	21837094
10227	21837168
10228	21837538
10229	21837626
10230	21839458
10231	21839956
10232	21841856
10233	21842672
10234	21843394
10235	21843720
10236	21844362
10237	21844400
10238	21846092
10239	21847494
10240	21848326
10241	21850128
10242	21851150
10243	21853952
10244	21855572
10245	21858440
10246	21860276
10247	21861714
10248	21863904
10249	2186402
10250	21864078
10251	21865502
10252	21865956
10253	21867048
10254	21867274
10255	21867424
10256	2186858
10257	21869178
10258	21870336
10259	21870922
10260	21872344
10261	21872792
10262	21873164
10263	21874574
10264	2187548
10265	21875734
10266	21876186
10267	21876612
10268	21877166
10269	21877592
10270	21880160
10271	2188140
10272	21881928
10273	21882466
10274	21883752
10275	21884540
10276	21885418
10277	21886098
10278	21887854
10279	21888968
10280	21889288
10281	21889832
10282	21891076
10283	21891806
10284	21892036
10285	2189214
10286	21893060
10287	21896716
10288	21899998
10289	21901040
10290	21903528
10291	21904050
10292	21904694
10293	21904696
10294	21905138
10295	21905302
10296	21906732
10297	21906926
10298	21907690
10299	21910
10300	21910072
10301	21913426
10302	21913628
10303	21913704
10304	21913982
10305	21914036
10306	21915122
10307	21918862
10308	21919456
10309	21919550
10310	21919614
10311	21921378
10312	21922868
10313	21922878
10314	21923200
10315	21925078
10316	21926878
10317	21928164
10318	21930270
10319	21930382
10320	21931008
10321	21931462
10322	21931970
10323	21932100
10324	21932854
10325	21932964
10326	21933752
10327	21934466
10328	21934622
10329	21935060
10330	21935394
10331	21935406
10332	21935682
10333	21935844
10334	21936540
10335	21940238
10336	2194184
10337	21941986
10338	21942012
10339	21943160
10340	21943678
10341	2194386
10342	21944232
10343	21944436
10344	21944642
10345	21945314
10346	21946456
10347	2194656
10348	21947334
10349	21949142
10350	21951624
10351	21951842
10352	219541
10353	21956558
10354	21956760
10355	21957272
10356	21958336
10357	21961366
10358	21962930
10359	21963094
10360	21963404
10361	21963758
10362	21963902
10363	21964394
10364	21965080
10365	21965206
10366	21965850
10367	21966904
10368	21967254
10369	21967796
10370	21968314
10371	21970178
10372	21970976
10373	21971534
10374	21972060
10375	21972444
10376	21973266
10377	21974782
10378	21975446
10379	21976470
10380	21976492
10381	21976680
10382	21976836
10383	21978462
10384	21978938
10385	21979264
10386	21980934
10387	21981286
10388	21983502
10389	21985304
10390	21985660
10391	21986596
10392	21986686
10393	2198748
10394	21989050
10395	21991572
10396	21992134
10397	21992880
10398	21993542
10399	21993940
10400	21994690
10401	21995724
10402	21996312
10403	21996446
10404	21997082
10405	21998846
10406	21999690
10407	21999832
10408	22000718
10409	22001090
10410	22001624
10411	22004110
10412	22004930
10413	22005072
10414	22005132
10415	22005510
10416	22005802
10417	22006126
10418	22006198
10419	22007690
10420	22009254
10421	22009718
10422	22010192
10423	22010242
10424	22010766
10425	22011010
10426	22011164
10427	22011320
10428	22011712
10429	22012006
10430	22012556
10431	2201274
10432	22012976
10433	22014792
10434	22015846
10435	22016120
10436	22018912
10437	22019460
10438	22023088
10439	22023392
10440	22023492
10441	22025616
10442	22026626
10443	22026718
10444	22027204
10445	22027756
10446	22027968
10447	22028020
10448	22029864
10449	22030234
10450	22030422
10451	22030764
10452	22030890
10453	22032440
10454	2203508
10455	22035248
10456	22035440
10457	22036312
10458	22037212
10459	22037728
10460	22038266
10461	22040412
10462	22040600
10463	22041620
10464	22042766
10465	22044390
10466	22044902
10467	22046052
10468	22046198
10469	22047584
10470	22049302
10471	22049880
10472	2205022
10473	22050258
10474	22050426
10475	22050586
10476	22051116
10477	22053564
10478	22054106
10479	22055148
10480	22055314
10481	22055408
10482	22056586
10483	22058808
10484	22059004
10485	22060256
10486	22060492
10487	22061126
10488	22061430
10489	22061540
10490	22061992
10491	22062526
10492	22063858
10493	22064352
10494	22067318
10495	22067796
10496	22069672
10497	2207064
10498	22073572
10499	22075180
10500	22076368
10501	22078040
10502	22078696
10503	22079002
10504	22079154
10505	220810
10506	22081638
10507	22083900
10508	22084340
10509	22085802
10510	22085964
10511	22088844
10512	22088964
10513	2208978
10514	22089828
10515	22090006
10516	22090604
10517	22090816
10518	22090866
10519	22093182
10520	22093938
10521	22096944
10522	22098378
10523	22099004
10524	22099172
10525	22100336
10526	22100852
10527	22101792
10528	22101876
10529	22103048
10530	22104564
10531	22105118
10532	22105694
10533	22105818
10534	22106476
10535	22106614
10536	22108722
10537	22109388
10538	22112166
10539	22112272
10540	22113942
10541	22114970
10542	22115446
10543	22115658
10544	22115876
10545	22116196
10546	22116516
10547	22117664
10548	22117900
10549	22119620
10550	22119852
10551	22120700
10552	22121230
10553	22122724
10554	22122784
10555	22123354
10556	22128034
10557	22128476
10558	22128524
10559	22128908
10560	22128934
10561	22129118
10562	22129748
10563	22131110
10564	22132130
10565	2213278
10566	22134198
10567	2213420
10568	22135168
10569	22136188
10570	22136356
10571	22137068
10572	22137300
10573	22139384
10574	22144420
10575	22144812
10576	22145394
10577	22145588
10578	22145656
10579	22148220
10580	22148288
10581	22150750
10582	22152116
10583	22152682
10584	22153056
10585	22154704
10586	22155034
10587	2215608
10588	22157278
10589	22158140
10590	22158750
10591	22159462
10592	22159988
10593	22160318
10594	22162570
10595	22163036
10596	22163898
10597	22164596
10598	22164710
10599	22164760
10600	22165360
10601	22166216
10602	22166280
10603	22166586
10604	22166796
10605	22166964
10606	22167230
10607	2216740
10608	22167516
10609	22167716
10610	22168504
10611	22169284
10612	22171356
10613	22172198
10614	22172430
10615	22174018
10616	22174688
10617	22176146
10618	22176970
10619	22177814
10620	22178254
10621	22178722
10622	22179524
10623	22179846
10624	22180308
10625	22181092
10626	22182096
10627	22183000
10628	2218324
10629	22183720
10630	22183722
10631	2218452
10632	22184704
10633	22184906
10634	2218502
10635	22186208
10636	22186972
10637	22187424
10638	221875
10639	221902
10640	22190856
10641	22191194
10642	22192458
10643	22192710
10644	22193600
10645	22195052
10646	22195828
10647	22197374
10648	22197680
10649	22199492
10650	22200998
10651	22201270
10652	22201998
10653	22202418
10654	22203270
10655	22203680
10656	22209144
10657	22210278
10658	22213298
10659	22213986
10660	22214262
10661	22215350
10662	22216344
10663	22217376
10664	22218070
10665	22218200
10666	22222670
10667	22224124
10668	2222416
10669	22224264
10670	22224436
10671	22224472
10672	22225380
10673	22227306
10674	22227696
10675	22230020
10676	22232338
10677	22232460
10678	22233992
10679	22235512
10680	22236060
10681	22237206
10682	22238490
10683	2223958
10684	22241092
10685	222412
10686	22245766
10687	22247018
10688	22247426
10689	222475
10690	22247574
10691	22248726
10692	22248846
10693	22250630
10694	22250832
10695	22250954
10696	22252210
10697	22252466
10698	22252650
10699	22253804
10700	22254278
10701	22254480
10702	22254668
10703	22256016
10704	22260040
10705	22261798
10706	22262304
10707	22263942
10708	22264286
10709	22264884
10710	22266204
10711	22266878
10712	22267518
10713	22268180
10714	22268338
10715	22269090
10716	22269996
10717	22270276
10718	22273010
10719	22273160
10720	22273414
10721	22275050
10722	22275936
10723	22275950
10724	22276042
10725	22276506
10726	22277106
10727	22277402
10728	22278236
10729	22278350
10730	22278388
10731	22279102
10732	22279806
10733	22280134
10734	2228216
10735	22283018
10736	2228316
10737	22283232
10738	22284160
10739	22284576
10740	22285388
10741	22288316
10742	22288422
10743	22288436
10744	22288658
10745	22290900
10746	22291172
10747	2229332
10748	22293484
10749	22297050
10750	22298864
10751	22299906
10752	22300296
10753	22301258
10754	22301488
10755	22301934
10756	22303470
10757	22303758
10758	22304718
10759	22305048
10760	22305464
10761	22305524
10762	22305858
10763	22305994
10764	22309246
10765	2231092
10766	22311802
10767	22312342
10768	22312692
10769	22313556
10770	22313642
10771	22314004
10772	22314502
10773	22315328
10774	22316608
10775	22317072
10776	22317674
10777	22318090
10778	223194
10779	2231962
10780	22319856
10781	22322260
10782	22322918
10783	22323242
10784	22324346
10785	22324612
10786	22324786
10787	22326906
10788	22327070
10789	22327316
10790	22329824
10791	2233018
10792	22330432
10793	22331138
10794	22332366
10795	22332670
10796	22336702
10797	22336942
10798	22337334
10799	22339854
10800	22340718
10801	22341410
10802	22343710
10803	22344418
10804	22344458
10805	22345284
10806	22345452
10807	22346224
10808	22347786
10809	22349260
10810	22349974
10811	22351410
10812	22351488
10813	2235256
10814	2235504
10815	22355188
10816	22355586
10817	22356486
10818	22357068
10819	22357196
10820	22357838
10821	22358634
10822	22359558
10823	2235990
10824	22360170
10825	22360384
10826	22360992
10827	22362452
10828	22363264
10829	22363706
10830	22364670
10831	22365040
10832	22368792
10833	22370848
10834	22371412
10835	22371928
10836	22372308
10837	22373558
10838	22376866
10839	22377018
10840	22377256
10841	22377262
10842	22377308
10843	22377334
10844	22378904
10845	22379110
10846	22382136
10847	22383084
10848	22383422
10849	22385022
10850	22386612
10851	22387454
10852	22387844
10853	22388218
10854	22388348
10855	22390328
10856	22390916
10857	22392760
10858	22392778
10859	22394047
10860	22394802
10861	22395460
10862	22395732
10863	22396834
10864	22397378
10865	22398888
10866	22399608
10867	22400314
10868	22400616
10869	22401916
10870	22403730
10871	22403804
10872	22405306
10873	22406388
10874	22406682
10875	22406876
10876	22407650
10877	22408000
10878	22408356
10879	22408928
10880	22408998
10881	22409018
10882	22409692
10883	22410328
10884	22410396
10885	22410952
10886	22411992
10887	22413864
10888	22414112
10889	22415384
10890	22416074
10891	22416782
10892	22417218
10893	22417330
10894	2241736
10895	22417410
10896	22417578
10897	22417682
10898	22417806
10899	22421848
10900	22422680
10901	22424450
10902	22424830
10903	22426022
10904	22426070
10905	22426798
10906	224284
10907	22429392
10908	22430162
10909	22431316
10910	22431764
10911	22432152
10912	22432162
10913	22432510
10914	22433964
10915	22435648
10916	22437306
10917	22438120
10918	22439178
10919	22440168
10920	22441486
10921	22441572
10922	22441978
10923	22444132
10924	22444414
10925	22444418
10926	22445364
10927	22446496
10928	22447912
10929	22450788
10930	22451726
10931	22452786
10932	22454172
10933	22454570
10934	22454978
10935	22455344
10936	22457370
10937	22457752
10938	224578
10939	22457824
10940	22458586
10941	22458824
10942	22459034
10943	22459426
10944	22461202
10945	22462910
10946	22463038
10947	22463462
10948	22463518
10949	22465112
10950	22465574
10951	22465596
10952	22465974
10953	22465986
10954	2246874
10955	22468832
10956	22470298
10957	22471008
10958	22471720
10959	22472960
10960	22475732
10961	22475746
10962	22476004
10963	22476428
10964	22476562
10965	22477344
10966	22478916
10967	22480242
10968	22482230
10969	22483524
10970	22485246
10971	22486052
10972	22486596
10973	22486958
10974	22487432
10975	22488616
10976	22488814
10977	22491610
10978	22491940
10979	22492016
10980	22492444
10981	22494648
10982	224965
10983	2249762
10984	22498126
10985	22498360
10986	22499198
10987	22499652
10988	22499724
10989	22500500
10990	22501
10991	22503316
10992	22503904
10993	22503932
10994	22504730
10995	22505276
10996	22505356
10997	22513634
10998	22513880
10999	22516670
11000	22516996
11001	22517672
11002	22517804
11003	22518154
11004	22519242
11005	22519478
11006	22519884
11007	22520634
11008	22520906
11009	22521956
11010	22522978
11011	22527726
11012	22529268
11013	22531782
11014	22533946
11015	22534608
11016	22534856
11017	22536650
11018	22538188
11019	22538370
11020	22538392
11021	22538952
11022	22539880
11023	22540702
11024	22541592
11025	22542166
11026	22542228
11027	22544882
11028	22546078
11029	22546174
11030	22546700
11031	22547720
11032	22548574
11033	22548784
11034	22550528
11035	22550596
11036	22550674
11037	22550828
11038	22551266
11039	22551598
11040	22552016
11041	22552906
11042	22553486
11043	22553514
11044	22554206
11045	22555120
11046	22558136
11047	22558430
11048	22559038
11049	22560114
11050	22561360
11051	22562224
11052	22562334
11053	22563176
11054	22563362
11055	22563978
11056	22565916
11057	22566206
11058	22567032
11059	22570548
11060	22571334
11061	22571884
11062	22572156
11063	22572596
11064	22573094
11065	22575978
11066	22576876
11067	22578696
11068	22578780
11069	22578792
11070	22579130
11071	22580416
11072	22581764
11073	22582364
11074	22584118
11075	22584132
11076	22584518
11077	22585616
11078	22585650
11079	22587012
11080	22587272
11081	22589508
11082	22589838
11083	22590062
11084	22590244
11085	22590950
11086	22592506
11087	22592784
11088	22593788
11089	22593852
11090	225944
11091	22595016
11092	22595626
11093	22596574
11094	22598248
11095	22599122
11096	22599558
11097	22605394
11098	22606050
11099	22607220
11100	22608542
11101	22609250
11102	22609760
11103	22610856
11104	22611510
11105	22611712
11106	22613674
11107	22614436
11108	22615362
11109	22615512
11110	22615682
11111	22616962
11112	22617982
11113	22618114
11114	22619688
11115	22623688
11116	2262394
11117	22624506
11118	22624508
11119	22624608
11120	22628608
11121	22628706
11122	22631014
11123	22631538
11124	22632202
11125	22632862
11126	22633538
11127	22634206
11128	226356
11129	22635616
11130	22636536
11131	22636632
11132	22637786
11133	22639140
11134	22639404
11135	2263942
11136	22640294
11137	22642686
11138	22643744
11139	22643750
11140	22644188
11141	22644662
11142	22647014
11143	22648052
11144	22650748
11145	22652312
11146	22652646
11147	22652858
11148	22653314
11149	22655086
11150	22655744
11151	22655924
11152	22656250
11153	22657724
11154	22659062
11155	22660916
11156	22661296
11157	22661988
11158	22662696
11159	22662924
11160	2266300
11161	22663412
11162	22663624
11163	22664736
11164	22664982
11165	22665588
11166	2266562
11167	22666388
11168	22666458
11169	22670534
11170	22671318
11171	22671582
11172	22671792
11173	22671816
11174	22673296
11175	22674208
11176	22675130
11177	22675940
11178	22677348
11179	22677680
11180	22679588
11181	22679776
11182	22679836
11183	22680072
11184	22680768
11185	22680886
11186	22681202
11187	22681748
11188	22682228
11189	22685904
11190	22685952
11191	22686050
11192	22686290
11193	2268914
11194	22690266
11195	22690550
11196	22691474
11197	22691976
11198	22693550
11199	22697178
11200	22697990
11201	22698030
11202	22698130
11203	22698242
11204	22699504
11205	22700944
11206	22703120
11207	22703222
11208	22705372
11209	22705854
11210	22707992
11211	22708836
11212	22710600
11213	22712122
11214	22712280
11215	22712630
11216	22713198
11217	22716528
11218	22717508
11219	22717810
11220	22720502
11221	22721394
11222	22725716
11223	22725912
11224	22726390
11225	22726416
11226	22726494
11227	22726738
11228	22727352
11229	22727968
11230	22729006
11231	22730300
11232	22730372
11233	22730602
11234	22730626
11235	22730652
11236	22731854
11237	22732436
11238	22734164
11239	22734954
11240	22735818
11241	22735928
11242	22736084
11243	22736576
11244	22736714
11245	22736854
11246	22736980
11247	2273742
11248	22737576
11249	22738904
11250	22739226
11251	22740976
11252	22742106
11253	22743500
11254	22744134
11255	22744866
11256	22745022
11257	2274504
11258	22746200
11259	2274626
11260	22748332
11261	22748464
11262	22751174
11263	22752120
11264	22752522
11265	22753344
11266	22753350
11267	22755284
11268	22755898
11269	22756068
11270	22756134
11271	22756462
11272	22756860
11273	22757280
11274	22757794
11275	22758574
11276	22758878
11277	22759268
11278	22760530
11279	22761970
11280	22762862
11281	22764700
11282	22766028
11283	22766848
11284	22766918
11285	22767530
11286	22768106
11287	22770068
11288	22770466
11289	22773440
11290	22775290
11291	22776224
11292	22777064
11293	22777360
11294	22779076
11295	22779082
11296	22779240
11297	22780194
11298	22780364
11299	22781212
11300	22782344
11301	227851
11302	22786046
11303	22788188
11304	22789266
11305	22789292
11306	2279036
11307	22791360
11308	22791624
11309	22792240
11310	22792436
11311	22792520
11312	22792768
11313	22793356
11314	22795358
11315	22795636
11316	2279716
11317	22797888
11318	22798672
11319	22798846
11320	22799092
11321	22800312
11322	22800936
11323	22801064
11324	22804254
11325	22805460
11326	22807642
11327	22808284
11328	22808462
11329	22810886
11330	22811342
11331	22812688
11332	228133
11333	22815458
11334	22815776
11335	22816308
11336	22816818
11337	22819870
11338	22820070
11339	22821164
11340	228221
11341	22822502
11342	22823220
11343	22824126
11344	22826116
11345	22826512
11346	22827308
11347	22827484
11348	22827626
11349	22831728
11350	22833536
11351	22836270
11352	22837148
11353	22838202
11354	22840158
11355	22840910
11356	22844662
11357	22848200
11358	22848876
11359	22849362
11360	22849992
11361	22851146
11362	22851760
11363	22852360
11364	22856894
11365	22858112
11366	22858818
11367	22859106
11368	22859482
11369	22862228
11370	22863028
11371	2286306
11372	22865102
11373	22865184
11374	22865466
11375	22866266
11376	22866838
11377	22867424
11378	22868312
11379	22868792
11380	22869014
11381	22869966
11382	22870342
11383	22870834
11384	22872268
11385	22873678
11386	22874968
11387	22875610
11388	22875626
11389	22876350
11390	22876912
11391	2287716
11392	22878378
11393	22878826
11394	22880262
11395	22880888
11396	22881570
11397	2288342
11398	22883572
11399	22884930
11400	22886106
11401	22887228
11402	22890250
11403	22890326
11404	22890452
11405	22891068
11406	22891362
11407	22891914
11408	22892704
11409	22893234
11410	22894206
11411	22894862
11412	22895360
11413	22896212
11414	22896506
11415	22897488
11416	22899410
11417	22899846
11418	22900250
11419	22900274
11420	22900610
11421	22902116
11422	22902250
11423	22902962
11424	22904192
11425	22904214
11426	22905106
11427	22905360
11428	22907744
11429	22908256
11430	22909586
11431	22909748
11432	22910904
11433	22911682
11434	22912478
11435	22912518
11436	22913164
11437	22913640
11438	22913860
11439	22915730
11440	22916400
11441	22917614
11442	22918978
11443	22921096
11444	22922240
11445	22922632
11446	22922954
11447	22923926
11448	22924456
11449	22926168
11450	2292666
11451	22927228
11452	22927250
11453	22927460
11454	22927718
11455	22930218
11456	22930838
11457	22931190
11458	22931932
11459	22932710
11460	22933318
11461	22934224
11462	22935088
11463	22936674
11464	22937574
11465	22937658
11466	22938048
11467	22938198
11468	22941178
11469	22943298
11470	22944112
11471	2294414
11472	22944224
11473	22945262
11474	22947588
11475	22948704
11476	22948796
11477	22950756
11478	22951160
11479	22956070
11480	22956480
11481	22956722
11482	22957394
11483	22958542
11484	22959010
11485	22959082
11486	22959170
11487	22959198
11488	22961012
11489	22961330
11490	22963376
11491	22963670
11492	22963948
11493	22964796
11494	22964814
11495	22966296
11496	22966402
11497	2296782
11498	22967870
11499	22968474
11500	22968698
11501	22971242
11502	22971304
11503	22972760
11504	22974774
11505	22974874
11506	22975724
11507	22976984
11508	2297872
11509	22981834
11510	22982576
11511	22984180
11512	22984486
11513	22988228
11514	22989016
11515	22989788
11516	22992236
11517	2299282
11518	22993830
11519	22994776
11520	22995266
11521	22995404
11522	22996922
11523	2299804
11524	22998294
11525	2299890
11526	22998900
11527	23000058
11528	23001614
11529	23001640
11530	23002946
11531	230030
11532	23004040
11533	23011242
11534	23011672
11535	23013880
11536	23016042
11537	23016492
11538	23017878
11539	2301966
11540	23020562
11541	2302154
11542	23021568
11543	23022274
11544	23023192
11545	23026222
11546	23027218
11547	2303038
11548	23031118
11549	23031178
11550	23032612
11551	23033436
11552	23033522
11553	23035318
11554	23036112
11555	23036136
11556	23037058
11557	23037352
11558	23037900
11559	23040264
11560	23040898
11561	23041302
11562	23041612
11563	23042748
11564	23043432
11565	23045626
11566	23046224
11567	23046858
11568	23046876
11569	23049528
11570	23049712
11571	23049818
11572	23050808
11573	23052926
11574	23053778
11575	23054066
11576	23054104
11577	23055958
11578	23057090
11579	23058932
11580	23060856
11581	2306212
11582	23064138
11583	23064968
11584	23065880
11585	23068650
11586	23069710
11587	2306992
11588	23070322
11589	23071620
11590	23072616
11591	23072994
11592	23073860
11593	23073892
11594	23074240
11595	23074344
11596	23075062
11597	23075126
11598	23075540
11599	23076572
11600	23077888
11601	23079456
11602	2308018
11603	23082616
11604	23084684
11605	23086228
11606	23087602
11607	23088192
11608	23090094
11609	23090158
11610	23091890
11611	23093028
11612	23093174
11613	23093556
11614	2309430
11615	23094600
11616	23096136
11617	23097262
11618	23098650
11619	2309974
11620	23100260
11621	23105218
11622	23105478
11623	23105806
11624	23106756
11625	23111274
11626	23111434
11627	23111528
11628	23113280
11629	23114110
11630	23115302
11631	23115644
11632	23116724
11633	23117704
11634	23117738
11635	23118344
11636	23118708
11637	23119344
11638	23120348
11639	23122036
11640	23122250
11641	23122386
11642	23124930
11643	23125640
11644	23127450
11645	2312824
11646	23129308
11647	23129490
11648	23129622
11649	23131766
11650	23132082
11651	23133136
11652	23133474
11653	23134362
11654	23136554
11655	2313908
11656	23139530
11657	23140496
11658	23141184
11659	23141412
11660	23141664
11661	23142762
11662	23143314
11663	23144164
11664	23144958
11665	23146048
11666	23147378
11667	2315046
11668	23151438
11669	2315212
11670	23152490
11671	23153468
11672	23153826
11673	23155362
11674	23159968
11675	23161998
11676	23162776
11677	23163306
11678	23163806
11679	23165180
11680	23165664
11681	2316600
11682	23167096
11683	23168702
11684	23170178
11685	23170924
11686	23172984
11687	23174448
11688	23174720
11689	23174786
11690	231765
11691	23177082
11692	23181092
11693	2318150
11694	23181546
11695	23183192
11696	23183970
11697	23184122
11698	23186866
11699	23187022
11700	23187230
11701	23188966
11702	23189044
11703	23189566
11704	23189684
11705	23190398
11706	231919
11707	231920
11708	23194210
11709	23196360
11710	23197302
11711	23197790
11712	23202330
11713	23205726
11714	23205994
11715	23206122
11716	23206786
11717	23207218
11718	23207232
11719	23207360
11720	23209232
11721	23210120
11722	23210202
11723	23211516
11724	23213602
11725	23216122
11726	23216600
11727	23217686
11728	23218166
11729	23219082
11730	23221424
11731	23222574
11732	23222782
11733	23223000
11734	23223450
11735	2322512
11736	23226270
11737	23228620
11738	23230986
11739	23232028
11740	23234060
11741	2323548
11742	23235682
11743	23236494
11744	23237594
11745	23238676
11746	23240692
11747	23241026
11748	23241146
11749	23242634
11750	23243014
11751	23246964
11752	23248782
11753	23248934
11754	23249136
11755	23249438
11756	2324972
11757	23253492
11758	23255616
11759	2325776
11760	23262180
11761	23262982
11762	23262986
11763	23263212
11764	23264304
11765	23265338
11766	23265404
11767	23265614
11768	232659
11769	23266450
11770	23270252
11771	23271156
11772	23271422
11773	23275442
11774	23276532
11775	23276644
11776	23278934
11777	23280572
11778	23282086
11779	23284660
11780	23286204
11781	23286218
11782	23286646
11783	23292686
11784	23293038
11785	23294240
11786	23294664
11787	23294964
11788	232953
11789	23296904
11790	23299006
11791	23299412
11792	23302432
11793	23303304
11794	233035
11795	2330472
11796	23305184
11797	23305238
11798	23306064
11799	23306372
11800	23306594
11801	23307050
11802	23309338
11803	23309898
11804	23310138
11805	23311240
11806	23311248
11807	23313300
11808	23314144
11809	23314658
11810	23317428
11811	23317794
11812	23319414
11813	23320654
11814	23320752
11815	23321128
11816	23323634
11817	23323684
11818	23323944
11819	23324444
11820	23324516
11821	23325798
11822	23326688
11823	23327022
11824	23329211
11825	23330375
11826	23330659
11827	23331629
11828	23331681
11829	23332169
11830	23332251
11831	23332507
11832	23332517
11833	23333479
11834	23334078
11835	23335930
11836	23336310
11837	23338900
11838	23339244
11839	23339360
11840	23340282
11841	23340642
11842	2334104
11843	23344588
11844	233447
11845	23345270
11846	23346830
11847	23347126
11848	23348148
11849	23349036
11850	23349082
11851	23349108
11852	23351032
11853	23351226
11854	23354188
11855	23355828
11856	23356158
11857	23356576
11858	23356662
11859	23359430
11860	23359640
11861	23362592
11862	23362644
11863	2336294
11864	23363674
11865	23364700
11866	23365830
11867	23367084
11868	23367380
11869	23367824
11870	23369924
11871	23370922
11872	23371102
11873	23371218
11874	23372150
11875	23373510
11876	23378198
11877	2337830
11878	23378594
11879	23378624
11880	23378730
11881	23379594
11882	23380310
11883	2338064
11884	23380792
11885	23383552
11886	23385100
11887	233865
11888	23386674
11889	23387050
11890	23387966
11891	23388062
11892	23389608
11893	23390302
11894	23393444
11895	23394836
11896	23397664
11897	23398154
11898	23400284
11899	23401272
11900	23402702
11901	23404458
11902	23407228
11903	23407580
11904	2340804
11905	23410884
11906	23411502
11907	23412150
11908	234122
11909	23412564
11910	23413534
11911	23414022
11912	23416194
11913	23416790
11914	23417154
11915	23417946
11916	23418734
11917	23421328
11918	23422056
11919	23423298
11920	23423950
11921	23424228
11922	23424724
11923	23425278
11924	23425498
11925	23425986
11926	2342764
11927	2342808
11928	23428226
11929	23428536
11930	23428610
11931	23429404
11932	23430316
11933	23430534
11934	23431494
11935	23432248
11936	23434146
11937	23434332
11938	23436532
11939	23436772
11940	2343690
11941	23436974
11942	23439204
11943	23439260
11944	23439316
11945	23439440
11946	23439824
11947	23439840
11948	23440356
11949	23441056
11950	23442364
11951	23443738
11952	23444790
11953	23446558
11954	23448064
11955	23453706
11956	23454718
11957	23454722
11958	23456440
11959	23457550
11960	23457792
11961	23459208
11962	23459536
11963	23460496
11964	23460578
11965	23460644
11966	23460982
11967	23461338
11968	23461858
11969	23462040
11970	23462442
11971	23463228
11972	23464474
11973	23465126
11974	23465410
11975	23466710
11976	23468840
11977	23470092
11978	23471010
11979	23472288
11980	23473684
11981	23475020
11982	23475744
11983	23478642
11984	23478956
11985	2347992
11986	23479986
11987	23480788
11988	23480958
11989	23481260
11990	23481698
11991	23482998
11992	23484338
11993	23484948
11994	23485580
11995	23486006
11996	23486028
11997	234864
11998	23490474
11999	23490624
12000	23491570
12001	23492462
12002	23492560
12003	23492952
12004	23493388
12005	23493618
12006	23493738
12007	23497102
12008	23497948
12009	23501444
12010	23502406
12011	23502536
12012	23503502
12013	23503800
12014	23503826
12015	23504528
12016	23504750
12017	23506430
12018	23509162
12019	23510294
12020	23510364
12021	23512032
12022	23514266
12023	23517754
12024	23519250
12025	23520860
12026	23521440
12027	23521466
12028	23521748
12029	23521980
12030	23522844
12031	23523236
12032	23523612
12033	23523998
12034	2352664
12035	23528348
12036	23528828
12037	23529318
12038	23531784
12039	23532254
12040	23534218
12041	23534548
12042	23538630
12043	23540364
12044	23540838
12045	23542524
12046	23543360
12047	23544656
12048	23545344
12049	23546594
12050	23548346
12051	23549912
12052	23550624
12053	23551076
12054	2355164
12055	23551984
12056	23552
12057	23553722
12058	23553754
12059	23556552
12060	23558804
12061	23560560
12062	23561108
12063	23562482
12064	23562924
12065	23563286
12066	23563432
12067	23563524
12068	2356406
12069	23566220
12070	23566814
12071	23568072
12072	23569206
12073	2356980
12074	235699
12075	23573312
12076	23575270
12077	235754
12078	2357562
12079	23579729
12080	23579995
12081	23580425
12082	23580817
12083	23580905
12084	23581195
12085	23582103
12086	23582847
12087	23583874
12088	23584134
12089	23584488
12090	23584822
12091	23584932
12092	23585866
12093	2358686
12094	23587146
12095	23588324
12096	23588744
12097	23589286
12098	23589722
12099	23590336
12100	23590442
12101	23592468
12102	23593708
12103	235959
12104	23599690
12105	23600062
12106	23600694
12107	23600838
12108	2360102
12109	23601818
12110	23602974
12111	23604250
12112	23604696
12113	2360594
12114	23607200
12115	23608652
12116	23610142
12117	23610272
12118	23611450
12119	23612120
12120	23612684
12121	23613238
12122	23614112
12123	23615044
12124	23616550
12125	23616908
12126	23617380
12127	23617528
12128	23619298
12129	23621198
12130	2362182
12131	23622572
12132	23624124
12133	23627150
12134	23627216
12135	23627610
12136	23628198
12137	23629748
12138	23631114
12139	23631586
12140	23632962
12141	2363336
12142	23634624
12143	23635052
12144	23636032
12145	2363628
12146	23637424
12147	2363754
12148	23638044
12149	23638270
12150	23640704
12151	23641298
12152	23641508
12153	23641922
12154	23642526
12155	23642676
12156	23643386
12157	23644682
12158	23644858
12159	23645312
12160	23645440
12161	23645718
12162	23646006
12163	23648022
12164	23648292
12165	23650004
12166	23650080
12167	23650426
12168	23650704
12169	23651924
12170	23652190
12171	23653710
12172	23656914
12173	23657194
12174	23658922
12175	23661076
12176	23664518
12177	236681
12178	23671416
12179	23672076
12180	23673124
12181	23673402
12182	23674742
12183	23677412
12184	23678394
12185	2367846
12186	2367978
12187	23679820
12188	23680296
12189	23681600
12190	23681986
12191	23682358
12192	23682904
12193	23683928
12194	23684058
12195	23687302
12196	23687364
12197	23688036
12198	23689162
12199	23690952
12200	23690956
12201	23692972
12202	23693222
12203	23695410
12204	23696
12205	23696474
12206	23697078
12207	23698304
12208	23698770
12209	23699058
12210	2370166
12211	23701792
12212	23703496
12213	23703530
12214	23703992
12215	23706726
12216	23707284
12217	23708634
12218	23709628
12219	23711680
12220	23711824
12221	23712422
12222	23713218
12223	23713754
12224	23713894
12225	23715586
12226	23716792
12227	23718354
12228	23719794
12229	2372010
12230	23720284
12231	23722148
12232	23722794
12233	23725400
12234	23725458
12235	23726566
12236	23726852
12237	23727200
12238	23727858
12239	23729392
12240	2372952
12241	23730412
12242	23730596
12243	23733460
12244	23736366
12245	23737772
12246	23737928
12247	2373846
12248	23740550
12249	23741182
12250	23745134
12251	23749410
12252	23750544
12253	23753204
12254	23753222
12255	23753770
12256	23754854
12257	23754868
12258	23755214
12259	23756384
12260	23758390
12261	23759060
12262	23760158
12263	23761604
12264	23761950
12265	23761990
12266	23762588
12267	23762698
12268	23763882
12269	23764256
12270	23766094
12271	23768146
12272	23769270
12273	23769990
12274	23771272
12275	23771460
12276	23772490
12277	23774152
12278	23776554
12279	23780912
12280	2378128
12281	23781626
12282	23783512
12283	23783962
12284	23785030
12285	23785650
12286	23786138
12287	23786214
12288	23792590
12289	23794696
12290	23794866
12291	23795486
12292	2379592
12293	23798832
12294	23801330
12295	23802020
12296	23802812
12297	23803266
12298	23804740
12299	23807210
12300	23808896
12301	23809080
12302	23809760
12303	23810756
12304	23811002
12305	23811140
12306	23816058
12307	23818360
12308	23820136
12309	23820578
12310	23820618
12311	23826360
12312	23827576
12313	23828954
12314	23829422
12315	2383354
12316	23833896
12317	23835804
12318	23835934
12319	23836556
12320	23837578
12321	23838628
12322	23838910
12323	23838992
12324	23840338
12325	23841062
12326	23841604
12327	23842188
12328	2384256
12329	23843052
12330	23843084
12331	2384494
12332	23845026
12333	23845458
12334	23847136
12335	23853470
12336	23857388
12337	2385830
12338	23859174
12339	23860572
12340	23867398
12341	23867590
12342	23870806
12343	23872662
12344	23873252
12345	23873682
12346	23877984
12347	238783
12348	23878594
12349	23878858
12350	23879334
12351	23879880
12352	2387998
12353	23881814
12354	23883138
12355	23889546
12356	23890890
12357	23891376
12358	23891908
12359	23894786
12360	23895228
12361	23896378
12362	23898102
12363	23898680
12364	23899828
12365	23900418
12366	23902986
12367	23903132
12368	23905960
12369	23908012
12370	23908412
12371	23910954
12372	23912192
12373	23912830
12374	23913104
12375	23913284
12376	23913826
12377	23916410
12378	23917768
12379	2391936
12380	2392020
12381	23921542
12382	23921594
12383	23922354
12384	2392256
12385	23923090
12386	23923858
12387	23924702
12388	23925406
12389	23925530
12390	23926552
12391	23928096
12392	23928310
12393	23928690
12394	23929352
12395	23930980
12396	23931086
12397	23931756
12398	23933540
12399	23933936
12400	23934490
12401	23936076
12402	23938802
12403	23938832
12404	23939162
12405	23939856
12406	23940916
12407	23941228
12408	23941644
12409	23943598
12410	23944036
12411	23946938
12412	23950358
12413	23950638
12414	23952096
12415	23953586
12416	23954532
12417	23954562
12418	23955662
12419	23956966
12420	23957246
12421	23958080
12422	23960588
12423	23963144
12424	23963224
12425	23964032
12426	23964136
12427	23965116
12428	23968992
12429	23969612
12430	23970894
12431	23971472
12432	23971670
12433	23971936
12434	23972138
12435	23974150
12436	23974848
12437	23977240
12438	23977654
12439	23977972
12440	23978506
12441	23982284
12442	23982926
12443	23983642
12444	2398480
12445	23985186
12446	23986516
12447	23986586
12448	2398676
12449	2398704
12450	239871
12451	23989488
12452	23990938
12453	23991160
12454	23991770
12455	23992590
12456	23993738
12457	23994370
12458	23995864
12459	23996544
12460	23996588
12461	23997256
12462	23997458
12463	23998092
12464	23999330
12465	23999822
12466	23999962
12467	24000744
12468	2400140
12469	24001448
12470	24002530
12471	24004686
12472	24007430
12473	24008292
12474	2400978
12475	24010452
12476	24010718
12477	24014598
12478	24015664
12479	24017456
12480	2401750
12481	24020018
12482	24020088
12483	24022634
12484	24022648
12485	24022762
12486	24025266
12487	24025706
12488	2402650
12489	24027992
12490	24028280
12491	24032106
12492	24033610
12493	240348
12494	24034934
12495	2403652
12496	24037896
12497	24038072
12498	24038298
12499	24040706
12500	24041282
12501	24041814
12502	24043684
12503	24044510
12504	24045290
12505	24048162
12506	24048766
12507	24049592
12508	24055134
12509	24055840
12510	24058922
12511	24060682
12512	24061862
12513	24061966
12514	24062084
12515	24062326
12516	24062342
12517	24062390
12518	24063708
12519	24063724
12520	24065192
12521	24067174
12522	24068858
12523	24069340
12524	24069714
12525	24070252
12526	24071436
12527	24071710
12528	24071980
12529	24072586
12530	24072760
12531	24075012
12532	24075016
12533	24076062
12534	24077616
12535	24077744
12536	24079382
12537	24079548
12538	24082020
12539	24084922
12540	24084932
12541	24089412
12542	24089936
12543	24090294
12544	24093302
12545	24093318
12546	24093390
12547	24094038
12548	24094634
12549	24094718
12550	24094998
12551	24099100
12552	24099438
12553	24100942
12554	24101634
12555	24101972
12556	24102562
12557	2410284
12558	2410306
12559	24103486
12560	24105442
12561	24107520
12562	2410756
12563	24108612
12564	24109432
12565	24110510
12566	24112914
12567	24113296
12568	24113624
12569	24114244
12570	24116750
12571	24118214
12572	24119194
12573	24120600
12574	24121932
12575	24122606
12576	24125214
12577	24125514
12578	24125848
12579	24126464
12580	24126912
12581	2412782
12582	24131684
12583	24133090
12584	24133102
12585	24133374
12586	24133624
12587	24133834
12588	24134688
12589	24135452
12590	24135552
12591	24136622
12592	24136898
12593	24137054
12594	24139002
12595	24140836
12596	24142164
12597	24142880
12598	24143506
12599	24143674
12600	24143754
12601	24144052
12602	24144680
12603	24144828
12604	24145772
12605	24145880
12606	24148476
12607	24148852
12608	24149648
12609	24150136
12610	24151
12611	24151342
12612	24151674
12613	24152840
12614	24153520
12615	24153544
12616	24155326
12617	24155690
12618	24156232
12619	2415624
12620	24157620
12621	24157664
12622	24157850
12623	2415866
12624	24158792
12625	24159304
12626	24161778
12627	24162132
12628	24162390
12629	2416310
12630	24163842
12631	24167442
12632	24168390
12633	24168768
12634	241691
12635	2417100
12636	24173360
12637	24174082
12638	24174828
12639	24176818
12640	24178302
12641	24179678
12642	24180626
12643	241812
12644	2418214
12645	24182156
12646	24182878
12647	24182950
12648	24183036
12649	24183530
12650	24184710
12651	24186640
12652	24187272
12653	24194200
12654	24194824
12655	24194972
12656	24198462
12657	24204148
12658	24205416
12659	24207094
12660	24210066
12661	24210670
12662	24210778
12663	24211430
12664	24211526
12665	24212560
12666	24213234
12667	24217232
12668	24219552
12669	24220562
12670	24220684
12671	24221510
12672	24223476
12673	24223850
12674	24227542
12675	24227854
12676	24228998
12677	24232960
12678	24233456
12679	24234028
12680	242364
12681	24236406
12682	24239078
12683	24242688
12684	24243582
12685	24243720
12686	24246608
12687	24246852
12688	24247500
12689	24247930
12690	24249040
12691	24249790
12692	24249872
12693	24250124
12694	24250960
12695	24251482
12696	24251842
12697	24252242
12698	24252434
12699	24252604
12700	24255026
12701	24257436
12702	24258420
12703	24258644
12704	24260538
12705	24260686
12706	24261588
12707	24263936
12708	24265482
12709	24266592
12710	24266838
12711	24266924
12712	2427148
12713	24271782
12714	24271814
12715	24273396
12716	242737
12717	24274154
12718	24274624
12719	24275482
12720	24275908
12721	24276474
12722	24277120
12723	24277738
12724	24284976
12725	24286468
12726	24286560
12727	24287496
12728	24288572
12729	24288858
12730	24289194
12731	24291694
12732	24291978
12733	24292276
12734	2429306
12735	24293084
12736	24294120
12737	24294220
12738	24297072
12739	24297214
12740	24297594
12741	24298250
12742	2430004
12743	24300116
12744	24300414
12745	24300644
12746	24300794
12747	24301638
12748	24301996
12749	24303246
12750	24303414
12751	24304652
12752	24306346
12753	24306684
12754	24307934
12755	24308274
12756	24308292
12757	2431154
12758	24312096
12759	24314608
12760	243159
12761	2431698
12762	24317510
12763	24318198
12764	24318902
12765	243190
12766	24320754
12767	24320938
12768	24321956
12769	24322660
12770	24323246
12771	24323804
12772	24325180
12773	24327046
12774	243271
12775	24327550
12776	24329080
12777	24331746
12778	24332716
12779	24333866
12780	24333936
12781	24334094
12782	24335126
12783	24335948
12784	24336800
12785	24337396
12786	24338222
12787	24338348
12788	24338520
12789	24340004
12790	24340354
12791	2434146
12792	24341978
12793	24342518
12794	24342970
12795	24348442
12796	2434850
12797	24351464
12798	24353594
12799	243536
12800	24354090
12801	24354760
12802	24355318
12803	24355602
12804	24359796
12805	24360730
12806	2436396
12807	24364048
12808	24366192
12809	24367500
12810	24368352
12811	24368490
12812	24368726
12813	24369200
12814	24370090
12815	2437014
12816	24370244
12817	2437060
12818	24373352
12819	24374446
12820	24374990
12821	24375222
12822	24375364
12823	24376646
12824	24376978
12825	24377400
12826	24377452
12827	24380674
12828	24381652
12829	243820
12830	24382190
12831	24382252
12832	24382674
12833	24385574
12834	24387298
12835	24387782
12836	24389348
12837	24391214
12838	2439124
12839	24395024
12840	24395392
12841	24396814
12842	24396952
12843	2439706
12844	24398660
12845	24401642
12846	24403506
12847	24404018
12848	24404410
12849	24404474
12850	2440860
12851	24410208
12852	24412810
12853	244144
12854	24417244
12855	24417680
12856	24418084
12857	2441838
12858	24419544
12859	24420312
12860	24420818
12861	24420888
12862	24421066
12863	24422496
12864	24422538
12865	24423316
12866	24423368
12867	2442434
12868	244252
12869	24425842
12870	24426076
12871	244261
12872	24426702
12873	24427370
12874	24428308
12875	24431120
12876	24431532
12877	24438
12878	24438366
12879	24439810
12880	24440914
12881	244420
12882	24442744
12883	24444226
12884	24444770
12885	24445302
12886	24445894
12887	24446148
12888	24447032
12889	24448018
12890	24450704
12891	24452274
12892	24452762
12893	24452846
12894	24454144
12895	24454482
12896	2445724
12897	24457590
12898	24459342
12899	24461788
12900	24461800
12901	24463629
12902	24465324
12903	24466024
12904	24467454
12905	24471362
12906	24471438
12907	24473298
12908	24473406
12909	24473786
12910	24474382
12911	24476774
12912	2447754
12913	24477632
12914	24478230
12915	24479074
12916	24479248
12917	24479358
12918	24479496
12919	24479872
12920	24480356
12921	24480384
12922	24482582
12923	24483628
12924	24486094
12925	24486314
12926	24486508
12927	24487788
12928	24489518
12929	24491824
12930	2449206
12931	24493808
12932	24494732
12933	24495050
12934	24496740
12935	24499132
12936	24500376
12937	24501512
12938	24501564
12939	24502974
12940	24505978
12941	24506608
12942	24507296
12943	2450952
12944	24510758
12945	24511720
12946	24512700
12947	24512708
12948	24512846
12949	24513114
12950	24517370
12951	2452154
12952	24523806
12953	24523860
12954	24524218
12955	24524300
12956	245249
12957	24525508
12958	24528454
12959	24528584
12960	24531694
12961	24532660
12962	24533690
12963	24533724
12964	24534340
12965	24536126
12966	24541534
12967	24541980
12968	24543998
12969	2454438
12970	24546078
12971	24548398
12972	24550864
12973	24552338
12974	24553244
12975	24554542
12976	24555652
12977	24555684
12978	24556786
12979	24559516
12980	24560830
12981	24561256
12982	24561350
12983	24564816
12984	24565444
12985	24566316
12986	24567550
12987	24568092
12988	24568558
12989	24568764
12990	24568980
12991	24570218
12992	24570680
12993	24571566
12994	24572282
12995	24575075
12996	24577246
12997	24577670
12998	24577978
12999	24578396
13000	24578776
13001	24579746
13002	24580610
13003	24580930
13004	24582296
13005	24582478
13006	24584216
13007	24584756
13008	24589792
13009	24590364
13010	24590572
13011	24592372
13012	24593832
13013	24594252
13014	24595366
13015	24597580
13016	24598042
13017	24598190
13018	24598578
13019	24599008
13020	24599250
13021	24599428
13022	24601588
13023	24601872
13024	24603458
13025	24603488
13026	24603848
13027	24605846
13028	24606184
13029	24606846
13030	24607992
13031	24609106
13032	24609888
13033	24610380
13034	24610598
13035	24610936
13036	24611714
13037	24613430
13038	24613700
13039	24613900
13040	24615366
13041	24617182
13042	24617774
13043	24618954
13044	24619538
13045	24619990
13046	2462030
13047	24620852
13048	24622438
13049	24623606
13050	24625908
13051	24628290
13052	24629122
13053	24629366
13054	24631098
13055	24631682
13056	24633410
13057	24633722
13058	24633776
13059	24634098
13060	24636484
13061	24637088
13062	24637338
13063	2463752
13064	24640742
13065	24640844
13066	24640994
13067	24641874
13068	2464282
13069	24642938
13070	24643514
13071	24644588
13072	24647070
13073	24647218
13074	246609
13075	2469816
13076	2470532
13077	2471752
13078	247229
13079	2473162
13080	2473222
13081	2473300
13082	2474480
13083	2475478
13084	247658
13085	247792
13086	247805
13087	2478434
13088	2478960
13089	2479064
13090	2480242
13091	248107
13092	248296
13093	248437
13094	248468
13095	248954
13096	24901800
13097	2491238
13098	249237
13099	249490
13100	249593
13101	249652
13102	2496616
13103	2496904
13104	24972672
13105	249785
13106	2498930
13107	2499874
13108	25000770
13109	2500286
13110	250227
13111	2503424
13112	250424
13113	25070872
13114	2507546
13115	2507716
13116	250828
13117	2508612
13118	250980
13119	2510342
13120	251059
13121	2512666
13122	25139
13123	2516382
13124	25178496
13125	2518058
13126	25180872
13127	25181512
13128	25182348
13129	25184030
13130	25184074
13131	25184970
13132	25185238
13133	25185614
13134	25186080
13135	25186322
13136	25186676
13137	25188906
13138	25189502
13139	25190782
13140	25190814
13141	25191010
13142	25192116
13143	25193942
13144	25194570
13145	25196950
13146	25197242
13147	25197854
13148	25198386
13149	25200966
13150	25202598
13151	25203128
13152	25204906
13153	25207740
13154	25208796
13155	25209100
13156	25209322
13157	25214478
13158	25214614
13159	25215466
13160	25215728
13161	25216120
13162	25216140
13163	25217838
13164	25218688
13165	25218718
13166	25219838
13167	25220034
13168	25220110
13169	25220802
13170	25221734
13171	25221936
13172	25222598
13173	25223080
13174	25223722
13175	25224476
13176	25225210
13177	25225480
13178	25225740
13179	25227382
13180	25232708
13181	25233378
13182	25234424
13183	25235482
13184	25236036
13185	25236128
13186	25236472
13187	25236592
13188	25237128
13189	25239808
13190	25241024
13191	25241322
13192	25241572
13193	25241708
13194	25242524
13195	25242730
13196	25246964
13197	25247942
13198	25248314
13199	25250060
13200	252506
13201	25251536
13202	25251756
13203	25252702
13204	25252886
13205	25253624
13206	25255170
13207	25256138
13208	25256288
13209	25256402
13210	25258220
13211	25259410
13212	25259782
13213	25259984
13214	25262022
13215	25262300
13216	25262428
13217	25263572
13218	25263574
13219	25263638
13220	25267312
13221	25267866
13222	25276356
13223	25278736
13224	25279534
13225	25280064
13226	25280902
13227	25281120
13228	2528122
13229	25283992
13230	25285506
13231	25285632
13232	25286986
13233	25287496
13234	25288230
13235	25290376
13236	25290760
13237	25291742
13238	25292134
13239	25292270
13240	2529298
13241	25294196
13242	25294678
13243	25295624
13244	25297318
13245	25297498
13246	25297556
13247	25297922
13248	25298148
13249	25298188
13250	25302034
13251	25302502
13252	25302570
13253	25303034
13254	25303214
13255	253035
13256	25304290
13257	25304536
13258	25305338
13259	25305588
13260	25308200
13261	25309210
13262	25309432
13263	25310192
13264	2531190
13265	25311974
13266	25311992
13267	25312398
13268	25316300
13269	25318786
13270	25318896
13271	25321044
13272	25322576
13273	25323746
13274	25324968
13275	25324972
13276	25325854
13277	25326448
13278	25326726
13279	25330954
13280	25332770
13281	25333482
13282	25334738
13283	25334988
13284	25338404
13285	25340664
13286	2534328
13287	2534524
13288	2537136
13289	2537924
13290	2538418
13291	2542310
13292	254518
13293	2545274
13294	2545534
13295	25465424
13296	2546814
13297	25474080
13298	2549218
13299	2549782
13300	254987
13301	2554224
13302	2555438
13303	255624
13304	25563764
13305	2558190
13306	2558580
13307	255994
13308	2560748
13309	2560856
13310	2562934
13311	25634312
13312	25634666
13313	256539
13314	25654800
13315	2567450
13316	256774
13317	2568370
13318	25686434
13319	2569232
13320	2573458
13321	2573936
13322	25756214
13323	25757034
13324	25757852
13325	25760352
13326	25762918
13327	25764106
13328	25764116
13329	25764122
13330	25764152
13331	25764890
13332	25769530
13333	25769968
13334	25770660
13335	2577106
13336	25771960
13337	25773134
13338	25773646
13339	25774748
13340	25775080
13341	25775564
13342	25777022
13343	25777472
13344	25777878
13345	25778764
13346	25780152
13347	25784326
13348	25786000
13349	25786904
13350	25790398
13351	25791240
13352	25793408
13353	25793602
13354	25793678
13355	25793702
13356	25794254
13357	25794276
13358	25794568
13359	25794954
13360	25796918
13361	25798818
13362	25800076
13363	25800206
13364	25801720
13365	25803892
13366	25804646
13367	25806086
13368	25809248
13369	25812232
13370	25813178
13371	25816022
13372	25816368
13373	25818542
13374	25820064
13375	25821822
13376	25822206
13377	25822936
13378	25823104
13379	25824068
13380	258261
13381	25830904
13382	2583110
13383	2583258
13384	25833782
13385	25834366
13386	25837344
13387	25837500
13388	25837626
13389	25837714
13390	2583798
13391	25838452
13392	25839178
13393	25842002
13394	25844150
13395	25845930
13396	25852462
13397	25852798
13398	25853916
13399	25855024
13400	25856328
13401	25856466
13402	25856478
13403	25857954
13404	25858528
13405	25858966
13406	25859610
13407	25860732
13408	25862248
13409	258632
13410	25864848
13411	25865176
13412	25865834
13413	25869714
13414	25871542
13415	25873634
13416	25874286
13417	25874846
13418	25876566
13419	25877848
13420	25878416
13421	25881590
13422	25884810
13423	25887566
13424	25888044
13425	25888396
13426	25889288
13427	25889356
13428	25889788
13429	25889832
13430	25892190
13431	25892220
13432	25892348
13433	25892472
13434	2589458
13435	25896824
13436	25898070
13437	25900112
13438	25900902
13439	25901520
13440	25904328
13441	25906800
13442	25907324
13443	25907416
13444	25907936
13445	25908384
13446	25909832
13447	25912164
13448	25912430
13449	25913066
13450	25913934
13451	25914402
13452	25915298
13453	25916680
13454	25917484
13455	25918548
13456	25919236
13457	25923896
13458	259243
13459	25924864
13460	25925984
13461	25926326
13462	25926770
13463	25927334
13464	25928260
13465	25929068
13466	25929522
13467	25929806
13468	25930050
13469	25930280
13470	2593074
13471	25931632
13472	25932882
13473	25933626
13474	25934468
13475	2593528
13476	25937290
13477	259387
13478	25941288
13479	25941668
13480	25943578
13481	25944486
13482	25945796
13483	25947108
13484	25947877
13485	25947915
13486	25949770
13487	25952548
13488	25952976
13489	25953288
13490	25953476
13491	25953992
13492	25954428
13493	25954434
13494	25955062
13495	25955322
13496	25955652
13497	25956650
13498	25956972
13499	25957670
13500	25962120
13501	25962380
13502	25962746
13503	25963308
13504	2596376
13505	25965592
13506	25966910
13507	25967566
13508	25968138
13509	25969158
13510	25971584
13511	25973064
13512	25974598
13513	25974664
13514	2597482
13515	25976358
13516	25976390
13517	25979178
13518	25979590
13519	25982050
13520	25982546
13521	25983278
13522	25983936
13523	25984634
13524	25985364
13525	25986880
13526	25987016
13527	2598896
13528	25990860
13529	25991036
13530	25991786
13531	25992794
13532	2599472
13533	25994852
13534	25995906
13535	26002790
13536	26002996
13537	26003422
13538	26004140
13539	26004572
13540	26004898
13541	26004922
13542	26005278
13543	26005650
13544	26008726
13545	26009190
13546	26010632
13547	260107
13548	26011296
13549	260120
13550	2601264
13551	26014436
13552	26016012
13553	26016142
13554	26016970
13555	26017894
13556	26018658
13557	26019128
13558	26020966
13559	26024362
13560	26025406
13561	26025874
13562	26026202
13563	26027674
13564	26027722
13565	26033046
13566	26033388
13567	26033600
13568	26034906
13569	26037582
13570	26039294
13571	26040396
13572	26041500
13573	26043382
13574	26044314
13575	2605168
13576	26052686
13577	26053770
13578	26053912
13579	2605538
13580	26056020
13581	26056832
13582	2605760
13583	26059594
13584	26060364
13585	26062122
13586	26063362
13587	26070174
13588	26070414
13589	26070646
13590	26072750
13591	26072916
13592	26076878
13593	26078086
13594	26079730
13595	26079746
13596	26080020
13597	26080998
13598	26083292
13599	26084136
13600	26085158
13601	26088108
13602	2609002
13603	26091982
13604	26092180
13605	26092830
13606	26092988
13607	26094662
13608	26096366
13609	26096906
13610	26097636
13611	26099354
13612	26099456
13613	26100060
13614	2610008
13615	26100548
13616	26101666
13617	26103218
13618	26103932
13619	26104440
13620	26104726
13621	26105142
13622	26106758
13623	26107230
13624	26107896
13625	26108200
13626	26111628
13627	2611184
13628	26112698
13629	26115488
13630	26118831
13631	26122284
13632	26124408
13633	26127518
13634	26128852
13635	26128942
13636	26131394
13637	26131562
13638	26133484
13639	2613474
13640	2613536
13641	26137598
13642	26139990
13643	26142788
13644	26142938
13645	26143698
13646	26147088
13647	26148626
13648	26149286
13649	26149348
13650	26150112
13651	26152746
13652	26153804
13653	2615442
13654	26154588
13655	26158128
13656	2615864
13657	26159550
13658	26160806
13659	26161716
13660	26162116
13661	26162626
13662	26163022
13663	26165414
13664	26166714
13665	26168166
13666	26168200
13667	26169174
13668	26172708
13669	26173236
13670	26175564
13671	26176640
13672	26177976
13673	26179244
13674	26179514
13675	26182254
13676	26182264
13677	26182780
13678	26183218
13679	26184770
13680	26185064
13681	26185780
13682	26185938
13683	26186802
13684	26188496
13685	26189710
13686	26190346
13687	26191130
13688	26192360
13689	26192900
13690	2619336
13691	26194160
13692	26195372
13693	26195618
13694	26196344
13695	26196476
13696	26197934
13697	26199838
13698	26200148
13699	26201128
13700	26203112
13701	26203886
13702	26204882
13703	26204978
13704	26206136
13705	26206430
13706	26207896
13707	26210230
13708	2621278
13709	26213248
13710	26213874
13711	26215258
13712	26216414
13713	2621698
13714	26217714
13715	26219226
13716	26219316
13717	26219522
13718	26221160
13719	26221566
13720	26223426
13721	26226250
13722	26226336
13723	26228652
13724	26230998
13725	2623256
13726	26236168
13727	26236410
13728	26237834
13729	26238874
13730	26240596
13731	26242298
13732	26243324
13733	26243722
13734	26245218
13735	26245722
13736	26247406
13737	26248624
13738	26249758
13739	262516
13740	26252190
13741	26254420
13742	26254972
13743	26255094
13744	26256732
13745	26258656
13746	26260260
13747	2626178
13748	26266530
13749	26266792
13750	26267220
13751	26267450
13752	26267868
13753	26270802
13754	26270922
13755	26274036
13756	26274338
13757	26275898
13758	26276958
13759	26277556
13760	26277992
13761	2628198
13762	26282984
13763	26283456
13764	26283932
13765	26284590
13766	26285182
13767	26285296
13768	2628630
13769	26287212
13770	26288304
13771	26289426
13772	26290182
13773	26290628
13774	26290654
13775	26291448
13776	26293272
13777	26293536
13778	26293682
13779	26294490
13780	26295664
13781	26296084
13782	2629806
13783	26298930
13784	26299058
13785	2629986
13786	26300852
13787	26305490
13788	26305980
13789	26306652
13790	26307698
13791	2630836
13792	26308378
13793	26309108
13794	26310648
13795	26311072
13796	26311604
13797	26313068
13798	26315658
13799	26316566
13800	26317192
13801	26317272
13802	26324396
13803	26324818
13804	26326514
13805	26327414
13806	26328084
13807	26328578
13808	26328608
13809	2632998
13810	26331112
13811	26331474
13812	26332146
13813	26332628
13814	26336144
13815	26336958
13816	26337132
13817	26339350
13818	26339830
13819	26341328
13820	26341602
13821	26342296
13822	26342510
13823	26343634
13824	263439
13825	26344126
13826	2634502
13827	26346496
13828	26347376
13829	26348196
13830	26348502
13831	26349076
13832	26349258
13833	26349264
13834	26349652
13835	26350296
13836	26350590
13837	26351606
13838	26352616
13839	26354260
13840	26357534
13841	26358412
13842	26359116
13843	26359890
13844	2635998
13845	26362254
13846	26362386
13847	26362744
13848	26362892
13849	26363320
13850	26364450
13851	26364890
13852	26365084
13853	26368952
13854	26369628
13855	2637062
13856	26376108
13857	26376432
13858	26376626
13859	26379834
13860	26380174
13861	26380708
13862	26381018
13863	26381830
13864	26382652
13865	26383254
13866	26384242
13867	26384740
13868	26389448
13869	26390048
13870	26390414
13871	26392544
13872	26394978
13873	26395242
13874	2639542
13875	26395742
13876	26396178
13877	26398700
13878	26399914
13879	26401244
13880	26402354
13881	26406590
13882	26407642
13883	26407802
13884	26411170
13885	26412656
13886	26414212
13887	26416700
13888	26418074
13889	26421174
13890	26421480
13891	2642180
13892	26423500
13893	264265
13894	26429074
13895	26430160
13896	26430278
13897	26430494
13898	26431010
13899	26431826
13900	26433768
13901	26436104
13902	26436604
13903	26436984
13904	26438224
13905	2644126
13906	26442024
13907	26442030
13908	26444340
13909	26444532
13910	26446806
13911	2644736
13912	26447792
13913	264480
13914	26448786
13915	26451554
13916	26452034
13917	26453822
13918	26454554
13919	26454780
13920	26456444
13921	26458356
13922	26459598
13923	26460058
13924	26460162
13925	26462000
13926	26462284
13927	26462612
13928	26463020
13929	26464614
13930	26465342
13931	26465708
13932	26468684
13933	26468740
13934	26469800
13935	26471598
13936	26472290
13937	26473938
13938	26475242
13939	26475702
13940	26476098
13941	26477858
13942	26478232
13943	26479548
13944	26480978
13945	26481020
13946	26481214
13947	2648192
13948	26482336
13949	26484828
13950	26485498
13951	26485630
13952	26488154
13953	26488792
13954	26488922
13955	2648930
13956	26490308
13957	26491646
13958	26492154
13959	26492290
13960	26493454
13961	26494196
13962	26494654
13963	26494754
13964	26499304
13965	26500776
13966	26502878
13967	26502956
13968	2650352
13969	26503550
13970	26503560
13971	26505160
13972	26507134
13973	26509118
13974	26510288
13975	26511562
13976	26511672
13977	26512430
13978	26513582
13979	26515022
13980	26515184
13981	26515234
13982	26517594
13983	265176
13984	26520118
13985	26520882
13986	26521504
13987	26524018
13988	265252
13989	26527888
13990	26528050
13991	265297
13992	26531448
13993	26531884
13994	26532988
13995	26533262
13996	26533698
13997	26536490
13998	26538868
13999	26539900
14000	26540350
14001	26542658
14002	26544606
14003	26546530
14004	26549614
14005	26549736
14006	26549850
14007	26550036
14008	26550252
14009	26551540
14010	26551878
14011	26551920
14012	26554042
14013	2655406
14014	26554940
14015	26555690
14016	26558396
14017	26558816
14018	26558880
14019	26558906
14020	26559170
14021	26560180
14022	26560204
14023	26561084
14024	26562026
14025	26562254
14026	26562258
14027	26563154
14028	26563834
14029	26564216
14030	26564962
14031	26565244
14032	26565892
14033	26566650
14034	265673
14035	26567592
14036	26567798
14037	26568250
14038	2656868
14039	26570358
14040	26570568
14041	26571896
14042	26575388
14043	26575556
14044	26575948
14045	26576572
14046	265775
14047	26577570
14048	26578968
14049	265802
14050	26581072
14051	26583358
14052	26585050
14053	26585448
14054	26585520
14055	26587562
14056	26588142
14057	26589136
14058	26595256
14059	26595890
14060	26597936
14061	26599168
14062	26602976
14063	26603624
14064	26603690
14065	26604016
14066	26604262
14067	26605418
14068	26606150
14069	26607606
14070	26608154
14071	26608620
14072	26608824
14073	26610056
14074	26613908
14075	26614380
14076	26614526
14077	26618788
14078	26621742
14079	26633532
14080	26635084
14081	26637712
14082	26638310
14083	26638504
14084	26639372
14085	26643594
14086	26645582
14087	26645630
14088	26646330
14089	26649440
14090	26652660
14091	26654106
14092	26654578
14093	26655630
14094	26657208
14095	26658736
14096	26659098
14097	26659368
14098	26659600
14099	26660642
14100	2666078
14101	26662162
14102	26663626
14103	26664064
14104	26664212
14105	26664928
14106	26665082
14107	26665504
14108	26666912
14109	26667416
14110	26667810
14111	26668346
14112	26668802
14113	26669048
14114	26669284
14115	2667010
14116	26672640
14117	26672720
14118	26673230
14119	26673370
14120	26674598
14121	26675644
14122	26676972
14123	26677910
14124	26678
14125	26679552
14126	26681746
14127	26685038
14128	26686634
14129	26688324
14130	26689204
14131	26689882
14132	26690432
14133	26691282
14134	26691620
14135	26692230
14136	26692686
14137	26694044
14138	26694384
14139	26697044
14140	26697934
14141	26698014
14142	26699158
14143	26699694
14144	26700176
14145	26702260
14146	26703642
14147	26704032
14148	26705330
14149	26709802
14150	26710734
14151	26710950
14152	2671116
14153	26711658
14154	26711810
14155	26712022
14156	26713418
14157	26713740
14158	26716408
14159	26716450
14160	267174
14161	26717868
14162	26718616
14163	26719780
14164	26721644
14165	267218
14166	26723036
14167	26724174
14168	26724605
14169	26725248
14170	26725868
14171	26726317
14172	26727408
14173	26727454
14174	26729312
14175	26729940
14176	26730050
14177	26730306
14178	26731280
14179	26732174
14180	26734078
14181	26734236
14182	26737771
14183	26738759
14184	26739064
14185	26740174
14186	26740816
14187	26741084
14188	267420
14189	26745684
14190	2674578
14191	2674592
14192	2674740
14193	26747874
14194	26748248
14195	26749046
14196	26750080
14197	26750434
14198	26751668
14199	26752294
14200	26753370
14201	26754044
14202	26755930
14203	26755932
14204	26757504
14205	26758070
14206	26758382
14207	26759132
14208	2675976
14209	2676040
14210	26762044
14211	26762130
14212	26762750
14213	26762834
14214	26763780
14215	26764628
14216	26765674
14217	26768608
14218	26769526
14219	26769608
14220	26769686
14221	26769818
14222	26770398
14223	26771352
14224	26771882
14225	26772320
14226	26772334
14227	2677322
14228	26773376
14229	26774994
14230	26777240
14231	26777580
14232	26778276
14233	26779004
14234	2678034
14235	26780918
14236	267810
14237	26781716
14238	26784844
14239	26785504
14240	2678820
14241	26794180
14242	26794238
14243	26794498
14244	26796356
14245	26797286
14246	26797300
14247	267987
14248	26801366
14249	26803378
14250	26804432
14251	26805490
14252	26807796
14253	26807962
14254	26808418
14255	26808968
14256	26809514
14257	26809538
14258	26811872
14259	26812374
14260	26813494
14261	26813886
14262	26815816
14263	26817938
14264	26819834
14265	26819968
14266	26820210
14267	26820246
14268	26821718
14269	26824636
14270	26825040
14271	26827226
14272	26827346
14273	26827788
14274	26827860
14275	2683082
14276	26833478
14277	26833684
14278	26834974
14279	26835484
14280	26836430
14281	26836614
14282	26838268
14283	26838796
14284	26840266
14285	26840658
14286	26841142
14287	26842414
14288	26843738
14289	26843968
14290	26844996
14291	26847488
14292	26847514
14293	26847580
14294	26847722
14295	26848046
14296	2684828
14297	26850092
14298	26850340
14299	26851446
14300	26851976
14301	26852026
14302	26852586
14303	26852834
14304	26853902
14305	26854232
14306	26854902
14307	26855208
14308	26855714
14309	26855764
14310	26857048
14311	26857558
14312	26858396
14313	26858830
14314	26861800
14315	26863228
14316	26865838
14317	26867842
14318	268680
14319	26868448
14320	26868738
14321	26869328
14322	268697
14323	26869760
14324	26870896
14325	26871154
14326	26871234
14327	26871810
14328	26873400
14329	26873836
14330	26874186
14331	26874674
14332	26874876
14333	26874990
14334	26876328
14335	26876598
14336	26877316
14337	26877700
14338	268779
14339	26877962
14340	26878492
14341	26879922
14342	26880840
14343	26881072
14344	26881198
14345	26884386
14346	26884776
14347	26885082
14348	26887004
14349	26887246
14350	26887256
14351	26888158
14352	26888348
14353	26888486
14354	26888794
14355	26888878
14356	26888886
14357	26889184
14358	26890212
14359	26891652
14360	26891986
14361	26893042
14362	26893464
14363	26893642
14364	26895232
14365	26896128
14366	26896300
14367	2689714
14368	26897380
14369	26897930
14370	26898014
14371	26899022
14372	26900802
14373	26901240
14374	26902650
14375	26902708
14376	26902996
14377	2690482
14378	26905308
14379	26910618
14380	26911204
14381	26912936
14382	26913326
14383	26914290
14384	26915636
14385	26915650
14386	26917228
14387	2691794
14388	26918632
14389	26919084
14390	26919908
14391	26919964
14392	26923364
14393	2692358
14394	26924380
14395	26925646
14396	26927882
14397	26928352
14398	26928730
14399	26928994
14400	26929152
14401	26930846
14402	26933818
14403	26937782
14404	26938376
14405	26940656
14406	26941012
14407	26943862
14408	26943944
14409	26944428
14410	26945370
14411	26946260
14412	26947462
14413	26948292
14414	26949690
14415	26950452
14416	26953642
14417	26954370
14418	2695500
14419	26955494
14420	26957680
14421	26958310
14422	26958464
14423	26959438
14424	2695944
14425	2696030
14426	26962334
14427	26962556
14428	26966310
14429	26967512
14430	26969742
14431	26973702
14432	26976274
14433	26976836
14434	26976940
14435	26977968
14436	26978720
14437	26979724
14438	26985066
14439	26986
14440	26987064
14441	26987292
14442	26988890
14443	26991212
14444	26991612
14445	26993768
14446	2699388
14447	2699500
14448	26995764
14449	26996314
14450	26996766
14451	26997110
14452	26997626
14453	26997790
14454	26997838
14455	26997994
14456	26998772
14457	26999522
14458	26999607
14459	270001
14460	27000352
14461	27006634
14462	27007304
14463	27008048
14464	27009084
14465	27009208
14466	27010076
14467	27010172
14468	27010598
14469	27011160
14470	27011320
14471	27012778
14472	27013882
14473	27014094
14474	27014142
14475	27014384
14476	27014514
14477	27014540
14478	270151
14479	27016064
14480	27016402
14481	2701722
14482	27017760
14483	27021280
14484	2702310
14485	27023154
14486	2702390
14487	27024028
14488	27024578
14489	27024748
14490	27025398
14491	27025470
14492	27025692
14493	27030374
14494	27030780
14495	270323
14496	27032958
14497	27033280
14498	27033402
14499	27033524
14500	27033940
14501	27035678
14502	27036014
14503	27036204
14504	27036746
14505	27037148
14506	27037560
14507	27037994
14508	27038626
14509	27039188
14510	2703944
14511	27040014
14512	27040502
14513	27040574
14514	27040854
14515	27042250
14516	27045742
14517	27046328
14518	27047736
14519	27047864
14520	27049336
14521	27050964
14522	27053222
14523	27053872
14524	27053912
14525	27055200
14526	27056996
14527	27057506
14528	27057694
14529	27059646
14530	27061408
14531	27061472
14532	27061498
14533	27064196
14534	27064714
14535	27066580
14536	27067278
14537	27067550
14538	27069856
14539	270722
14540	27072424
14541	27074990
14542	27075000
14543	27075300
14544	27075720
14545	27075874
14546	27077514
14547	2707788
14548	27080018
14549	27080512
14550	27080588
14551	27081002
14552	27081036
14553	27081810
14554	27081878
14555	27083530
14556	2708494
14557	27085076
14558	27087654
14559	27088546
14560	27090572
14561	27091466
14562	27091944
14563	27093034
14564	27093816
14565	27093844
14566	27093904
14567	27094808
14568	27095256
14569	2709692
14570	27098292
14571	27098826
14572	27100112
14573	27102194
14574	27102442
14575	2710548
14576	2710574
14577	27106200
14578	27106586
14579	2710758
14580	27108410
14581	27115638
14582	27115980
14583	27117036
14584	27117944
14585	271196
14586	27124364
14587	27128798
14588	27129036
14589	27129100
14590	27129310
14591	27129870
14592	27131664
14593	27132200
14594	27133356
14595	27134672
14596	27135106
14597	2713566
14598	27136052
14599	27136780
14600	27137842
14601	27140684
14602	27141198
14603	2714244
14604	27144290
14605	27145482
14606	27145520
14607	27146628
14608	27148394
14609	27149066
14610	27149334
14611	27149918
14612	27150286
14613	27152886
14614	27153084
14615	27153212
14616	27154890
14617	27155466
14618	27155914
14619	27156922
14620	27157770
14621	27159218
14622	27160362
14623	27162212
14624	27164018
14625	27164480
14626	27164818
14627	27165602
14628	27165870
14629	27165972
14630	27166396
14631	27167364
14632	27168652
14633	27171130
14634	27172292
14635	27172432
14636	27173436
14637	27173492
14638	27173676
14639	27176070
14640	27176200
14641	27176830
14642	27177414
14643	27177746
14644	27180036
14645	27180058
14646	27180846
14647	27181574
14648	27183
14649	27184954
14650	27185646
14651	27186054
14652	27186936
14653	27187146
14654	27187362
14655	27188158
14656	27188564
14657	27189160
14658	2718964
14659	27190794
14660	27191132
14661	27191778
14662	27192810
14663	27193696
14664	271946
14665	27195376
14666	27195482
14667	27198008
14668	27198138
14669	27198654
14670	27198960
14671	2719968
14672	27201856
14673	27202200
14674	27202614
14675	27203164
14676	27203554
14677	27204906
14678	27205146
14679	2720590
14680	27206916
14681	27207670
14682	27209644
14683	27210366
14684	27212430
14685	27213234
14686	27213528
14687	27213982
14688	27213998
14689	27214484
14690	27214648
14691	27215934
14692	27216494
14693	27217196
14694	27218924
14695	27220046
14696	27220770
14697	27221494
14698	27221850
14699	27222636
14700	27223740
14701	27224054
14702	272246
14703	27227392
14704	27227428
14705	27228982
14706	27230996
14707	27231816
14708	27232696
14709	27233760
14710	27234410
14711	27236746
14712	27237756
14713	27237854
14714	27237988
14715	27238154
14716	27239008
14717	27239036
14718	27240010
14719	27240214
14720	27240306
14721	27241244
14722	27241524
14723	27242048
14724	27243976
14725	27245028
14726	27245584
14727	27246928
14728	27247584
14729	27248736
14730	27249646
14731	27250164
14732	27253232
14733	27253446
14734	27255784
14735	27256774
14736	27257152
14737	2725830
14738	27259354
14739	27259954
14740	27261046
14741	27261348
14742	27261952
14743	27262714
14744	27262832
14745	2726450
14746	27264682
14747	27265128
14748	27271194
14749	27272956
14750	27274074
14751	27274214
14752	27274570
14753	27275096
14754	27277100
14755	27280906
14756	27282130
14757	27283294
14758	27283494
14759	27283802
14760	27284750
14761	2728628
14762	27286416
14763	27287020
14764	27288084
14765	27288828
14766	27289294
14767	27289876
14768	27290556
14769	27291710
14770	27291934
14771	27293718
14772	27294906
14773	27295008
14774	27298038
14775	27298090
14776	27298648
14777	272998
14778	27300172
14779	27300284
14780	27302226
14781	27303762
14782	27303792
14783	27305546
14784	27306222
14785	27306366
14786	27307246
14787	27308176
14788	27308622
14789	27309630
14790	273100
14791	27312310
14792	27314644
14793	27316744
14794	27317610
14795	27318192
14796	27319252
14797	27319284
14798	27320750
14799	27321214
14800	27321980
14801	27322182
14802	27322664
14803	27323046
14804	27323060
14805	27324690
14806	27326134
14807	27327122
14808	27328298
14809	27330182
14810	27331258
14811	27333030
14812	27333208
14813	27334598
14814	27334728
14815	27335034
14816	27336350
14817	27336612
14818	27337780
14819	273381
14820	27339272
14821	27339724
14822	27344598
14823	27344606
14824	27346896
14825	27347208
14826	27347814
14827	27350642
14828	27351000
14829	27351148
14830	27351832
14831	27352030
14832	27352252
14833	27353068
14834	27353494
14835	27354992
14836	2735510
14837	27358484
14838	27360384
14839	27361648
14840	27363008
14841	27364880
14842	27365164
14843	27365878
14844	27366
14845	27366336
14846	27367904
14847	27367972
14848	27370448
14849	27374300
14850	27375370
14851	27375616
14852	27376522
14853	2737658
14854	27377626
14855	27378044
14856	27380316
14857	27380652
14858	27382570
14859	27382688
14860	27382714
14861	27385244
14862	27386060
14863	27387876
14864	27390584
14865	27390684
14866	27391064
14867	27391256
14868	27392744
14869	27393838
14870	27394444
14871	27395248
14872	27396006
14873	27396074
14874	27398494
14875	27399902
14876	27400066
14877	27400090
14878	2740106
14879	2740164
14880	27403980
14881	27404280
14882	27407822
14883	27410842
14884	27410888
14885	27413508
14886	27413972
14887	27414732
14888	27414878
14889	27415108
14890	27416220
14891	27419602
14892	27420316
14893	2742054
14894	27424016
14895	27424178
14896	27424266
14897	27426564
14898	27429530
14899	27430726
14900	27432676
14901	27432808
14902	27433330
14903	27438826
14904	27442
14905	2744286
14906	27442882
14907	27448184
14908	27451344
14909	27451590
14910	2745384
14911	27454804
14912	27456520
14913	27457970
14914	27459270
14915	27459700
14916	27460718
14917	27460734
14918	27463258
14919	27465308
14920	27465922
14921	27466896
14922	27469384
14923	27469570
14924	27471206
14925	27471694
14926	27474402
14927	27476036
14928	27476712
14929	27477020
14930	27481604
14931	274823
14932	27483840
14933	27484444
14934	27485054
14935	27485786
14936	27486180
14937	27486606
14938	27487344
14939	27488308
14940	27491100
14941	27491394
14942	27492096
14943	27492448
14944	27494708
14945	27494718
14946	2749514
14947	27496350
14948	27497794
14949	27497856
14950	27499048
14951	27500830
14952	27502972
14953	27503138
14954	27503498
14955	27503502
14956	27503822
14957	27504690
14958	27506276
14959	27506510
14960	27507246
14961	27508038
14962	27508310
14963	27509674
14964	27509796
14965	27512188
14966	27513036
14967	27513724
14968	27514638
14969	27514778
14970	27514954
14971	27515114
14972	27516808
14973	27516988
14974	27517496
14975	27517516
14976	27517810
14977	275181
14978	27519444
14979	27522044
14980	27522326
14981	27522506
14982	27523774
14983	27524244
14984	27524484
14985	27526970
14986	27527342
14987	27530506
14988	27534076
14989	27538380
14990	27540576
14991	27542122
14992	275434
14993	27543532
14994	27546528
14995	27548014
14996	27549608
14997	27549922
14998	27550422
14999	27550820
15000	27551708
15001	27553052
15002	27554448
15003	27554596
15004	27555232
15005	27557656
15006	27558806
15007	27561406
15008	27565734
15009	27565768
15010	27566436
15011	27566688
15012	27569116
15013	27569442
15014	27571056
15015	27572190
15016	27573504
15017	27574818
15018	27575156
15019	275761
15020	27576200
15021	27576466
15022	27581998
15023	27582280
15024	27582544
15025	2758290
15026	2758576
15027	27587198
15028	27590436
15029	27592028
15030	27598036
15031	275983
15032	27599004
15033	27605374
15034	27608246
15035	27608380
15036	27608432
15037	2760884
15038	27608958
15039	27611714
15040	27613648
15041	2761578
15042	2761742
15043	27619530
15044	27619646
15045	27620788
15046	27622682
15047	27623372
15048	27629328
15049	27629534
15050	27629702
15051	27630292
15052	27632010
15053	2763238
15054	27633652
15055	27637926
15056	27637954
15057	27638150
15058	27641350
15059	27642166
15060	27642212
15061	27644726
15062	27647866
15063	27649612
15064	27650298
15065	27651856
15066	27652976
15067	2765500
15068	27655486
15069	27657706
15070	27660112
15071	27663388
15072	2766640
15073	27668348
15074	27670078
15075	27671592
15076	2767334
15077	2767346
15078	27677742
15079	27680172
15080	27680278
15081	27680982
15082	27684430
15083	2768458
15084	2768516
15085	27685462
15086	276858
15087	2768920
15088	27689860
15089	27690204
15090	27690950
15091	27691336
15092	27691416
15093	27693534
15094	27693700
15095	27693978
15096	27699596
15097	27701296
15098	27701390
15099	277031
15100	27706176
15101	27707512
15102	27708944
15103	27710970
15104	27711642
15105	27711708
15106	27711900
15107	27712176
15108	27714296
15109	27717126
15110	27717662
15111	27717754
15112	27717920
15113	27721228
15114	27722038
15115	27722498
15116	2772364
15117	27727140
15118	27727918
15119	27728180
15120	27728248
15121	27728704
15122	27731922
15123	27732080
15124	27733046
15125	27733878
15126	27734182
15127	27734666
15128	2773482
15129	27736454
15130	27737292
15131	27737326
15132	27737714
15133	27740502
15134	277416
15135	27742090
15136	27742568
15137	2774406
15138	2774434
15139	27744676
15140	27747104
15141	27747126
15142	27748080
15143	27748120
15144	27750242
15145	2775070
15146	27751904
15147	27752034
15148	27753032
15149	27753750
15150	27755958
15151	27756248
15152	27761796
15153	27762214
15154	27763656
15155	277643
15156	27764966
15157	27766340
15158	27766986
15159	27767116
15160	27767960
15161	27768424
15162	27772572
15163	27774292
15164	27776390
15165	27777544
15166	27780742
15167	27781720
15168	27787450
15169	2778758
15170	27788530
15171	27789248
15172	27789950
15173	27790200
15174	27790984
15175	27792028
15176	27792466
15177	27795860
15178	2779612
15179	27796374
15180	27797060
15181	27798550
15182	27800912
15183	27801444
15184	2780474
15185	27805696
15186	27806606
15187	27810868
15188	27812414
15189	27812426
15190	27818990
15191	27820186
15192	27823102
15193	27823922
15194	27824820
15195	27825280
15196	27825468
15197	27825644
15198	27827116
15199	27828184
15200	2782972
15201	27830978
15202	27831510
15203	27831692
15204	27833274
15205	27835152
15206	27835444
15207	27835622
15208	27836254
15209	27836556
15210	27837066
15211	278394
15212	27840324
15213	2784242
15214	27842508
15215	27843836
15216	27845204
15217	27845890
15218	27846096
15219	27847012
15220	27848194
15221	27848772
15222	27849204
15223	27852290
15224	27852610
15225	27852820
15226	2785408
15227	27856436
15228	27857064
15229	27859586
15230	27860366
15231	27862054
15232	27862528
15233	27862726
15234	27863504
15235	27863560
15236	27865292
15237	27868780
15238	27869822
15239	27870396
15240	27871882
15241	27874418
15242	27875744
15243	27877082
15244	27877796
15245	27879080
15246	27880158
15247	2788108
15248	27881760
15249	27882582
15250	27882796
15251	27887212
15252	27887804
15253	27889524
15254	27889755
15255	27890288
15256	27890480
15257	27891104
15258	27892240
15259	27892248
15260	27893
15261	27893996
15262	27894162
15263	27900924
15264	27901156
15265	27903196
15266	27903216
15267	27903322
15268	27903328
15269	27905742
15270	27907656
15271	27908152
15272	27912696
15273	27913722
15274	2791568
15275	27916262
15276	27916810
15277	27916930
15278	27919570
15279	27920046
15280	27920058
15281	27920532
15282	27921246
15283	27922396
15284	27922994
15285	27923702
15286	27926846
15287	27927084
15288	27928454
15289	27928538
15290	27929322
15291	27929510
15292	27933696
15293	27934808
15294	27935718
15295	27937788
15296	27939272
15297	27941582
15298	27942608
15299	27942910
15300	27948864
15301	27949586
15302	27949624
15303	27950786
15304	27951920
15305	27953148
15306	27953312
15307	27954032
15308	27954620
15309	27956070
15310	27959276
15311	2796132
15312	27961556
15313	2796352
15314	27965072
15315	27966220
15316	27966454
15317	27969140
15318	27970180
15319	27971320
15320	27971626
15321	27972004
15322	27972372
15323	27973402
15324	27974724
15325	27975066
15326	27976452
15327	27977122
15328	27977214
15329	27979838
15330	27980076
15331	27980116
15332	27980370
15333	27984254
15334	27985216
15335	27986424
15336	27988506
15337	27989494
15338	27989562
15339	27989832
15340	27990262
15341	27990580
15342	27990942
15343	27991060
15344	27991466
15345	27992672
15346	27996986
15347	27997108
15348	27998444
15349	27998694
15350	28001044
15351	28001452
15352	28004392
15353	28009026
15354	28010622
15355	28010794
15356	28011994
15357	28012718
15358	28012740
15359	28013580
15360	28013758
15361	28014672
15362	28015092
15363	28016030
15364	28016044
15365	28016446
15366	28016646
15367	28018112
15368	28020174
15369	28021696
15370	28023594
15371	28023714
15372	28023882
15373	28027298
15374	28027328
15375	28027358
15376	28028366
15377	28029304
15378	28030956
15379	28032034
15380	28035946
15381	2803618
15382	28038464
15383	28038720
15384	28038932
15385	28039906
15386	28042744
15387	28043070
15388	28043962
15389	2804636
15390	28048798
15391	28049676
15392	28050594
15393	28050754
15394	28051220
15395	28051294
15396	28052090
15397	28053730
15398	28054418
15399	28055050
15400	28056798
15401	28058380
15402	28061822
15403	28063684
15404	28063736
15405	28067132
15406	28069370
15407	28071922
15408	28073132
15409	28073510
15410	28073784
15411	28073880
15412	28075218
15413	28075816
15414	28075824
15415	28077656
15416	28078334
15417	28078478
15418	28080130
15419	28080188
15420	28081834
15421	28083088
15422	28086534
15423	28086542
15424	28087096
15425	28087770
15426	28088100
15427	28088582
15428	28088594
15429	28091810
15430	28092848
15431	2809498
15432	28095068
15433	28095292
15434	28095598
15435	28096604
15436	2809690
15437	28098092
15438	28098274
15439	28099414
15440	28101020
15441	28102548
15442	28106148
15443	28106740
15444	28106910
15445	28108916
15446	28110150
15447	28110286
15448	28110386
15449	28111674
15450	28111864
15451	2811362
15452	28115516
15453	28116038
15454	28116824
15455	28117342
15456	28120280
15457	28121162
15458	2812268
15459	2812374
15460	28124550
15461	28125636
15462	28125928
15463	2812754
15464	28130648
15465	28131364
15466	28131770
15467	28133696
15468	28133858
15469	28134426
15470	28134514
15471	28136976
15472	28137108
15473	28137362
15474	28137704
15475	28137928
15476	28139496
15477	28140292
15478	28141026
15479	28141870
15480	28142496
15481	28142952
15482	28143234
15483	28145070
15484	2815006
15485	28154334
15486	28155336
15487	28156320
15488	28157794
15489	28158084
15490	28160230
15491	28160332
15492	28163900
15493	28165742
15494	28165776
15495	28166344
15496	28167704
15497	28168022
15498	28168076
15499	28169350
15500	2816992
15501	28171066
15502	28171956
15503	28173326
15504	28174378
15505	28174994
15506	28175884
15507	28176024
15508	28176148
15509	28176314
15510	28176578
15511	28176688
15512	28177208
15513	28178528
15514	28178602
15515	28179266
15516	28181992
15517	28182082
15518	28184186
15519	28184768
15520	2818664
15521	28187956
15522	28190426
15523	28190714
15524	28192582
15525	28194388
15526	28195914
15527	28196474
15528	28196946
15529	28197488
15530	28198450
15531	28199034
15532	28202050
15533	28202610
15534	28204118
15535	28204642
15536	28206616
15537	28207184
15538	28207212
15539	28207444
15540	28209466
15541	28210882
15542	28213496
15543	28214738
15544	28215132
15545	2821574
15546	28215834
15547	28216458
15548	28219166
15549	28219254
15550	28219822
15551	28221776
15552	28222262
15553	28224310
15554	28226664
15555	28231324
15556	28232286
15557	28235550
15558	28235974
15559	28237164
15560	28237394
15561	28238386
15562	28242638
15563	28244370
15564	28245168
15565	28246384
15566	28247848
15567	28251316
15568	28255836
15569	28257794
15570	28261244
15571	28263376
15572	28263566
15573	28266226
15574	28267256
15575	28268762
15576	28275730
15577	28277046
15578	28277770
15579	28279158
15580	28280310
15581	28281094
15582	28281902
15583	28282652
15584	28285594
15585	28290720
15586	28291316
15587	28291380
15588	28293098
15589	28293722
15590	28295650
15591	28298252
15592	28299094
15593	28299392
15594	28301168
15595	28302246
15596	28302330
15597	28303826
15598	28305584
15599	28308286
15600	28308860
15601	28309490
15602	28310410
15603	2831116
15604	28311196
15605	2831294
15606	28315882
15607	28315928
15608	2831664
15609	28316844
15610	28317502
15611	28321392
15612	28321806
15613	28321990
15614	2832258
15615	28322660
15616	2832334
15617	28325844
15618	28326708
15619	28327576
15620	28328328
15621	28329308
15622	28329392
15623	28330382
15624	28330774
15625	28330996
15626	28331912
15627	28332730
15628	28332850
15629	28338948
15630	28339826
15631	28341818
15632	28341876
15633	28342454
15634	28343890
15635	28344932
15636	2834528
15637	28345932
15638	28348282
15639	28349210
15640	28350508
15641	28351528
15642	28351856
15643	2835220
15644	28353068
15645	28354222
15646	28354872
15647	28358014
15648	28359122
15649	28359700
15650	2835982
15651	28366134
15652	28367306
15653	28367768
15654	28367982
15655	28369820
15656	28372388
15657	28372778
15658	28373740
15659	28374150
15660	28376778
15661	28381122
15662	28381522
15663	28381804
15664	28382028
15665	283825
15666	283846
15667	283853
15668	28389536
15669	28393108
15670	28394000
15671	28395394
15672	28396606
15673	28398238
15674	28399010
15675	28400354
15676	28402862
15677	28405044
15678	2840602
15679	28406696
15680	28408158
15681	28409210
15682	28409566
15683	28412462
15684	28412870
15685	28413084
15686	28414156
15687	28414544
15688	28414660
15689	28414798
15690	284172
15691	28417572
15692	2842062
15693	28421446
15694	28427074
15695	28427282
15696	28428142
15697	28429120
15698	28429232
15699	28431244
15700	28435940
15701	28436786
15702	28437326
15703	28438042
15704	28438394
15705	28439878
15706	28445256
15707	28446152
15708	28449402
15709	28449952
15710	28449960
15711	28450694
15712	28451334
15713	284536
15714	28453928
15715	28454386
15716	28454790
15717	28457366
15718	28458806
15719	28460252
15720	28460282
15721	28463996
15722	28467266
15723	28468312
15724	28468780
15725	28470404
15726	28470938
15727	284714
15728	28472396
15729	2847448
15730	28476800
15731	28478152
15732	28478878
15733	28482152
15734	28482938
15735	28484868
15736	28485560
15737	28485816
15738	28489204
15739	28491144
15740	28492930
15741	28492980
15742	28493450
15743	28494044
15744	28494732
15745	28495406
15746	28496704
15747	28497190
15748	28497718
15749	28500514
15750	28500746
15751	28502898
15752	2850326
15753	28505954
15754	28506206
15755	28507178
15756	2850800
15757	28509458
15758	28510262
15759	28511748
15760	28512246
15761	2851478
15762	28515392
15763	28517180
15764	28521024
15765	28521418
15766	285233
15767	28523794
15768	28523998
15769	28525180
15770	28528376
15771	28528986
15772	28530728
15773	28531896
15774	28532762
15775	28535212
15776	28535230
15777	2853672
15778	28537098
15779	28537780
15780	2853894
15781	28538984
15782	28539290
15783	28541048
15784	28542420
15785	285438
15786	28544800
15787	28546418
15788	28546608
15789	28547388
15790	28547710
15791	28547954
15792	28548834
15793	28549174
15794	2855074
15795	28554060
15796	28557100
15797	28559502
15798	28560444
15799	28561874
15800	28564126
15801	28564874
15802	28565464
15803	28565528
15804	28565670
15805	28566562
15806	28568002
15807	28569228
15808	28571362
15809	28571640
15810	28572812
15811	28573014
15812	28573252
15813	28575548
15814	28575600
15815	28576526
15816	28577780
15817	28580078
15818	28581730
15819	28582170
15820	28584760
15821	28587084
15822	28589488
15823	28590214
15824	28591542
15825	28592514
15826	28595046
15827	28599654
15828	2860358
15829	28604558
15830	28611248
15831	28611658
15832	2861650
15833	28617180
15834	28622186
15835	28625316
15836	28626280
15837	28626800
15838	28626888
15839	28628508
15840	28628786
15841	28629050
15842	28630110
15843	28631914
15844	28634698
15845	28635526
15846	28635986
15847	28636148
15848	28639068
15849	28639410
15850	28639774
15851	28642764
15852	28643136
15853	28644640
15854	28645400
15855	286484
15856	28648440
15857	28649114
15858	28650148
15859	28652534
15860	28652766
15861	28653718
15862	286540
15863	28654020
15864	28655196
15865	28656592
15866	28659560
15867	28663898
15868	28664410
15869	28665094
15870	28665790
15871	28666300
15872	28667148
15873	28668966
15874	28669164
15875	28670498
15876	28670538
15877	28671632
15878	28672184
15879	28674052
15880	28675470
15881	28677216
15882	28681692
15883	28682000
15884	28682970
15885	2868536
15886	28688494
15887	28689334
15888	28689502
15889	2868958
15890	2868996
15891	28690490
15892	28690492
15893	28693588
15894	28695536
15895	28696188
15896	28697518
15897	28698426
15898	28698960
15899	28699548
15900	2870174
15901	28702688
15902	28705846
15903	28707020
15904	28707792
15905	28708792
15906	28708796
15907	28709148
15908	28709746
15909	28710228
15910	28712456
15911	28713276
15912	28714138
15913	2871494
15914	28716332
15915	28718620
15916	28718970
15917	28719726
15918	28720544
15919	28722168
15920	28724166
15921	28725954
15922	28726898
15923	28728520
15924	28728844
15925	28729608
15926	28734260
15927	28737076
15928	287397
15929	28739824
15930	28741284
15931	28742174
15932	28743242
15933	28745438
15934	28750462
15935	28758092
15936	28759736
15937	28761342
15938	28762358
15939	28763988
15940	28765134
15941	28767412
15942	28770474
15943	28772012
15944	28773636
15945	28774792
15946	28776910
15947	28777260
15948	28777650
15949	28777756
15950	28777946
15951	28778246
15952	28779882
15953	2879130
15954	2879772
15955	2880
15956	28801680
15957	28803018
15958	28803956
15959	2880414
15960	28805560
15961	28810018
15962	28810136
15963	28810868
15964	2881344
15965	28815084
15966	28815206
15967	28815658
15968	28816832
15969	28816928
15970	28816930
15971	288177
15972	28819542
15973	2882088
15974	28821208
15975	288214
15976	2882252
15977	28825798
15978	28828270
15979	28828736
15980	2882912
15981	28830506
15982	288311
15983	28835090
15984	28835934
15985	28838160
15986	2883824
15987	28840688
15988	28845660
15989	28848476
15990	28849010
15991	28850542
15992	2885090
15993	28851032
15994	2885402
15995	28854650
15996	28854856
15997	28856778
15998	28857864
15999	28858964
16000	28859
16001	28860110
16002	28861320
16003	28863324
16004	28863776
16005	28864992
16006	28866764
16007	28869716
16008	28870530
16009	28872056
16010	28873772
16011	28874696
16012	28876662
16013	2887736
16014	28880228
16015	28881122
16016	28881608
16017	28882798
16018	28883038
16019	28883946
16020	28885074
16021	28885690
16022	28887042
16023	28887420
16024	28890062
16025	28890076
16026	28890372
16027	28891178
16028	28891650
16029	28891830
16030	28893758
16031	28895536
16032	28896704
16033	28896830
16034	28896926
16035	28896980
16036	28897592
16037	28898886
16038	28900252
16039	28903360
16040	28903750
16041	28904132
16042	28904416
16043	2890458
16044	28905558
16045	28905906
16046	28908890
16047	28911474
16048	28913334
16049	28913548
16050	28916134
16051	2891672
16052	28917136
16053	28922618
16054	28924810
16055	28927354
16056	28927788
16057	28929236
16058	28929628
16059	28931194
16060	28932774
16061	28932776
16062	2893352
16063	28935626
16064	2893574
16065	28936904
16066	28940104
16067	28940130
16068	2894048
16069	28941512
16070	2894364
16071	28946126
16072	28949574
16073	2895150
16074	28952170
16075	28953458
16076	28955204
16077	28955980
16078	28956170
16079	2895850
16080	28962772
16081	28963146
16082	28963256
16083	28963844
16084	28964220
16085	28964812
16086	28964976
16087	28966220
16088	28966294
16089	28966870
16090	28967072
16091	2896802
16092	28970816
16093	28970974
16094	28971262
16095	28974020
16096	28976162
16097	2897740
16098	28977792
16099	28978528
16100	28982464
16101	289827
16102	28982996
16103	28983672
16104	28987170
16105	28988526
16106	28988680
16107	28989074
16108	28989298
16109	28989344
16110	28989354
16111	28989360
16112	28989410
16113	28989458
16114	28989528
16115	28989566
16116	28989620
16117	28989646
16118	28989654
16119	28989700
16120	28989740
16121	28991494
16122	28991836
16123	28991956
16124	28995050
16125	28995570
16126	28996094
16127	28997846
16128	28998994
16129	29001296
16130	29005974
16131	29006462
16132	29007172
16133	29011584
16134	29014348
16135	29016692
16136	29016984
16137	29017172
16138	29017684
16139	29019
16140	29020514
16141	29026478
16142	29027202
16143	29028684
16144	29030304
16145	29033124
16146	29034366
16147	29034380
16148	29035162
16149	29035548
16150	29039172
16151	29040230
16152	29040686
16153	29040868
16154	29041158
16155	29041940
16156	2904358
16157	29048886
16158	29055584
16159	29058888
16160	29059670
16161	29062222
16162	29065206
16163	29066098
16164	29066792
16165	29068294
16166	29070148
16167	2907172
16168	29073928
16169	29075380
16170	29078512
16171	2908012
16172	29082184
16173	29082742
16174	29083284
16175	29083538
16176	29086768
16177	290901
16178	29091318
16179	29095140
16180	29096348
16181	29097244
16182	29097442
16183	29097528
16184	29097874
16185	29099372
16186	29099412
16187	29100630
16188	2910274
16189	29104214
16190	29107352
16191	29109402
16192	29109464
16193	2911082
16194	29114660
16195	29116352
16196	29119232
16197	29120494
16198	29120560
16199	29120876
16200	29121926
16201	29123180
16202	29123814
16203	29124266
16204	29124358
16205	29124708
16206	29124740
16207	29126670
16208	29127088
16209	29127588
16210	29128332
16211	29128516
16212	29128656
16213	29129868
16214	29133386
16215	29134290
16216	29134454
16217	29134954
16218	29135406
16219	29136246
16220	29141368
16221	29142134
16222	29142280
16223	29142522
16224	2914368
16225	29145282
16226	2914638
16227	29146780
16228	29147276
16229	29147476
16230	29151648
16231	29152354
16232	29152598
16233	29153398
16234	29158044
16235	29158162
16236	29158898
16237	2916094
16238	29161578
16239	29162094
16240	29163516
16241	29163876
16242	29166932
16243	29167350
16244	29169948
16245	29170048
16246	29170866
16247	29171484
16248	29171496
16249	29172972
16250	29174238
16251	29175424
16252	29176500
16253	29177302
16254	29178988
16255	29179326
16256	29185050
16257	29186432
16258	29190412
16259	29190734
16260	2919122
16261	29191392
16262	29193272
16263	29194112
16264	29199016
16265	29199652
16266	29202172
16267	29204088
16268	29204422
16269	29205246
16270	29205452
16271	29206290
16272	29207074
16273	29208976
16274	29211890
16275	29211958
16276	29213504
16277	29215622
16278	29217596
16279	29219214
16280	29221488
16281	29221992
16282	29223554
16283	2922380
16284	29226118
16285	29229656
16286	29230002
16287	29231036
16288	29233412
16289	29237264
16290	29238880
16291	29239244
16292	29239842
16293	29241004
16294	29241080
16295	29241150
16296	29241168
16297	29241542
16298	29241604
16299	29241686
16300	29241814
16301	29242148
16302	29242158
16303	29242480
16304	29243068
16305	2924442
16306	29244546
16307	29245212
16308	29247322
16309	29248024
16310	29251556
16311	29252472
16312	29253696
16313	29255608
16314	29257606
16315	29260100
16316	29260718
16317	29261144
16318	29261804
16319	29262008
16320	29264446
16321	29264670
16322	29265008
16323	29265656
16324	29266644
16325	29267274
16326	29268588
16327	2926904
16328	29269630
16329	29270826
16330	29270944
16331	29272376
16332	29276868
16333	29277034
16334	29277298
16335	29278928
16336	29279738
16337	29280250
16338	29280990
16339	29283492
16340	29284620
16341	29285898
16342	29287378
16343	2928766
16344	29289276
16345	2929210
16346	29292388
16347	29293138
16348	29293328
16349	29296434
16350	29297668
16351	29297766
16352	29297824
16353	29298402
16354	29298940
16355	29299242
16356	29300884
16357	29302240
16358	29302880
16359	29303154
16360	29303194
16361	29304768
16362	29306512
16363	29307544
16364	2930820
16365	2931186
16366	29312066
16367	293140
16368	29316268
16369	29317694
16370	29317720
16371	29319048
16372	2932406
16373	29326648
16374	2932684
16375	29327542
16376	29328232
16377	29331070
16378	293346
16379	29336620
16380	29336646
16381	29338906
16382	29339504
16383	2934060
16384	29343394
16385	29344114
16386	29344568
16387	2934656
16388	29351010
16389	2935338
16390	29353522
16391	29353602
16392	29354018
16393	2935622
16394	29357872
16395	29358234
16396	29359832
16397	29359886
16398	29360074
16399	29360170
16400	29360828
16401	29361544
16402	29362410
16403	29363702
16404	29364528
16405	29370560
16406	29372066
16407	29373948
16408	29375222
16409	29377748
16410	29378470
16411	29378612
16412	29379426
16413	29380112
16414	29380616
16415	2938142
16416	29385788
16417	29386162
16418	29386658
16419	29387752
16420	29389224
16421	29394114
16422	29395714
16423	29395726
16424	29396976
16425	29398992
16426	2939932
16427	29402356
16428	29402554
16429	2940310
16430	29403406
16431	2940498
16432	29405254
16433	29405488
16434	29406326
16435	29406598
16436	29406808
16437	29407546
16438	29407558
16439	29407950
16440	29409906
16441	29412206
16442	2941618
16443	29416526
16444	29418286
16445	29420268
16446	29422984
16447	29423018
16448	2942592
16449	29426640
16450	29427860
16451	29430362
16452	29430572
16453	2943204
16454	29432532
16455	29433112
16456	29433264
16457	29433590
16458	294353
16459	2943676
16460	29437090
16461	29440714
16462	29441044
16463	2944180
16464	29442724
16465	29451012
16466	29452348
16467	29453224
16468	29454516
16469	29457058
16470	2945800
16471	29460678
16472	29460886
16473	29461266
16474	29461644
16475	29463352
16476	2946684
16477	29470428
16478	29474628
16479	29475344
16480	29478830
16481	29486052
16482	29486078
16483	29488520
16484	29489100
16485	29490058
16486	29490638
16487	29493546
16488	29495746
16489	29495758
16490	29495948
16491	29498124
16492	29499582
16493	29512844
16494	29515428
16495	29516154
16496	29517440
16497	29517620
16498	29518028
16499	29519362
16500	295212
16501	29521212
16502	29523538
16503	29526828
16504	29527198
16505	29527304
16506	29528568
16507	29535612
16508	29535946
16509	29536340
16510	2953772
16511	29541046
16512	29544210
16513	29548056
16514	29548930
16515	29550966
16516	29551486
16517	29554274
16518	29555348
16519	29555580
16520	29557070
16521	29562042
16522	29563158
16523	29565000
16524	29565202
16525	29566446
16526	29566738
16527	2956962
16528	29569740
16529	29571208
16530	29571256
16531	29573830
16532	29574756
16533	29574942
16534	29575716
16535	29576490
16536	29587238
16537	29590542
16538	29591036
16539	29591222
16540	29592174
16541	2959430
16542	29594432
16543	29594486
16544	29594746
16545	29597588
16546	29598012
16547	29599956
16548	29600534
16549	296008
16550	29601386
16551	29606276
16552	29606916
16553	29607446
16554	29613280
16555	2962040
16556	29620612
16557	29624138
16558	29627158
16559	29628008
16560	29628384
16561	29630270
16562	29631172
16563	2963200
16564	29633388
16565	29636082
16566	29641498
16567	29641574
16568	29642200
16569	29642584
16570	29644594
16571	29645336
16572	29646116
16573	29649996
16574	29651008
16575	29652538
16576	29657286
16577	29658970
16578	29660888
16579	29664552
16580	29664672
16581	29665370
16582	29667954
16583	2966868
16584	29669374
16585	29671710
16586	29672052
16587	29672490
16588	29672812
16589	29675018
16590	29676324
16591	29676812
16592	29677448
16593	29679306
16594	29680602
16595	2968116
16596	29681972
16597	2968334
16598	29690990
16599	29692472
16600	29693900
16601	29694812
16602	29695584
16603	29696668
16604	29698198
16605	29700692
16606	29702870
16607	29705284
16608	29706998
16609	29708200
16610	29708488
16611	29709590
16612	29710518
16613	29715642
16614	297169
16615	29717346
16616	29718620
16617	29719550
16618	29721718
16619	29723424
16620	29724456
16621	297245
16622	29725493
16623	297255
16624	29727632
16625	29730516
16626	29731648
16627	29731762
16628	29731902
16629	29734408
16630	297362
16631	29736478
16632	29737466
16633	29739042
16634	29740578
16635	29741022
16636	2974112
16637	29742030
16638	29742148
16639	29743852
16640	29744432
16641	29745208
16642	29745354
16643	29747638
16644	29748442
16645	29748592
16646	29749482
16647	29753446
16648	29754848
16649	29755216
16650	29756046
16651	29758254
16652	29764962
16653	29765104
16654	29768968
16655	29772212
16656	29774382
16657	29774464
16658	2977640
16659	29776438
16660	29776450
16661	29776956
16662	29777398
16663	29780512
16664	29781318
16665	2978462
16666	29786516
16667	29786536
16668	2978972
16669	29791618
16670	29797848
16671	297981
16672	2979878
16673	29800864
16674	29805562
16675	2980912
16676	29814418
16677	29814626
16678	2981684
16679	29817570
16680	29825420
16681	29828332
16682	2982848
16683	29829596
16684	29830352
16685	2983332
16686	29838252
16687	29838470
16688	29839348
16689	29841798
16690	29842606
16691	29844420
16692	29844702
16693	29848276
16694	29848970
16695	29851968
16696	29857432
16697	29859068
16698	29863046
16699	29863772
16700	29864432
16701	29866094
16702	29870818
16703	29874978
16704	29877302
16705	298779
16706	29878689
16707	29881638
16708	29882230
16709	29882329
16710	29884236
16711	29886776
16712	2988798
16713	29894676
16714	29896300
16715	29898662
16716	29899196
16717	29900364
16718	29901576
16719	29902536
16720	2990478
16721	29904944
16722	29908686
16723	29910064
16724	2991042
16725	29911418
16726	29913744
16727	29914030
16728	29914996
16729	29915766
16730	29916670
16731	29918662
16732	29919270
16733	29921620
16734	29923336
16735	29926346
16736	29927410
16737	29929186
16738	29929908
16739	29930004
16740	2993032
16741	29930790
16742	29931688
16743	29933620
16744	29933694
16745	29934580
16746	29934864
16747	29935938
16748	29940362
16749	29945002
16750	29945270
16751	29946880
16752	29948040
16753	2994964
16754	29951202
16755	29951990
16756	29952076
16757	29952196
16758	29952266
16759	29954698
16760	29959510
16761	29960684
16762	29961178
16763	29962520
16764	29962812
16765	29964122
16766	29965556
16767	29967748
16768	29968352
16769	29973540
16770	29977012
16771	29982874
16772	29983138
16773	29983476
16774	29983816
16775	29986480
16776	29988812
16777	299928
16778	29993804
16779	29996712
16780	2999770
16781	29998016
16782	299998
16783	30000286
16784	30000964
16785	3000170
16786	30002870
16787	3000320
16788	30007428
16789	3000844
16790	30009088
16791	3001004
16792	30011032
16793	30011480
16794	30013366
16795	30014634
16796	30015808
16797	30018908
16798	30022646
16799	30029934
16800	30030748
16801	30032568
16802	30033398
16803	30035140
16804	30036018
16805	30038402
16806	3003880
16807	30039698
16808	30039730
16809	30041180
16810	30042764
16811	3004502
16812	30046686
16813	3004672
16814	30046794
16815	30048460
16816	30049476
16817	30052592
16818	3005350
16819	30057248
16820	30057686
16821	30059200
16822	30061764
16823	30062274
16824	30064176
16825	30066438
16826	3006744
16827	30070122
16828	30071052
16829	3007132
16830	30073622
16831	30074558
16832	30074940
16833	30077548
16834	30077716
16835	30077958
16836	30079611
16837	30079918
16838	30080250
16839	30081882
16840	30083848
16841	30084086
16842	30085954
16843	300883
16844	30090188
16845	30092696
16846	30092896
16847	30096040
16848	30096174
16849	30097258
16850	30097426
16851	30099952
16852	30100004
16853	3010024
16854	30102616
16855	30103326
16856	30105149
16857	3010538
16858	3010552
16859	30105567
16860	3010700
16861	3010848
16862	30109154
16863	30110692
16864	30112054
16865	30112512
16866	30113152
16867	30113168
16868	301141
16869	30115860
16870	30116516
16871	30118082
16872	30118658
16873	30119814
16874	30120442
16875	30120942
16876	30122522
16877	30124072
16878	30133570
16879	30144728
16880	30145134
16881	30146528
16882	3014656
16883	30148082
16884	30148556
16885	30149612
16886	30152202
16887	30153704
16888	30155020
16889	30163666
16890	30163818
16891	30164612
16892	30164720
16893	30165062
16894	30165842
16895	30166180
16896	30166678
16897	30171934
16898	30173112
16899	3017330
16900	30176240
16901	30176428
16902	30176454
16903	30177020
16904	30177278
16905	30179286
16906	30181798
16907	30183010
16908	30185056
16909	30187602
16910	30188808
16911	30194716
16912	30194900
16913	302033
16914	30203750
16915	3020386
16916	30207690
16917	30208090
16918	30208152
16919	30209186
16920	302098
16921	30211898
16922	30213148
16923	30213996
16924	30214756
16925	30216162
16926	3021718
16927	30217590
16928	30218036
16929	30223332
16930	30224348
16931	30229844
16932	30230234
16933	30233944
16934	30235368
16935	30236686
16936	302376
16937	30237744
16938	30241568
16939	30242186
16940	30242738
16941	30243022
16942	30247920
16943	30249090
16944	30249754
16945	30251510
16946	30255038
16947	302574
16948	30260122
16949	30262844
16950	30262976
16951	30264464
16952	3026500
16953	30269070
16954	30271734
16955	302736
16956	302745
16957	30275048
16958	302766
16959	30278120
16960	30278492
16961	30279740
16962	30281660
16963	30291924
16964	30293016
16965	30294350
16966	30295048
16967	30296908
16968	30301956
16969	30304542
16970	3030506
16971	30305186
16972	30309734
16973	30309848
16974	30311700
16975	30313994
16976	30319240
16977	30319796
16978	30321228
16979	30323892
16980	30327654
16981	30330838
16982	30332976
16983	30333846
16984	3033726
16985	30337692
16986	3033870
16987	30339236
16988	30339838
16989	30342520
16990	30343356
16991	30345202
16992	30346484
16993	30348060
16994	30349186
16995	30350944
16996	30353094
16997	30353716
16998	30354024
16999	30357374
17000	3036038
17001	30363548
17002	30364064
17003	30364346
17004	30365380
17005	30366516
17006	3036676
17007	30369828
17008	30373520
17009	303762
17010	30379534
17011	30380388
17012	30384392
17013	30387742
17014	30392966
17015	30393142
17016	30394378
17017	30398716
17018	30401974
17019	30404518
17020	30407140
17021	30410718
17022	30413428
17023	30414058
17024	30414244
17025	3041460
17026	30414928
17027	30415402
17028	30415662
17029	30420890
17030	30424210
17031	3042424
17032	3042448
17033	30425444
17034	30425776
17035	30427292
17036	30429640
17037	30433678
17038	30438676
17039	30441470
17040	30443590
17041	30444880
17042	30447410
17043	30448492
17044	30450804
17045	30456476
17046	304586
17047	30459208
17048	30459268
17049	30463190
17050	30465516
17051	30465758
17052	30467282
17053	3046958
17054	30471868
17055	30472052
17056	30474722
17057	3048064
17058	304827
17059	30483164
17060	30489467
17061	3049156
17062	30492476
17063	30494222
17064	30495934
17065	30496984
17066	30498368
17067	3050290
17068	30504622
17069	30504938
17070	30506132
17071	30506166
17072	30506516
17073	30508378
17074	30508688
17075	30511094
17076	30516190
17077	30516426
17078	30520630
17079	30523100
17080	30523624
17081	30524046
17082	30525146
17083	30526040
17084	30526620
17085	30528744
17086	30529402
17087	30530508
17088	30531362
17089	30531794
17090	30532252
17091	30533160
17092	3053404
17093	30534676
17094	30536596
17095	30538118
17096	30541216
17097	30541374
17098	30543172
17099	30543734
17100	30544718
17101	30552462
17102	30554436
17103	305545
17104	30559032
17105	30560766
17106	30563722
17107	30563960
17108	30564944
17109	30566512
17110	30567658
17111	30569596
17112	30571710
17113	30571896
17114	30572856
17115	30576290
17116	30579458
17117	30581644
17118	3058272
17119	30583100
17120	30585484
17121	30590088
17122	30590260
17123	30591626
17124	30592638
17125	30594878
17126	30595344
17127	30596238
17128	30598814
17129	30603626
17130	30604734
17131	30609236
17132	30611094
17133	30611122
17134	30612376
17135	30612398
17136	30612934
17137	30613446
17138	30614880
17139	30615650
17140	30617880
17141	30618866
17142	30619702
17143	30619948
17144	30621820
17145	30622004
17146	30622630
17147	30622876
17148	30623022
17149	30623828
17150	30624104
17151	30625924
17152	30626722
17153	3062730
17154	30627916
17155	30631412
17156	30631498
17157	30631804
17158	30633756
17159	3063572
17160	30635988
17161	30638776
17162	306401
17163	3064508
17164	3064678
17165	30647386
17166	30649346
17167	30649444
17168	30649466
17169	30650274
17170	3065832
17171	30659932
17172	3066078
17173	3066490
17174	30666742
17175	30667880
17176	30668254
17177	30668408
17178	30669451
17179	30674262
17180	30677030
17181	30677386
17182	30677408
17183	30682454
17184	30682638
17185	30685886
17186	30686682
17187	30689652
17188	30691650
17189	30691916
17190	30698976
17191	30702082
17192	30702684
17193	3070352
17194	30706794
17195	30708686
17196	30708986
17197	30709754
17198	307100
17199	30713746
17200	3071554
17201	30715956
17202	30716508
17203	30721560
17204	30723568
17205	30724414
17206	30725322
17207	30726492
17208	30729918
17209	30730126
17210	30731350
17211	30731912
17212	30732050
17213	30732568
17214	30732966
17215	307344
17216	3073510
17217	30736530
17218	307367
17219	30737678
17220	30739584
17221	3074356
17222	30747890
17223	30748796
17224	30749576
17225	30753402
17226	30757446
17227	30761114
17228	30761976
17229	30765664
17230	307669
17231	30768656
17232	30769332
17233	30771570
17234	3077372
17235	30779214
17236	30782516
17237	30783930
17238	30785590
17239	30787468
17240	307878
17241	30788226
17242	30789720
17243	30791514
17244	30793012
17245	30796056
17246	30797028
17247	30797296
17248	30800310
17249	30800464
17250	30800968
17251	30801430
17252	308016
17253	30803460
17254	30804058
17255	30804750
17256	30807614
17257	30808548
17258	30810868
17259	30811090
17260	30811420
17261	30811722
17262	30812192
17263	30813150
17264	3081340
17265	30814330
17266	30817126
17267	30819486
17268	30822294
17269	30822568
17270	30824746
17271	3082568
17272	30826828
17273	30827392
17274	30828474
17275	30829134
17276	30829490
17277	30830138
17278	30834816
17279	3083540
17280	308377
17281	30839288
17282	30846558
17283	30847908
17284	30852656
17285	30858070
17286	30860
17287	30861858
17288	30864216
17289	30866116
17290	30866942
17291	30867738
17292	30867832
17293	30873786
17294	30876138
17295	30885954
17296	30889762
17297	30893182
17298	3089828
17299	30899554
17300	30900656
17301	30902590
17302	30902900
17303	30905630
17304	30906362
17305	30908000
17306	3090826
17307	309089
17308	30909594
17309	30909964
17310	30911566
17311	30913876
17312	30916064
17313	30919410
17314	30922650
17315	30924978
17316	30928332
17317	30930388
17318	30932370
17319	30933156
17320	30938220
17321	30939150
17322	30939204
17323	30939772
17324	30940524
17325	30941474
17326	30941700
17327	30948
17328	30948018
17329	30948052
17330	30949240
17331	3094988
17332	30952878
17333	30953954
17334	30959462
17335	30960280
17336	309604
17337	30960662
17338	30960732
17339	30961200
17340	30963968
17341	30964164
17342	30964706
17343	30966760
17344	30968096
17345	30968100
17346	3096886
17347	30969466
17348	30970670
17349	30973754
17350	30975992
17351	30980986
17352	3098144
17353	30984154
17354	30987136
17355	3098816
17356	30989100
17357	30993720
17358	30993884
17359	30994604
17360	30997100
17361	30998392
17362	31002914
17363	31002922
17364	31005600
17365	31011100
17366	31013262
17367	31013514
17368	31014244
17369	31014296
17370	31014574
17371	31015438
17372	31018284
17373	31020052
17374	3102112
17375	31021174
17376	31022830
17377	31023182
17378	31023788
17379	31024716
17380	31025220
17381	31025752
17382	31025870
17383	31028282
17384	3104046
17385	31041174
17386	31041338
17387	31041464
17388	31042762
17389	31043432
17390	31043986
17391	31044840
17392	31047378
17393	31049948
17394	31054236
17395	31056614
17396	3105698
17397	31057672
17398	3105780
17399	31062566
17400	31063992
17401	31064186
17402	31065038
17403	3106770
17404	31069972
17405	31072750
17406	31072796
17407	3107356
17408	31073686
17409	31074952
17410	31079422
17411	31083104
17412	31084182
17413	31086802
17414	31086812
17415	31087192
17416	31087458
17417	31087892
17418	31088028
17419	31088882
17420	31090906
17421	310920
17422	31095656
17423	31096044
17424	31096476
17425	31097482
17426	31098742
17427	31103992
17428	3110594
17429	31105998
17430	3110614
17431	31108710
17432	31108828
17433	31112218
17434	3111302
17435	31115104
17436	31115452
17437	31116586
17438	31116796
17439	3111774
17440	3112080
17441	31123796
17442	3112452
17443	31126658
17444	31127968
17445	311280
17446	31130666
17447	31133156
17448	31133828
17449	31133846
17450	31134306
17451	31140966
17452	31149858
17453	3115102
17454	3115430
17455	3115686
17456	31157890
17457	31160044
17458	31160914
17459	31163252
17460	31164820
17461	31167708
17462	31169284
17463	31169916
17464	31170992
17465	31171392
17466	311760
17467	31176272
17468	31178416
17469	31179656
17470	31183792
17471	3118512
17472	31187124
17473	31189092
17474	31194742
17475	31198966
17476	31199262
17477	31205604
17478	3120826
17479	31211726
17480	31214512
17481	3121608
17482	31221018
17483	31224366
17484	31224894
17485	31224944
17486	312258
17487	31226062
17488	31227048
17489	31227092
17490	31227132
17491	31227236
17492	31238478
17493	31239228
17494	31240278
17495	31240378
17496	31241074
17497	31247620
17498	31248226
17499	31252178
17500	31253642
17501	31261
17502	3126142
17503	31261860
17504	312632
17505	31264192
17506	31264222
17507	31265720
17508	31268794
17509	31268894
17510	31269466
17511	3127040
17512	31274116
17513	31276002
17514	31281010
17515	31281650
17516	3128300
17517	31291566
17518	31293488
17519	31294476
17520	3129806
17521	3129966
17522	31300976
17523	31301128
17524	31302592
17525	31306242
17526	31306306
17527	31308008
17528	31309702
17529	31311404
17530	31311618
17531	31312558
17532	31314372
17533	31315726
17534	31316490
17535	31322448
17536	31325224
17537	31328382
17538	31330696
17539	3133218
17540	31332418
17541	31333750
17542	31334642
17543	31338360
17544	31339814
17545	31341660
17546	31342518
17547	3134386
17548	31346598
17549	31349852
17550	3135132
17551	31353094
17552	31356090
17553	31359222
17554	31361688
17555	31364436
17556	31370704
17557	31371056
17558	313758
17559	3137684
17560	31380778
17561	31383352
17562	31383488
17563	3138496
17564	31386354
17565	31387678
17566	31388684
17567	31389488
17568	31393728
17569	31396620
17570	31400394
17571	314028
17572	31403366
17573	3140554
17574	31405820
17575	31408378
17576	3141554
17577	3141638
17578	3141678
17579	31417162
17580	31418432
17581	31418784
17582	31420038
17583	31422782
17584	31427152
17585	31431348
17586	3143614
17587	31437950
17588	31441002
17589	31445228
17590	3144562
17591	3144564
17592	31451182
17593	31452824
17594	31454772
17595	31458186
17596	3145906
17597	31461566
17598	31461932
17599	31465148
17600	31465390
17601	31468142
17602	31470036
17603	31470816
17604	31471196
17605	31473706
17606	31478596
17607	31479546
17608	31484858
17609	31488866
17610	31489798
17611	31490256
17612	31491054
17613	31493076
17614	31493976
17615	31498584
17616	31498644
17617	31501954
17618	31505398
17619	31506764
17620	31508228
17621	31508572
17622	31513174
17623	31515942
17624	31516734
17625	31519196
17626	31523554
17627	31525372
17628	31525710
17629	31525760
17630	31526470
17631	31531424
17632	31531556
17633	31531598
17634	31534958
17635	31538176
17636	31540690
17637	315412
17638	31543368
17639	31543514
17640	31548098
17641	31549878
17642	31550454
17643	31553814
17644	3155824
17645	31561224
17646	31562390
17647	3156258
17648	3156422
17649	31564992
17650	31565438
17651	31566732
17652	31569414
17653	31570038
17654	31575856
17655	31575964
17656	31577088
17657	31578000
17658	3157804
17659	31578642
17660	31580414
17661	31580958
17662	31583794
17663	3158536
17664	31596208
17665	315966
17666	31597002
17667	31599490
17668	31600698
17669	3160142
17670	31602708
17671	31608432
17672	31612510
17673	31613960
17674	31615934
17675	31616888
17676	3161712
17677	31617614
17678	31618518
17679	3161982
17680	316227
17681	31624220
17682	31630998
17683	31632778
17684	31634532
17685	31637276
17686	31638642
17687	31638852
17688	31640324
17689	31640714
17690	31640946
17691	31641306
17692	31642610
17693	31645378
17694	31645990
17695	31646598
17696	31648480
17697	31649404
17698	31649820
17699	31651406
17700	31657384
17701	3165772
17702	31659678
17703	31659754
17704	31661980
17705	31663468
17706	31664002
17707	31665116
17708	31669648
17709	31670076
17710	31670666
17711	31672068
17712	31672614
17713	3167642
17714	3168096
17715	31686034
17716	31689448
17717	31691340
17718	3169236
17719	31694180
17720	316959
17721	31696322
17722	31697594
17723	31698706
17724	31699562
17725	31700428
17726	31700620
17727	3170528
17728	3170912
17729	31709534
17730	31710072
17731	31718122
17732	31720424
17733	3172344
17734	31724888
17735	3172840
17736	31730352
17737	31733890
17738	31736952
17739	31738728
17740	31739830
17741	31740726
17742	31741696
17743	31742390
17744	31743118
17745	31748412
17746	31748540
17747	31750010
17748	31750410
17749	31753632
17750	31756968
17751	31760524
17752	317625
17753	317643
17754	31765692
17755	31767244
17756	31767714
17757	31768852
17758	31771950
17759	31775884
17760	31776282
17761	31776438
17762	31776442
17763	31776714
17764	3177738
17765	31777458
17766	31779376
17767	3177962
17768	31781526
17769	31782694
17770	31784940
17771	31788534
17772	3179516
17773	31802480
17774	31802978
17775	31805656
17776	31809436
17777	31810486
17778	31815410
17779	31815558
17780	31816900
17781	31817574
17782	318181
17783	31818106
17784	31824756
17785	31825694
17786	31826748
17787	318311
17788	31832496
17789	31835090
17790	31836008
17791	3184162
17792	31842262
17793	31844014
17794	31844708
17795	31845202
17796	31851770
17797	31852454
17798	31853170
17799	31854310
17800	3185482
17801	3185502
17802	31864190
17803	31868524
17804	31868590
17805	31868610
17806	31868636
17807	31873474
17808	31877632
17809	31880696
17810	31881064
17811	31886950
17812	31887974
17813	31889904
17814	31890416
17815	31891488
17816	31891622
17817	31891704
17818	31891746
17819	318965
17820	31899358
17821	31900862
17822	31905534
17823	31905868
17824	31906250
17825	31915254
17826	31916192
17827	31918308
17828	31919088
17829	31919394
17830	31919782
17831	31922730
17832	31923298
17833	31926800
17834	31927672
17835	31940348
17836	31940654
17837	31941998
17838	31942148
17839	31943332
17840	31943634
17841	319461
17842	31946114
17843	31946660
17844	31948458
17845	31949286
17846	31949320
17847	31950038
17848	31953706
17849	3195738
17850	31960326
17851	31960612
17852	319613
17853	31965808
17854	31969808
17855	31973680
17856	319742
17857	31977716
17858	31979190
17859	31979844
17860	31980756
17861	31981498
17862	31982206
17863	31983106
17864	31983638
17865	31984190
17866	31985142
17867	31985944
17868	31986798
17869	31989288
17870	31990048
17871	31990424
17872	31997606
17873	31999294
17874	32001600
17875	32004380
17876	32005482
17877	32007804
17878	32008104
17879	32009214
17880	32009436
17881	32010166
17882	32010916
17883	32011900
17884	32013762
17885	32014222
17886	32016370
17887	32017114
17888	32021482
17889	3202248
17890	32023598
17891	32025652
17892	3203048
17893	32031872
17894	32032126
17895	32032358
17896	32032840
17897	320345
17898	32035246
17899	32037018
17900	32037054
17901	32038436
17902	32040392
17903	320425
17904	32043356
17905	32043814
17906	32045602
17907	32047676
17908	32053470
17909	32053904
17910	32055866
17911	32057464
17912	32059648
17913	32062116
17914	32063496
17915	32069368
17916	32069538
17917	32073354
17918	32074328
17919	32074744
17920	32075362
17921	32075378
17922	32081712
17923	32082056
17924	32083042
17925	3208698
17926	32088258
17927	32090146
17928	32094178
17929	32094450
17930	32096936
17931	3210364
17932	3210402
17933	32104158
17934	32108566
17935	32111994
17936	3211514
17937	32118128
17938	32119508
17939	32119784
17940	32120886
17941	32121240
17942	32127582
17943	32127876
17944	32129620
17945	32130828
17946	32133390
17947	321352
17948	32136946
17949	32138194
17950	32138730
17951	32138752
17952	32141604
17953	32142020
17954	32143166
17955	3214402
17956	321442
17957	32147048
17958	32150936
17959	32151034
17960	32151232
17961	32153240
17962	32157438
17963	32158544
17964	32160964
17965	32163542
17966	32166312
17967	32170958
17968	32178984
17969	32180526
17970	3218730
17971	32191328
17972	32192192
17973	32192740
17974	32193368
17975	32193564
17976	32195514
17977	32196636
17978	32197432
17979	32198596
17980	32202338
17981	32204502
17982	32206254
17983	32207126
17984	32209772
17985	32210398
17986	32210802
17987	32210942
17988	32214030
17989	32215648
17990	32216424
17991	32217140
17992	32217484
17993	3222042
17994	32220778
17995	32220956
17996	32225188
17997	32228850
17998	32230542
17999	32231930
18000	32233066
18001	32233332
18002	32236062
18003	32238534
18004	32242192
18005	32248678
18006	32249714
18007	32253840
18008	32254086
18009	322544
18010	32254420
18011	32255144
18012	32256114
18013	322571
18014	32259418
18015	3226022
18016	32271132
18017	3227940
18018	32280610
18019	32282168
18020	32285114
18021	32285686
18022	32285992
18023	322864
18024	32287418
18025	32290206
18026	32292986
18027	3230782
18028	3231342
18029	32314788
18030	32315490
18031	32316744
18032	32317166
18033	32317288
18034	32318396
18035	32319712
18036	32320424
18037	32325110
18038	32330618
18039	3233444
18040	32336042
18041	32338182
18042	32339944
18043	32340464
18044	32346210
18045	323484
18046	32350460
18047	32356132
18048	32356334
18049	32357676
18050	32358140
18051	32359476
18052	32360074
18053	32360268
18054	32364622
18055	32365596
18056	32368078
18057	32369256
18058	32369676
18059	323709
18060	32372566
18061	323741
18062	32374806
18063	323782
18064	32379842
18065	32384214
18066	32385214
18067	32386848
18068	32387578
18069	32387654
18070	32388422
18071	32390130
18072	32391032
18073	32391366
18074	32392220
18075	323951
18076	32395924
18077	32407146
18078	32408534
18079	32409990
18080	32410354
18081	32412204
18082	32412276
18083	32413078
18084	32419024
18085	32419404
18086	32419426
18087	32421476
18088	32422426
18089	3242344
18090	32425480
18091	32427746
18092	3242928
18093	32436632
18094	32442438
18095	32447042
18096	32448170
18097	32453244
18098	32454380
18099	32467108
18100	32469940
18101	3247050
18102	32478532
18103	32487978
18104	32488824
18105	32495678
18106	32499286
18107	32504966
18108	32509864
18109	32510152
18110	32511682
18111	32512906
18112	32513856
18113	3251592
18114	32515980
18115	32516304
18116	32516654
18117	32518910
18118	32531942
18119	32534804
18120	32535788
18121	325372
18122	32537516
18123	32545052
18124	32553274
18125	32553998
18126	32559040
18127	32559942
18128	32567526
18129	32571562
18130	32575828
18131	32576686
18132	325777
18133	32580096
18134	32580600
18135	32581450
18136	32584870
18137	32587906
18138	32588030
18139	32591756
18140	32593054
18141	32593156
18142	32594110
18143	32594570
18144	3259676
18145	32598198
18146	32600286
18147	32604320
18148	32606776
18149	32611302
18150	32612662
18151	32613686
18152	32615104
18153	32615170
18154	326180
18155	32618678
18156	32628612
18157	32636532
18158	32637562
18159	32640772
18160	32642502
18161	32644960
18162	32648496
18163	32650006
18164	326511
18165	32654864
18166	32658416
18167	32658594
18168	32659702
18169	32663728
18170	32665614
18171	32669922
18172	32670448
18173	32675784
18174	32678236
18175	32681272
18176	32683286
18177	32684248
18178	32686910
18179	32687978
18180	32690674
18181	3269172
18182	32693200
18183	32697854
18184	32699742
18185	32701172
18186	32706300
18187	32709570
18188	32712174
18189	32720368
18190	32723386
18191	32723978
18192	32725504
18193	32728596
18194	32733172
18195	32739168
18196	32740196
18197	32741156
18198	32742382
18199	32742454
18200	32748408
18201	32748744
18202	327493
18203	32751218
18204	32753676
18205	32760180
18206	32763322
18207	32764108
18208	32764488
18209	32766220
18210	32766542
18211	3276726
18212	3276898
18213	32772870
18214	32776532
18215	32777206
18216	32779298
18217	32782410
18218	32785452
18219	3278594
18220	3278668
18221	32792468
18222	32792768
18223	327934
18224	32802460
18225	32812532
18226	32814272
18227	32816960
18228	32820484
18229	32820878
18230	32824066
18231	32824598
18232	3282798
18233	32830094
18234	328301
18235	32830162
18236	32830546
18237	32831226
18238	32835398
18239	32838716
18240	32842720
18241	3284424
18242	32847700
18243	32855458
18244	32856272
18245	32857474
18246	32858262
18247	32862954
18248	32863448
18249	32866170
18250	32867856
18251	32872830
18252	32874264
18253	32875142
18254	32880888
18255	32882340
18256	32884098
18257	32885026
18258	3288582
18259	328897
18260	32900284
18261	329018
18262	32901880
18263	32902832
18264	32907152
18265	32910472
18266	32916902
18267	32919770
18268	32922182
18269	32924360
18270	32928018
18271	329337
18272	32935770
18273	32938262
18274	329394
18275	32943912
18276	32945088
18277	32946686
18278	32949366
18279	32950088
18280	32950400
18281	3295164
18282	32953106
18283	32953842
18284	32965986
18285	32967452
18286	32970470
18287	32972486
18288	32972916
18289	3297354
18290	32974640
18291	32978660
18292	32989092
18293	32989308
18294	32991964
18295	32998722
18296	32998876
18297	33002554
18298	33005002
18299	33005072
18300	3300702
18301	33020310
18302	3302632
18303	33027448
18304	33028106
18305	33030762
18306	33031882
18307	33033476
18308	33039026
18309	33043108
18310	33046012
18311	330465
18312	33048888
18313	33049878
18314	3305186
18315	33052224
18316	3305230
18317	33052652
18318	33054662
18319	33055526
18320	33056508
18321	3306564
18322	33067316
18323	33072152
18324	33072172
18325	3307642
18326	33078948
18327	33080430
18328	33083336
18329	3308514
18330	33086990
18331	33089466
18332	33091742
18333	3309442
18334	33096506
18335	33102724
18336	3310378
18337	33104902
18338	33108268
18339	33108342
18340	33109466
18341	33111604
18342	33112112
18343	33115320
18344	33117584
18345	33124154
18346	33124858
18347	3312862
18348	33135468
18349	33137474
18350	33138712
18351	33141314
18352	33142574
18353	33143676
18354	331446
18355	33147052
18356	33148200
18357	33153578
18358	33154542
18359	33157206
18360	33157624
18361	33158942
18362	33159798
18363	33160788
18364	33162678
18365	33163534
18366	33164524
18367	33165816
18368	33166688
18369	33166884
18370	33167366
18371	3317482
18372	33182478
18373	33187830
18374	33189994
18375	33192528
18376	33197082
18377	33197624
18378	33200996
18379	33201386
18380	33202926
18381	33203180
18382	3320476
18383	3321042
18384	33211184
18385	33215988
18386	3321716
18387	3321928
18388	3322216
18389	33223226
18390	33225338
18391	3322704
18392	33242864
18393	33242950
18394	3324516
18395	3324634
18396	33246778
18397	33247274
18398	33247844
18399	33250890
18400	3325430
18401	33254630
18402	33257808
18403	33257974
18404	332600
18405	33262282
18406	332696
18407	33270954
18408	33286050
18409	33293850
18410	33293858
18411	33294372
18412	33296012
18413	332970
18414	33297252
18415	33300446
18416	33300952
18417	33301936
18418	33312132
18419	33314572
18420	33316274
18421	33316856
18422	33321530
18423	33322408
18424	3332356
18425	33324704
18426	33326090
18427	33332780
18428	3333372
18429	33333844
18430	33339782
18431	33341272
18432	3334596
18433	33349230
18434	33349618
18435	33350946
18436	33351318
18437	33354178
18438	33355418
18439	33359
18440	33360928
18441	33361588
18442	33367930
18443	33370090
18444	33374538
18445	33377868
18446	333791
18447	33384848
18448	33387554
18449	33387738
18450	33388180
18451	33388680
18452	33390386
18453	33393782
18454	333959
18455	33395958
18456	33407574
18457	33408292
18458	33409700
18459	33412916
18460	33415520
18461	33416
18462	33418626
18463	33418742
18464	33418836
18465	33419050
18466	33419370
18467	33421176
18468	3342868
18469	334297
18470	3343744
18471	33438328
18472	33439052
18473	3343980
18474	33444666
18475	33445564
18476	334459
18477	33448532
18478	33449562
18479	33456704
18480	334606
18481	33461448
18482	334624
18483	33462632
18484	33463342
18485	33465900
18486	33471894
18487	33473702
18488	33475800
18489	33476602
18490	33479046
18491	33486008
18492	3348764
18493	33490178
18494	33490578
18495	334910
18496	33491982
18497	3349778
18498	3349802
18499	33498962
18500	33499186
18501	33502102
18502	3350360
18503	33511612
18504	33517142
18505	335175
18506	33518102
18507	33519122
18508	3352022
18509	335240
18510	33525080
18511	33525922
18512	3352980
18513	33531472
18514	3353436
18515	33534520
18516	33535830
18517	33537778
18518	33540218
18519	335457
18520	33546158
18521	33551302
18522	33557552
18523	33564180
18524	33564930
18525	33568854
18526	33568982
18527	3357004
18528	33573978
18529	33575546
18530	33585300
18531	33588870
18532	3359178
18533	33595594
18534	33596466
18535	33604044
18536	33605976
18537	33608896
18538	33609176
18539	33611638
18540	33613104
18541	33613406
18542	33616786
18543	33620414
18544	33622846
18545	3362310
18546	33628042
18547	33638980
18548	33643898
18549	33646298
18550	33647212
18551	33652248
18552	33654256
18553	3365654
18554	33656908
18555	33662284
18556	33662546
18557	336660
18558	33668540
18559	33673448
18560	33674416
18561	33675648
18562	33676052
18563	33676886
18564	33679020
18565	33688362
18566	33691518
18567	3369930
18568	3370006
18569	33701012
18570	33705876
18571	33709776
18572	33711098
18573	33713000
18574	33718476
18575	3371894
18576	33728772
18577	33730246
18578	33739902
18579	33740072
18580	33741106
18581	337463
18582	33749470
18583	33750588
18584	33753776
18585	3375424
18586	33755904
18587	3375696
18588	33759466
18589	33759514
18590	33760424
18591	3376072
18592	33761198
18593	33772140
18594	3377312
18595	33776142
18596	33779480
18597	33780856
18598	33785850
18599	33790992
18600	33792256
18601	33794184
18602	33795288
18603	33795892
18604	337959
18605	3379634
18606	33796412
18607	33799188
18608	33803182
18609	3380726
18610	33810234
18611	3381586
18612	33817652
18613	33821834
18614	3383130
18615	33833934
18616	3383462
18617	33835556
18618	33835694
18619	33840896
18620	33842100
18621	33846554
18622	33847172
18623	33849032
18624	338514
18625	3385146
18626	3385206
18627	33853288
18628	33856156
18629	3386044
18630	33860820
18631	33863420
18632	33870038
18633	33873490
18634	33873718
18635	33874312
18636	33882994
18637	338842
18638	33886214
18639	33890738
18640	33895540
18641	33900800
18642	33900976
18643	33904926
18644	33906180
18645	33913284
18646	33917380
18647	33917390
18648	33917728
18649	33927850
18650	33930844
18651	3393270
18652	33935978
18653	33936800
18654	33938880
18655	33941666
18656	33946542
18657	33950316
18658	33950460
18659	33954488
18660	33954822
18661	33956800
18662	33957018
18663	33957372
18664	33958170
18665	33962846
18666	33963828
18667	33968334
18668	33969154
18669	33974220
18670	33974396
18671	33974590
18672	33975094
18673	33977854
18674	33983660
18675	33985440
18676	33986998
18677	33987484
18678	33988864
18679	33990820
18680	33991586
18681	33991602
18682	33994292
18683	33996504
18684	33996998
18685	34002124
18686	34006528
18687	34020938
18688	34025068
18689	3402550
18690	34030954
18691	340321
18692	34034018
18693	34036126
18694	34037152
18695	34039642
18696	34040008
18697	34041624
18698	34053770
18699	34058082
18700	34058392
18701	34059674
18702	34060862
18703	34061434
18704	340627
18705	3406384
18706	34066524
18707	34067920
18708	34068280
18709	34070302
18710	34071552
18711	34071762
18712	34073156
18713	34074050
18714	340773
18715	34077532
18716	34080072
18717	34090812
18718	340965
18719	3409744
18720	34097548
18721	34098196
18722	3409992
18723	34101600
18724	34101718
18725	34102520
18726	34104714
18727	34108662
18728	34111984
18729	3411524
18730	34117208
18731	34120898
18732	34121062
18733	341224
18734	34128482
18735	34131848
18736	3413220
18737	34132874
18738	34143388
18739	34146204
18740	34154830
18741	34155292
18742	34155354
18743	3415814
18744	3416334
18745	34163882
18746	34164158
18747	34164328
18748	34165088
18749	34165388
18750	34169410
18751	3417224
18752	34172544
18753	34178332
18754	34179638
18755	34180182
18756	34186118
18757	34187658
18758	34189212
18759	34192246
18760	34193984
18761	34194256
18762	3420174
18763	34209484
18764	34216324
18765	3422098
18766	3422204
18767	34225946
18768	34230346
18769	34231716
18770	34239006
18771	34245644
18772	34246580
18773	34249244
18774	34252544
18775	342571
18776	34260080
18777	3426012
18778	34261168
18779	342629
18780	34272638
18781	34275688
18782	34278392
18783	34280554
18784	3428642
18785	34286780
18786	34288290
18787	34296300
18788	34297082
18789	34298648
18790	34300906
18791	34304628
18792	34306994
18793	3431294
18794	3431416
18795	34316196
18796	3431680
18797	3431988
18798	3432582
18799	3432766
18800	34329304
18801	34338672
18802	34342118
18803	34344338
18804	34344364
18805	34346474
18806	34352166
18807	34352492
18808	34353474
18809	34354210
18810	34355076
18811	34356718
18812	3435682
18813	34361430
18814	343628
18815	34364242
18816	3436928
18817	34372422
18818	34377790
18819	34378386
18820	34381036
18821	34381144
18822	343835
18823	34385488
18824	34385572
18825	34388672
18826	34389590
18827	3439286
18828	34393560
18829	343999
18830	3440292
18831	3440484
18832	34410859
18833	34411871
18834	34414179
18835	34415913
18836	34418021
18837	34424008
18838	34425396
18839	34433566
18840	34445273
18841	34460346
18842	34463794
18843	34464722
18844	34466472
18845	34467968
18846	34472908
18847	34474168
18848	34475082
18849	34484350
18850	34487658
18851	344883
18852	34488612
18853	34489702
18854	34499958
18855	34500220
18856	3450206
18857	34506342
18858	34507616
18859	34508844
18860	34510270
18861	3451220
18862	34515454
18863	34518898
18864	34519188
18865	34520406
18866	3452070
18867	3452088
18868	34522700
18869	3452304
18870	3452512
18871	34530220
18872	34534134
18873	34540632
18874	34541440
18875	34546864
18876	34558938
18877	345592
18878	34559218
18879	34560012
18880	3456530
18881	34588478
18882	34589778
18883	34592916
18884	34593288
18885	34595366
18886	34597138
18887	34597374
18888	34600658
18889	3460446
18890	34607952
18891	34616894
18892	34624562
18893	3462530
18894	3462966
18895	34635402
18896	34638906
18897	34639686
18898	34640574
18899	34640604
18900	34642198
18901	3464304
18902	34644654
18903	3464840
18904	34654160
18905	34655910
18906	34660072
18907	34667928
18908	34669272
18909	34680104
18910	34681758
18911	34682744
18912	346860
18913	34687234
18914	34700304
18915	3470156
18916	34704378
18917	34707222
18918	34708562
18919	34711974
18920	34712600
18921	34716368
18922	34719584
18923	34723320
18924	34723982
18925	34724188
18926	347284
18927	34729262
18928	347298
18929	34733426
18930	3473794
18931	34738848
18932	34739080
18933	34740864
18934	34741040
18935	3474364
18936	34745820
18937	34750198
18938	34752192
18939	3477470
18940	34775224
18941	34775716
18942	347829
18943	347867
18944	3478754
18945	34798646
18946	3481720
18947	34820678
18948	34821810
18949	348329
18950	34833132
18951	3483370
18952	34834476
18953	34835634
18954	34837700
18955	34838674
18956	3483880
18957	34840930
18958	34844858
18959	34846518
18960	34855292
18961	34856950
18962	34868478
18963	34874342
18964	34874982
18965	34883528
18966	34886786
18967	34886972
18968	34891114
18969	348921
18970	3489326
18971	34893334
18972	3489614
18973	34898544
18974	3490140
18975	34912226
18976	34916204
18977	34916986
18978	34923774
18979	34939260
18980	34939532
18981	3494206
18982	34946052
18983	34949188
18984	34956756
18985	3495738
18986	34957624
18987	3496000
18988	34964790
18989	34971982
18990	34978306
18991	34980616
18992	34983680
18993	34987920
18994	3499286
18995	35006568
18996	35007390
18997	35012484
18998	35015478
18999	35018730
19000	35023136
19001	3502754
19002	35028924
19003	35036716
19004	35036886
19005	3505596
19006	3505756
19007	3506112
19008	35064698
19009	35071784
19010	35080916
19011	35086964
19012	35089138
19013	35090260
19014	35093802
19015	35095842
19016	3510136
19017	35101672
19018	35103382
19019	35104854
19020	351054
19021	35108054
19022	35108352
19023	35108678
19024	35112412
19025	3511762
19026	35121512
19027	35134788
19028	35136058
19029	3514340
19030	3514348
19031	35147608
19032	35149196
19033	35149396
19034	35150864
19035	35156584
19036	35157162
19037	351585
19038	35161796
19039	35162182
19040	35173272
19041	3517622
19042	35177554
19043	3518166
19044	35181878
19045	35183828
19046	3518918
19047	3519210
19048	3519736
19049	352027
19050	35211566
19051	35217344
19052	35219944
19053	3522448
19054	3522450
19055	35225690
19056	3522820
19057	35230918
19058	352335
19059	35239550
19060	35248146
19061	3524908
19062	35256158
19063	35257032
19064	3525910
19065	35261866
19066	35268590
19067	35270864
19068	35275520
19069	35289474
19070	35293130
19071	3529582
19072	35298198
19073	35306780
19074	35309200
19075	35311082
19076	35316228
19077	35316592
19078	3531664
19079	35317872
19080	35320780
19081	35323552
19082	35327536
19083	3533042
19084	35333042
19085	35339120
19086	35344844
19087	35346426
19088	35351766
19089	35359494
19090	35360128
19091	3536436
19092	35370414
19093	35372514
19094	3537946
19095	35382056
19096	3538248
19097	35384580
19098	35387712
19099	3539286
19100	35395370
19101	35408044
19102	35410508
19103	35414564
19104	35420054
19105	3542306
19106	35423996
19107	354269
19108	35427188
19109	35434834
19110	35439272
19111	35442372
19112	35445060
19113	35448218
19114	35451232
19115	35467190
19116	35469166
19117	35478646
19118	35486208
19119	35486558
19120	35489118
19121	3548976
19122	354917
19123	35493292
19124	3550530
19125	35509584
19126	35516342
19127	3551982
19128	35520666
19129	35525540
19130	35528526
19131	3553718
19132	35538582
19133	35544726
19134	35545084
19135	35557280
19136	3555988
19137	35561322
19138	35565236
19139	3557376
19140	35576536
19141	35578278
19142	3557948
19143	3558070
19144	3558748
19145	35588540
19146	35590682
19147	35597378
19148	3559938
19149	3560052
19150	35602752
19151	3560766
19152	356091
19153	35610838
19154	35613584
19155	35613896
19156	35631932
19157	35634420
19158	35635694
19159	35636066
19160	35637258
19161	3564514
19162	3565732
19163	35672470
19164	35675660
19165	35678096
19166	35678484
19167	3567944
19168	356957
19169	35697888
19170	35698086
19171	35709402
19172	35749448
19173	35768826
19174	35789324
19175	3579958
19176	3580582
19177	35814384
19178	35814994
19179	35832478
19180	35833792
19181	3584710
19182	35847674
19183	3586976
19184	35870196
19185	35875490
19186	35876328
19187	3588420
19188	3588654
19189	35890604
19190	3589316
19191	3592018
19192	3592154
19193	3593912
19194	35939754
19195	359459
19196	35950774
19197	35951470
19198	3595704
19199	35960788
19200	3596902
19201	35976506
19202	3597812
19203	35985776
19204	35988234
19205	3598938
19206	35998460
19207	3599972
19208	36000172
19209	36007586
19210	3600978
19211	3600986
19212	36011800
19213	36014232
19214	3601828
19215	3602340
19216	3602464
19217	36028820
19218	36031970
19219	36037054
19220	36055354
19221	36057076
19222	36057721
19223	36058611
19224	36073414
19225	36081938
19226	36089240
19227	36097864
19228	360992
19229	36099454
19230	36101364
19231	3611154
19232	3611940
19233	36120004
19234	36136590
19235	36140326
19236	3614096
19237	36144628
19238	36153108
19239	36164852
19240	36167840
19241	36169510
19242	3617026
19243	36173120
19244	3619038
19245	3619526
19246	3620530
19247	362094
19248	3621476
19249	36215978
19250	3623750
19251	3624280
19252	3624898
19253	36254228
19254	36266938
19255	3628668
19256	36287940
19257	36288636
19258	36291984
19259	36302986
19260	36318552
19261	36321136
19262	3632528
19263	36328834
19264	36332238
19265	36333590
19266	36339018
19267	3633932
19268	363426
19269	36344280
19270	36345312
19271	36348
19272	363551
19273	3636864
19274	36378198
19275	36385356
19276	3639282
19277	36394536
19278	36397922
19279	36400298
19280	36403198
19281	36417502
19282	36418708
19283	3642268
19284	36432812
19285	3643792
19286	36438432
19287	36441814
19288	36442130
19289	3644848
19290	36454488
19291	36467780
19292	36469508
19293	3647080
19294	364815
19295	3648326
19296	36487228
19297	36500028
19298	3650502
19299	36508252
19300	3650878
19301	3651628
19302	36521102
19303	3652538
19304	36526614
19305	36546490
19306	36556014
19307	3656150
19308	36562694
19309	36563938
19310	3657046
19311	36579419
19312	36580057
19313	3658072
19314	36602212
19315	36603820
19316	3661472
19317	36616688
19318	36619362
19319	3662472
19320	36628494
19321	36631704
19322	3663332
19323	3663552
19324	36638
19325	366384
19326	36641972
19327	36660630
19328	36662736
19329	3666728
19330	366679
19331	36668040
19332	36670414
19333	36675710
19334	36681070
19335	3669604
19336	3670240
19337	36702866
19338	3670798
19339	36711706
19340	36711866
19341	3673934
19342	36744340
19343	3675764
19344	36760314
19345	3676454
19346	36764574
19347	3676484
19348	36793334
19349	367938
19350	3682422
19351	36834680
19352	36839802
19353	36844976
19354	36853088
19355	368560
19356	36863252
19357	36868744
19358	36876962
19359	3688804
19360	36896968
19361	36901058
19362	36919727
19363	36927581
19364	36945550
19365	3698070
19366	36984304
19367	36992556
19368	36993806
19369	37008594
19370	37015484
19371	37028614
19372	37029886
19373	37031150
19374	37031936
19375	37035132
19376	37036428
19377	3703748
19378	37044264
19379	37051362
19380	37051736
19381	3706204
19382	3706638
19383	37071690
19384	37072498
19385	37073280
19386	37073864
19387	37090004
19388	37102630
19389	37115668
19390	3712050
19391	37150246
19392	3716046
19393	3716070
19394	37181972
19395	3720202
19396	3721254
19397	3721276
19398	3721286
19399	3723892
19400	37240812
19401	37243642
19402	37252366
19403	3725558
19404	37267156
19405	3726846
19406	3727030
19407	37272470
19408	37273700
19409	3727796
19410	37283818
19411	3728536
19412	3728692
19413	37288302
19414	37294894
19415	3732012
19416	3733524
19417	37338220
19418	3734496
19419	37346792
19420	37348120
19421	37351282
19422	37371756
19423	37381874
19424	37387132
19425	37388842
19426	37390076
19427	37391332
19428	3741438
19429	3741534
19430	37436424
19431	37453350
19432	374659
19433	37484
19434	37487164
19435	374904
19436	374959
19437	375017
19438	3751124
19439	3752050
19440	37531354
19441	37532050
19442	375343
19443	3754786
19444	37558820
19445	37560242
19446	37561962
19447	37567300
19448	3761816
19449	3764138
19450	3764996
19451	37659374
19452	376596
19453	37659742
19454	37660564
19455	3767474
19456	3768008
19457	37680572
19458	37716
19459	3773718
19460	37749768
19461	37761588
19462	3776814
19463	3777892
19464	3778068
19465	37798768
19466	37799068
19467	37799682
19468	3781668
19469	37820272
19470	37821320
19471	37822254
19472	3782822
19473	37847998
19474	3785738
19475	378581
19476	379011
19477	3791088
19478	3791524
19479	37916116
19480	3791872
19481	3792402
19482	3792444
19483	3793562
19484	37936050
19485	3793770
19486	37938136
19487	3794578
19488	37948466
19489	3795126
19490	37968308
19491	37968742
19492	3797618
19493	37989640
19494	37991712
19495	3799426
19496	3800290
19497	3800442
19498	3800654
19499	3804966
19500	3805060
19501	3807000
19502	38071
19503	3807766
19504	38096050
19505	3810062
19506	3810166
19507	3810760
19508	3811056
19509	38154148
19510	3815696
19511	3822242
19512	3822372
19513	3822798
19514	38248756
19515	38255
19516	38272720
19517	382731
19518	382915
19519	38300736
19520	3830176
19521	3831032
19522	38333044
19523	38334498
19524	3836128
19525	3839682
19526	38409912
19527	3841644
19528	3841990
19529	384280
19530	3843348
19531	3844820
19532	3848318
19533	3851374
19534	3855050
19535	3855468
19536	3856256
19537	385639
19538	385681
19539	3857346
19540	3858068
19541	3858334
19542	3859348
19543	386075
19544	3860758
19545	386296
19546	3863880
19547	3865240
19548	3865768
19549	3866062
19550	386787
19551	386999
19552	3876122
19553	387652
19554	3877350
19555	387763
19556	387833
19557	3878550
19558	3880992
19559	3881080
19560	388140
19561	3883534
19562	388551
19563	3886546
19564	3887166
19565	3888680
19566	3889500
19567	389010
19568	3891248
19569	3891504
19570	3892546
19571	3894552
19572	3895582
19573	3897986
19574	3898024
19575	389886
19576	3899712
19577	3901716
19578	390270
19579	3903024
19580	3905006
19581	390775
19582	3908232
19583	3908394
19584	3911532
19585	3912300
19586	3912828
19587	3914012
19588	3914932
19589	391561
19590	3917874
19591	3918236
19592	3918496
19593	3920438
19594	392112
19595	3922592
19596	3923890
19597	3924256
19598	392463
19599	3926778
19600	392945
19601	3929492
19602	393076
19603	393517
19604	393521
19605	3938650
19606	3940452
19607	394296
19608	3943966
19609	3945890
19610	3946508
19611	3946836
19612	394940
19613	3951120
19614	3951268
19615	3951970
19616	3952960
19617	3953790
19618	3956880
19619	39569
19620	3958136
19621	3960006
19622	3960050
19623	396028
19624	3961184
19625	3961188
19626	3962934
19627	396479
19628	3964842
19629	396487
19630	39664
19631	3967158
19632	3967510
19633	397029
19634	397427
19635	39771
19636	398187
19637	3983492
19638	398394
19639	3985082
19640	3985704
19641	3989958
19642	3991142
19643	399468
19644	3995580
19645	399729
19646	4000458
19647	400065
19648	4001260
19649	400682
19650	400770
19651	4010674
19652	401141
19653	4012478
19654	4012700
19655	4012852
19656	4014740
19657	4021174
19658	4021442
19659	4021474
19660	4024078
19661	4025686
19662	4025688
19663	4028722
19664	4028890
19665	4029748
19666	4031260
19667	4036530
19668	4037138
19669	4038654
19670	4039774
19671	4041114
19672	4042004
19673	4043080
19674	4043214
19675	4044824
19676	404579
19677	4054926
19678	4056578
19679	4056822
19680	4057062
19681	405858
19682	4058972
19683	4059016
19684	4059860
19685	4062828
19686	4064502
19687	4070244
19688	4070410
19689	4070440
19690	4070620
19691	407422
19692	408076
19693	4082584
19694	408559
19695	4085726
19696	4086972
19697	408761
19698	4088154
19699	4089580
19700	4092316
19701	4095614
19702	4096614
19703	409906
19704	4100262
19705	410159
19706	4102392
19707	410297
19708	41031
19709	410343
19710	4105498
19711	4105634
19712	410772
19713	4107930
19714	4108738
19715	410947
19716	410957
19717	411344
19718	411828
19719	411978
19720	412148
19721	4121806
19722	4122500
19723	4124038
19724	4124612
19725	4125718
19726	41262
19727	4128682
19728	412950
19729	413207
19730	4133850
19731	413567
19732	4136140
19733	4138010
19734	4141322
19735	4143240
19736	414674
19737	4150214
19738	4151902
19739	4152286
19740	4156228
19741	415684
19742	4157740
19743	415870
19744	415890
19745	4159146
19746	4159268
19747	416578
19748	4167436
19749	416768
19750	4168010
19751	4169440
19752	4173890
19753	417436
19754	4175478
19755	417676
19756	4179822
19757	4181380
19758	4183446
19759	4184170
19760	4185872
19761	4187616
19762	4188168
19763	418982
19764	419250
19765	4193366
19766	419347
19767	4193500
19768	4195990
19769	4198768
19770	4198934
19771	4199034
19772	4202552
19773	420271
19774	4205520
19775	4211518
19776	4214908
19777	421506
19778	421705
19779	4217942
19780	4221230
19781	4221412
19782	4221774
19783	4223044
19784	422497
19785	422799
19786	4228148
19787	422845
19788	4228476
19789	422952
19790	42303
19791	4230559
19792	4231110
19793	4231258
19794	4232874
19795	4233264
19796	4233294
19797	4233876
19798	4235320
19799	4235674
19800	4236456
19801	423742
19802	423743
19803	4237898
19804	4238400
19805	424274
19806	4243930
19807	4244586
19808	4246810
19809	424708
19810	4248766
19811	425282
19812	425396
19813	4254934
19814	4255672
19815	4256258
19816	425646
19817	4260156
19818	426138
19819	4262404
19820	4263806
19821	4264098
19822	426491
19823	4265758
19824	4267928
19825	4269256
19826	4271474
19827	427433
19828	4278264
19829	4279124
19830	427927
19831	428428
19832	428776
19833	429085
19834	4292612
19835	4293406
19836	4294126
19837	429529
19838	4297572
19839	4297744
19840	4299446
19841	4303774
19842	4306054
19843	430729
19844	4308332
19845	431061
19846	431146
19847	4311972
19848	4312690
19849	4312698
19850	4314050
19851	4317224
19852	4319816
19853	4321656
19854	4322724
19855	4323286
19856	4329054
19857	4329404
19858	432986
19859	4331806
19860	433350
19861	433564
19862	4336418
19863	4337424
19864	4338086
19865	4338176
19866	433829
19867	4339462
19868	4340098
19869	4340730
19870	4343772
19871	4345532
19872	4346608
19873	4346974
19874	4349142
19875	435102
19876	4351684
19877	4352130
19878	4353706
19879	4355616
19880	4355746
19881	435578
19882	4356038
19883	4357406
19884	4359198
19885	4360618
19886	436096
19887	436245
19888	4365018
19889	4372514
19890	437257
19891	4373586
19892	4377004
19893	4378178
19894	4381112
19895	4381504
19896	4383764
19897	4384320
19898	4385308
19899	4385634
19900	4387616
19901	439054
19902	4390880
19903	439120
19904	43915
19905	4394552
19906	4396428
19907	4398006
19908	4401914
19909	4402318
19910	440503
19911	4405044
19912	4410462
19913	4412388
19914	4413838
19915	4415206
19916	4416852
19917	4419296
19918	4420372
19919	4421192
19920	4421220
19921	4424038
19922	4425092
19923	4425898
19924	442669
19925	4426880
19926	443169
19927	4432816
19928	4439368
19929	4440414
19930	4440500
19931	4440834
19932	444121
19933	444356
19934	44463
19935	44483
19936	4449640
19937	445049
19938	445193
19939	4453930
19940	4460132
19941	4460392
19942	4460764
19943	4462444
19944	446433
19945	4465192
19946	4465234
19947	446665
19948	4467282
19949	4467992
19950	44692
19951	447095
19952	447165
19953	4474112
19954	4476098
19955	4477462
19956	4478354
19957	4482952
19958	4484240
19959	4486120
19960	4487304
19961	4490316
19962	4493316
19963	4493938
19964	4494688
19965	44964
19966	4498722
19967	4499098
19968	4502966
19969	4503778
19970	450429
19971	4507188
19972	4509314
19973	4510746
19974	4510820
19975	4512908
19976	4513604
19977	4515988
19978	4517262
19979	4517884
19980	4519266
19981	452062
19982	4521754
19983	4521900
19984	45226
19985	452356
19986	452509
19987	45252
19988	4528420
19989	4529700
19990	4531622
19991	4532712
19992	4533956
19993	4534952
19994	4535030
19995	453513
19996	4535722
19997	4542552
19998	4546236
19999	4549770
20000	4549934
20001	455070
20002	4551914
20003	4553572
20004	455509
20005	455594
20006	4556896
20007	4558376
20008	4562070
20009	4570584
20010	4571358
20011	45715
20012	457202
20013	457422
20014	457452
20015	4575308
20016	4576668
20017	4577072
20018	4577232
20019	4578222
20020	4582206
20021	4583630
20022	4583666
20023	4584194
20024	458492
20025	4585000
20026	458609
20027	4586458
20028	4587654
20029	4590346
20030	4590370
20031	4593120
20032	459415
20033	4594870
20034	459522
20035	4595906
20036	4598070
20037	4599156
20038	4599666
20039	4601144
20040	4601412
20041	4602454
20042	4603046
20043	4603878
20044	4606918
20045	4607136
20046	4607168
20047	4607832
20048	4609212
20049	4610628
20050	461081
20051	4612064
20052	4612148
20053	4613444
20054	461681
20055	4618820
20056	4619628
20057	4622534
20058	4623258
20059	462371
20060	4625206
20061	4625742
20062	462978
20063	4630098
20064	4631830
20065	4632232
20066	4633050
20067	4635240
20068	4636692
20069	46401
20070	4646444
20071	4647656
20072	465205
20073	4655420
20074	4660090
20075	466160
20076	4662706
20077	4664044
20078	4667040
20079	4668516
20080	4669464
20081	4670072
20082	4670394
20083	4670752
20084	467131
20085	467274
20086	4673556
20087	4673774
20088	4674308
20089	4676684
20090	4676780
20091	4677180
20092	4678246
20093	4678926
20094	4680438
20095	468049
20096	468160
20097	468429
20098	4684338
20099	4685072
20100	4687712
20101	4688792
20102	4689070
20103	4691244
20104	4692692
20105	469323
20106	4694056
20107	4694810
20108	4695190
20109	4701646
20110	4701848
20111	4703974
20112	470459
20113	4704680
20114	4705520
20115	4707704
20116	4707900
20117	4708450
20118	4710392
20119	4712864
20120	471310
20121	4713158
20122	4717642
20123	4719616
20124	4722340
20125	472254
20126	4729292
20127	473068
20128	4732684
20129	4734528
20130	4735218
20131	4735816
20132	4736568
20133	4737752
20134	4738552
20135	47391
20136	4741636
20137	4742492
20138	4742516
20139	4742844
20140	4744862
20141	474893
20142	47495
20143	4749582
20144	4753700
20145	4754374
20146	4756586
20147	4759742
20148	4760738
20149	4761366
20150	4764082
20151	4764674
20152	4764812
20153	4764944
20154	4769772
20155	4771084
20156	477144
20157	4771898
20158	4773264
20159	4775122
20160	4777980
20161	4778022
20162	4780402
20163	4781478
20164	4782310
20165	4783816
20166	47856
20167	4786838
20168	478857
20169	4789324
20170	4790056
20171	479007
20172	4790072
20173	4790312
20174	4794194
20175	4800842
20176	4802456
20177	4803818
20178	480629
20179	4807444
20180	4808094
20181	4809276
20182	4810706
20183	4811670
20184	4811986
20185	4813566
20186	4816062
20187	4816200
20188	481761
20189	4818524
20190	4818580
20191	4823332
20192	4824406
20193	4824536
20194	4826988
20195	483356
20196	4834166
20197	4834880
20198	4837066
20199	4840230
20200	4845758
20201	484648
20202	4846610
20203	4847700
20204	4855116
20205	4859002
20206	4860584
20207	4862000
20208	486586
20209	4866102
20210	4866340
20211	4867500
20212	4869596
20213	4870428
20214	4874010
20215	4879070
20216	487999
20217	4880154
20218	4881486
20219	4881574
20220	4883284
20221	4885330
20222	488612
20223	4886882
20224	4892140
20225	489365
20226	4895302
20227	4898476
20228	4898932
20229	4899796
20230	4901730
20231	4901958
20232	4904676
20233	4906274
20234	490799
20235	4915158
20236	4915752
20237	4916234
20238	4916378
20239	491846
20240	4920144
20241	4921282
20242	4923032
20243	492421
20244	4925478
20245	4926248
20246	4927118
20247	492776
20248	4929868
20249	4931342
20250	4933748
20251	4935758
20252	4936444
20253	493674
20254	493675
20255	4941666
20256	4942870
20257	4944932
20258	49451
20259	49454
20260	4946164
20261	4946524
20262	4947006
20263	4947258
20264	4953678
20265	4957336
20266	4966370
20267	4967222
20268	4967382
20269	4968226
20270	4970828
20271	49722
20272	4973566
20273	4973662
20274	4974404
20275	4982124
20276	4984050
20277	4985952
20278	498868
20279	4989050
20280	4991012
20281	4991612
20282	4994308
20283	4994758
20284	499483
20285	4996584
20286	4999946
20287	5003520
20288	5003874
20289	500407
20290	5004302
20291	5006674
20292	5007672
20293	501613
20294	5016736
20295	5022006
20296	5022078
20297	5023416
20298	5024950
20299	5025530
20300	5029338
20301	5029914
20302	503259
20303	5034866
20304	5037050
20305	5037860
20306	503975
20307	504077
20308	50419
20309	504354
20310	5044132
20311	5044286
20312	504472
20313	5045956
20314	5046634
20315	5047692
20316	504819
20317	5053982
20318	5054588
20319	5057106
20320	5058166
20321	506222
20322	506234
20323	5068376
20324	5068744
20325	5069472
20326	5072108
20327	507363
20328	5073718
20329	5074038
20330	5077074
20331	5079560
20332	5080586
20333	508098
20334	508199
20335	5082346
20336	50845
20337	5087002
20338	5088452
20339	5088816
20340	5089128
20341	5089742
20342	5092050
20343	509218
20344	5093478
20345	5093524
20346	5095148
20347	5095388
20348	5097302
20349	5098424
20350	509852
20351	5105082
20352	5106970
20353	510859
20354	510941
20355	511085
20356	5111918
20357	5113354
20358	5115584
20359	5118232
20360	5120142
20361	512145
20362	512251
20363	5125050
20364	5125260
20365	5130090
20366	5132386
20367	5134776
20368	5135818
20369	5137878
20370	5138130
20371	5138474
20372	51396
20373	51428
20374	514481
20375	5145366
20376	5146172
20377	514621
20378	5147006
20379	51491
20380	5149564
20381	515024
20382	5150700
20383	5155558
20384	5155814
20385	5165242
20386	516642
20387	5166884
20388	5167416
20389	5168694
20390	51754
20391	5175748
20392	5176976
20393	5177264
20394	5179986
20395	5180032
20396	5180036
20397	5181064
20398	5181240
20399	5186104
20400	5186784
20401	5189122
20402	5189906
20403	5192598
20404	5193396
20405	519772
20406	519949
20407	519969
20408	5201572
20409	520276
20410	520501
20411	5205182
20412	5211698
20413	5214006
20414	5214522
20415	5215436
20416	5215482
20417	5216202
20418	5220648
20419	5221210
20420	5223274
20421	5223624
20422	5224528
20423	5225554
20424	5228092
20425	5230846
20426	5230864
20427	5232022
20428	523234
20429	5233498
20430	5233764
20431	523383
20432	5234968
20433	5237066
20434	5238998
20435	5243940
20436	5245384
20437	5245790
20438	5245812
20439	524675
20440	5247080
20441	524817
20442	5251630
20443	5252288
20444	5252318
20445	5253950
20446	5255116
20447	525769
20448	5259012
20449	5263886
20450	5264088
20451	5267144
20452	526765
20453	5267950
20454	527232
20455	5272488
20456	5273376
20457	5274154
20458	5278698
20459	528057
20460	5281912
20461	5281966
20462	5284236
20463	5284396
20464	5284962
20465	5285870
20466	5287364
20467	5287728
20468	5287916
20469	5288564
20470	5289080
20471	5290026
20472	529166
20473	529233
20474	5293072
20475	5293188
20476	5293668
20477	5296042
20478	5297826
20479	529789
20480	5301844
20481	5304262
20482	5305168
20483	5305556
20484	5308462
20485	5309390
20486	531363
20487	531496
20488	531708
20489	5317140
20490	5317668
20491	531818
20492	5318284
20493	531934
20494	5319968
20495	532040
20496	5323330
20497	5325598
20498	5326342
20499	5326650
20500	532713
20501	5327406
20502	5327506
20503	5330264
20504	5331020
20505	5331508
20506	5332048
20507	5332876
20508	533321
20509	533332
20510	5333472
20511	5334044
20512	5336368
20513	5338368
20514	53426
20515	534335
20516	5343666
20517	5345400
20518	5345774
20519	5346386
20520	5348108
20521	535062
20522	5353268
20523	5354562
20524	5357822
20525	5362188
20526	5362278
20527	5364134
20528	5364372
20529	5370838
20530	5372456
20531	5372996
20532	5374656
20533	537493
20534	5375430
20535	5376870
20536	5377374
20537	5377866
20538	5378382
20539	5378596
20540	5383088
20541	5387056
20542	5387638
20543	5387788
20544	5388232
20545	538845
20546	53891
20547	5390524
20548	5391180
20549	539140
20550	5391462
20551	5392448
20552	5393098
20553	5393458
20554	5393644
20555	5393920
20556	5394688
20557	5394756
20558	5394984
20559	5395782
20560	539651
20561	5398330
20562	5398360
20563	539847
20564	539964
20565	5399776
20566	5399934
20567	5400422
20568	540163
20569	540215
20570	5404396
20571	5405238
20572	5407654
20573	54082
20574	5409664
20575	540995
20576	5411148
20577	5412960
20578	5414266
20579	54150
20580	5416476
20581	5416608
20582	541758
20583	5417646
20584	5419122
20585	5419580
20586	5420258
20587	542115
20588	5421856
20589	5422432
20590	5422540
20591	5424512
20592	5428198
20593	5429094
20594	5433222
20595	5433848
20596	5434558
20597	5434574
20598	5434588
20599	543539
20600	5436232
20601	5437470
20602	5437840
20603	5437860
20604	5438210
20605	5438608
20606	5438874
20607	5438892
20608	5440548
20609	5440638
20610	5441270
20611	5441622
20612	5446512
20613	5447748
20614	5447796
20615	54489
20616	5451044
20617	5453446
20618	5454734
20619	5455434
20620	5455924
20621	5455932
20622	5455944
20623	5456628
20624	5459686
20625	5463558
20626	5464482
20627	5465596
20628	546856
20629	5471604
20630	5474696
20631	5475974
20632	5478246
20633	5479268
20634	5480064
20635	5480912
20636	5481182
20637	5481236
20638	5484966
20639	5485356
20640	5485562
20641	548754
20642	548819
20643	5488386
20644	5492738
20645	549430
20646	5494786
20647	5500294
20648	5501246
20649	5502496
20650	5502774
20651	550395
20652	5505160
20653	5506248
20654	5508698
20655	5513120
20656	5516846
20657	5519600
20658	5520410
20659	552066
20660	5522280
20661	5522350
20662	5524122
20663	5524226
20664	5525392
20665	5526132
20666	5527654
20667	5528104
20668	55303
20669	5534442
20670	553796
20671	5538738
20672	5541092
20673	5541804
20674	554326
20675	55465
20676	5546690
20677	554735
20678	5553186
20679	5553358
20680	555521
20681	5555872
20682	5556272
20683	5558278
20684	5559716
20685	5565154
20686	556582
20687	5567592
20688	5569866
20689	5569930
20690	5573702
20691	5575976
20692	55765
20693	55768
20694	5579834
20695	558103
20696	5581190
20697	5581786
20698	558589
20699	5585998
20700	5589820
20701	5590142
20702	5591862
20703	5593384
20704	559477
20705	5596612
20706	5600948
20707	56017
20708	5603682
20709	5605330
20710	56111
20711	5611724
20712	561599
20713	5618300
20714	561857
20715	5618966
20716	5620328
20717	562130
20718	562669
20719	5628228
20720	5630080
20721	5630308
20722	5631002
20723	5631844
20724	5632700
20725	5635212
20726	5639436
20727	5641282
20728	5641976
20729	5643526
20730	5646412
20731	5647748
20732	5648384
20733	5648578
20734	5648738
20735	5650864
20736	5652678
20737	5655540
20738	5657556
20739	5658066
20740	5658238
20741	566069
20742	5661694
20743	566193
20744	5663048
20745	5664346
20746	5665920
20747	5667748
20748	5668376
20749	5672916
20750	5676614
20751	567759
20752	5685706
20753	5687040
20754	568823
20755	5692292
20756	5694002
20757	5695554
20758	5695772
20759	570079
20760	5704474
20761	5709066
20762	5709442
20763	5710121
20764	5711644
20765	5712380
20766	571280
20767	5716242
20768	5716620
20769	5720324
20770	57207
20771	5720736
20772	5720952
20773	5725766
20774	5729510
20775	5733980
20776	5734006
20777	57379
20778	573882
20779	574006
20780	5745906
20781	5746576
20782	5747906
20783	5749360
20784	5750372
20785	5750400
20786	5752656
20787	575497
20788	5755366
20789	5755798
20790	575652
20791	5757634
20792	5758854
20793	5759518
20794	5759622
20795	5760730
20796	5762460
20797	57643
20798	5772828
20799	57729
20800	5772926
20801	577357
20802	5780246
20803	5780486
20804	5782978
20805	5783222
20806	5785520
20807	5786066
20808	5788480
20809	578895
20810	57903
20811	5791252
20812	5792496
20813	5794316
20814	5795036
20815	5799980
20816	5800052
20817	5801058
20818	5801324
20819	5801732
20820	5801960
20821	5802606
20822	5804326
20823	5804998
20824	580590
20825	580701
20826	580892
20827	5810478
20828	581142
20829	5812064
20830	5812780
20831	5813718
20832	5814570
20833	5814616
20834	5818430
20835	5820286
20836	5821230
20837	5823632
20838	5825162
20839	5828242
20840	5828986
20841	583042
20842	5830486
20843	5830720
20844	5831590
20845	5834662
20846	5837144
20847	5838014
20848	5840574
20849	5843374
20850	5843440
20851	5846188
20852	5846826
20853	584825
20854	584929
20855	5851824
20856	5852550
20857	5854552
20858	585470
20859	5860778
20860	5863738
20861	5865384
20862	5865580
20863	5867360
20864	5869834
20865	587055
20866	5870572
20867	5870706
20868	587291
20869	5874070
20870	587499
20871	5875310
20872	5875734
20873	5877454
20874	588012
20875	5880908
20876	5882420
20877	5883156
20878	5883856
20879	5888832
20880	5891434
20881	58935
20882	589664
20883	5898614
20884	5899102
20885	5899688
20886	590320
20887	5904704
20888	590640
20889	590709
20890	5910364
20891	59116
20892	59133
20893	591469
20894	5918850
20895	5918992
20896	5919098
20897	5919244
20898	592075
20899	5921296
20900	5922106
20901	5922356
20902	5925900
20903	5926200
20904	592629
20905	5927572
20906	5929902
20907	5932274
20908	5932324
20909	5932356
20910	5933732
20911	5934850
20912	5935224
20913	59362
20914	5937432
20915	593898
20916	5942218
20917	5942544
20918	5943922
20919	5946300
20920	5946816
20921	5948806
20922	595191
20923	5953424
20924	5954946
20925	595518
20926	5956318
20927	596054
20928	5961402
20929	5965408
20930	5967770
20931	596806
20932	597149
20933	5974590
20934	5978578
20935	5980494
20936	5981260
20937	5981662
20938	598306
20939	5984454
20940	598534
20941	598543
20942	598685
20943	5987432
20944	5987480
20945	5988550
20946	5991368
20947	5993508
20948	599385
20949	599432
20950	5995242
20951	5996212
20952	5997564
20953	599769
20954	5997804
20955	599932
20956	5999970
20957	600064
20958	6003556
20959	6005010
20960	600541
20961	6006050
20962	6008416
20963	6011368
20964	6011702
20965	6013064
20966	6015664
20967	6019750
20968	602334
20969	602488
20970	6026944
20971	602820
20972	6030336
20973	6031494
20974	6031554
20975	6031672
20976	6032456
20977	6032708
20978	6034086
20979	603972
20980	6044750
20981	604534
20982	6045916
20983	6045978
20984	6047224
20985	6047230
20986	6048200
20987	6050524
20988	605111
20989	6051394
20990	6051884
20991	6053102
20992	6053926
20993	6056248
20994	6056352
20995	6056574
20996	6062844
20997	60634
20998	6067030
20999	6068370
21000	606838
21001	6071502
21002	607271
21003	607411
21004	6074784
21005	6077912
21006	6078244
21007	6084080
21008	6085536
21009	6086758
21010	608700
21011	6091582
21012	6093818
21013	6094518
21014	6094978
21015	6099614
21016	609995
21017	6103676
21018	6108562
21019	610857
21020	6110380
21021	611556
21022	61193
21023	6120432
21024	612115
21025	6121284
21026	612149
21027	612327
21028	6123454
21029	6123972
21030	6126324
21031	6128334
21032	612918
21033	6129492
21034	613089
21035	6132294
21036	613748
21037	6139292
21038	613957
21039	614135
21040	614320
21041	6143452
21042	6144668
21043	614495
21044	61456
21045	614576
21046	6147190
21047	6147636
21048	614832
21049	614930
21050	615056
21051	6152994
21052	6155218
21053	615874
21054	6159590
21055	6162486
21056	6164356
21057	6164464
21058	6165102
21059	6171958
21060	617321
21061	6173822
21062	6173954
21063	6174286
21064	6174324
21065	6174618
21066	6177806
21067	6178366
21068	6179076
21069	6179598
21070	618019
21071	6181114
21072	6184432
21073	6186054
21074	6191688
21075	6194164
21076	619422
21077	6195744
21078	6196084
21079	619738
21080	6201800
21081	6202172
21082	6202494
21083	6203946
21084	6205644
21085	62060
21086	6206670
21087	6206846
21088	6207206
21089	620871
21090	620891
21091	6210174
21092	6214578
21093	6215636
21094	6215752
21095	621611
21096	6218018
21097	621812
21098	6220564
21099	6220750
21100	6220944
21101	62215
21102	6222634
21103	622661
21104	6227296
21105	6228014
21106	6229160
21107	6229852
21108	6236876
21109	6237104
21110	6239440
21111	6239774
21112	624016
21113	624186
21114	6244556
21115	624670
21116	6246770
21117	6247486
21118	6248852
21119	6250022
21120	6252658
21121	6255828
21122	6256374
21123	6258444
21124	6262478
21125	6264040
21126	6265610
21127	6266124
21128	626703
21129	6270278
21130	627538
21131	627623
21132	6276548
21133	6276566
21134	6278280
21135	628389
21136	6284766
21137	6287358
21138	6291170
21139	6292216
21140	6292248
21141	6293134
21142	629509
21143	6295186
21144	6295286
21145	629639
21146	6298744
21147	6301186
21148	630128
21149	6302816
21150	6303626
21151	6308714
21152	630946
21153	6311846
21154	6318776
21155	6318794
21156	6318932
21157	631907
21158	6319784
21159	6320226
21160	6321384
21161	6322410
21162	63272
21163	632782
21164	6328260
21165	6328372
21166	6329772
21167	632989
21168	6331832
21169	633290
21170	633582
21171	6337032
21172	633864
21173	6340772
21174	634140
21175	6341402
21176	6342096
21177	6344710
21178	634492
21179	6349152
21180	6351630
21181	6351650
21182	6352744
21183	63535
21184	6353876
21185	6354178
21186	6354318
21187	6354896
21188	635671
21189	6357598
21190	6358674
21191	635923
21192	6359566
21193	6360666
21194	6361496
21195	636327
21196	636538
21197	6365752
21198	6366526
21199	636849
21200	6369096
21201	6369926
21202	6370200
21203	63719
21204	637449
21205	6375020
21206	637581
21207	6375994
21208	6377926
21209	6378164
21210	6379170
21211	6381486
21212	6381610
21213	6384130
21214	638496
21215	638566
21216	63913
21217	6394266
21218	6395616
21219	6395736
21220	6397662
21221	6398624
21222	6401018
21223	6401484
21224	6402428
21225	640381
21226	6407350
21227	6407504
21228	64078
21229	6408990
21230	6411764
21231	6412966
21232	6413694
21233	6418000
21234	6418962
21235	642027
21236	6420430
21237	6420542
21238	642057
21239	6420892
21240	6430084
21241	6431984
21242	6432860
21243	643363
21244	643688
21245	643695
21246	6437812
21247	643856
21248	6438712
21249	6442446
21250	6444998
21251	6446552
21252	6447734
21253	644905
21254	6451508
21255	6456150
21256	645786
21257	6458912
21258	645910
21259	6460516
21260	646374
21261	6464216
21262	6467238
21263	646913
21264	6470874
21265	6472082
21266	6474218
21267	647448
21268	6474594
21269	6477120
21270	6478542
21271	6480002
21272	6484568
21273	6486042
21274	6486588
21275	6487526
21276	6489182
21277	648993
21278	649081
21279	6490976
21280	649159
21281	6491618
21282	6492794
21283	6492818
21284	6497824
21285	6498456
21286	6501446
21287	65015
21288	6503874
21289	6504706
21290	6507118
21291	6507958
21292	651088
21293	651108
21294	6512228
21295	651310
21296	6513754
21297	6513840
21298	651421
21299	6517836
21300	6518460
21301	6520500
21302	6521304
21303	652420
21304	6525302
21305	6525812
21306	652865
21307	6529248
21308	6533346
21309	653442
21310	6537520
21311	65397
21312	6541526
21313	6541776
21314	654193
21315	654528
21316	6545286
21317	6545462
21318	6546470
21319	6548234
21320	6548288
21321	6548646
21322	6549566
21323	6549654
21324	6551350
21325	6557986
21326	6563834
21327	6565148
21328	6565164
21329	6567936
21330	6569156
21331	6571104
21332	657565
21333	6576194
21334	6582218
21335	658292
21336	658383
21337	6586020
21338	6587596
21339	6588538
21340	6589262
21341	658964
21342	659284
21343	659619
21344	659685
21345	6599242
21346	6601222
21347	6602902
21348	660315
21349	660513
21350	6605970
21351	6608484
21352	6613300
21353	6613688
21354	6613716
21355	6615456
21356	66173
21357	6617950
21358	6619228
21359	6621194
21360	6621972
21361	6622308
21362	662678
21363	6629570
21364	6630870
21365	6635244
21366	6635378
21367	6637324
21368	6638576
21369	6642384
21370	6643070
21371	6645132
21372	6646358
21373	6648308
21374	66486
21375	6653434
21376	6658332
21377	6662948
21378	6663068
21379	6663812
21380	6663906
21381	6665138
21382	666600
21383	6666222
21384	667109
21385	6672666
21386	6674688
21387	667530
21388	6677724
21389	6678586
21390	6679568
21391	6681230
21392	668382
21393	6687670
21394	6688144
21395	6690014
21396	669070
21397	6690786
21398	6693208
21399	6693294
21400	669351
21401	6694860
21402	6694892
21403	6695566
21404	6696630
21405	669708
21406	6698698
21407	6699082
21408	6699238
21409	6699954
21410	6700214
21411	6701058
21412	6701298
21413	6702208
21414	670634
21415	6709128
21416	6710144
21417	6710850
21418	6711094
21419	6711732
21420	671331
21421	6715550
21422	6717638
21423	671774
21424	6717930
21425	6718384
21426	672075
21427	6721406
21428	6722448
21429	6724636
21430	6725616
21431	6727568
21432	6730196
21433	6731676
21434	67325
21435	6732990
21436	6734824
21437	6735860
21438	6739812
21439	6741730
21440	6742418
21441	6743806
21442	6746068
21443	6747612
21444	6749120
21445	675000
21446	675069
21447	6750936
21448	6751346
21449	6752732
21450	6752814
21451	6753408
21452	6753652
21453	6753984
21454	6754068
21455	6755230
21456	6756004
21457	6756662
21458	675667
21459	6758296
21460	6758842
21461	6762730
21462	6765094
21463	6765374
21464	6765854
21465	6767878
21466	677058
21467	6773522
21468	6773878
21469	6776290
21470	6779868
21471	6782520
21472	6783288
21473	678341
21474	6783728
21475	6784156
21476	678680
21477	678989
21478	6791156
21479	679398
21480	679482
21481	6794892
21482	6795034
21483	6798308
21484	6798348
21485	680062
21486	6801500
21487	6802580
21488	680449
21489	6804694
21490	6805452
21491	680565
21492	6806188
21493	681022
21494	681062
21495	6812492
21496	6813512
21497	6813740
21498	6815506
21499	6818958
21500	6822568
21501	6824434
21502	682805
21503	6829598
21504	682982
21505	6830010
21506	6830196
21507	6831460
21508	6835150
21509	6835338
21510	683544
21511	6835734
21512	6836874
21513	6837424
21514	6838102
21515	6838364
21516	683964
21517	6840680
21518	6842586
21519	6844622
21520	6844696
21521	6844842
21522	684496
21523	6845002
21524	6848420
21525	6849430
21526	684998
21527	6851912
21528	6852388
21529	6853150
21530	6853984
21531	6854028
21532	685484
21533	6855274
21534	685539
21535	6855574
21536	6856524
21537	6861906
21538	6863108
21539	6864496
21540	6866818
21541	6866880
21542	6867882
21543	6867916
21544	6870196
21545	687335
21546	6875728
21547	687585
21548	6877912
21549	6877964
21550	68791
21551	6881040
21552	6881120
21553	6881508
21554	6883912
21555	6884364
21556	6885086
21557	6885664
21558	6888566
21559	6889112
21560	6894286
21561	6895110
21562	689525
21563	6895252
21564	6895636
21565	6897200
21566	6901510
21567	6903760
21568	6907466
21569	6909698
21570	6911524
21571	6911584
21572	6911870
21573	6912516
21574	6915464
21575	6915952
21576	6916232
21577	691858
21578	6919350
21579	6920758
21580	6921874
21581	6927018
21582	6927830
21583	6937106
21584	6941114
21585	6941920
21586	6942770
21587	6944004
21588	6944082
21589	6944274
21590	6945754
21591	6949230
21592	6950306
21593	695195
21594	6953296
21595	6953528
21596	695428
21597	6956476
21598	6958544
21599	696120
21600	6962254
21601	6964320
21602	69649
21603	6966180
21604	6969052
21605	6969834
21606	6971706
21607	6972370
21608	6972590
21609	6974004
21610	697657
21611	69766
21612	69809
21613	6983312
21614	6983428
21615	6984250
21616	6985242
21617	698639
21618	698772
21619	6989526
21620	698961
21621	6989928
21622	6990204
21623	6993358
21624	699465
21625	699637
21626	6997216
21627	699947
21628	7001208
21629	7001666
21630	7002638
21631	7003050
21632	7006230
21633	7006426
21634	7006952
21635	7008510
21636	7010116
21637	7011484
21638	7013206
21639	7015118
21640	7020306
21641	7021772
21642	7025474
21643	702559
21644	7028640
21645	7028926
21646	702898
21647	7029228
21648	702999
21649	7034644
21650	7034870
21651	703542
21652	7037388
21653	7039866
21654	704041
21655	7041594
21656	704163
21657	7042288
21658	704317
21659	7044640
21660	7046956
21661	7047016
21662	7047682
21663	704915
21664	7049866
21665	7051170
21666	7057077
21667	7058093
21668	7058237
21669	705860
21670	7058765
21671	705890
21672	705942
21673	7059813
21674	7061399
21675	7061707
21676	7062125
21677	7063311
21678	706378
21679	706633
21680	7066348
21681	7066820
21682	7067544
21683	7070496
21684	7070512
21685	7073004
21686	707301
21687	7073528
21688	707450
21689	7074914
21690	707690
21691	7078054
21692	7079450
21693	7081442
21694	7083518
21695	7083814
21696	7085698
21697	7086978
21698	7087638
21699	70916
21700	7095116
21701	7095624
21702	7097658
21703	7099874
21704	7100682
21705	710232
21706	7102496
21707	7102778
21708	7102872
21709	7103272
21710	7108200
21711	7108610
21712	71132
21713	7113608
21714	7113720
21715	7115584
21716	7115892
21717	7116464
21718	7123442
21719	7127278
21720	7127932
21721	7128284
21722	7128798
21723	7131380
21724	7131918
21725	7133472
21726	7133944
21727	7136106
21728	7138144
21729	7139330
21730	7139426
21731	714409
21732	7144156
21733	7147508
21734	7150498
21735	7154906
21736	7155946
21737	7156410
21738	715654
21739	7156568
21740	7164508
21741	7164826
21742	71664
21743	7166680
21744	7167676
21745	7167884
21746	717227
21747	71723
21748	7172400
21749	7174364
21750	7174762
21751	7175228
21752	7176054
21753	717691
21754	7178166
21755	7178482
21756	7179220
21757	718059
21758	7180766
21759	7183650
21760	718550
21761	7193224
21762	719363
21763	7195942
21764	719627
21765	719950
21766	7201194
21767	7201622
21768	7203658
21769	7205150
21770	7205932
21771	720752
21772	720840
21773	7209092
21774	7211132
21775	72121
21776	721277
21777	7213722
21778	721401
21779	7217872
21780	7219066
21781	7222442
21782	7224224
21783	7225982
21784	7226290
21785	7226424
21786	723079
21787	723275
21788	7233182
21789	7233228
21790	7234804
21791	7236404
21792	723662
21793	723769
21794	723899
21795	7239244
21796	7240538
21797	724196
21798	7241964
21799	7243608
21800	724579
21801	7246602
21802	7247072
21803	724762
21804	724869
21805	7250998
21806	725176
21807	7251974
21808	7253700
21809	7254166
21810	7254818
21811	72563
21812	7256988
21813	725888
21814	7262406
21815	72639
21816	7264638
21817	726605
21818	7266162
21819	7267022
21820	7267808
21821	726878
21822	7270692
21823	7272556
21824	7273934
21825	727533
21826	7275860
21827	7281342
21828	7281938
21829	728306
21830	7283394
21831	7284066
21832	7284424
21833	7284734
21834	7287142
21835	728811
21836	7288458
21837	7288754
21838	7288756
21839	7290416
21840	7294668
21841	7294784
21842	7296540
21843	729677
21844	729836
21845	7300116
21846	730248
21847	7305962
21848	7306368
21849	7306370
21850	7306500
21851	7309258
21852	7309320
21853	731071
21854	7311024
21855	7312712
21856	7312918
21857	731481
21858	7315350
21859	7317164
21860	7319992
21861	732001
21862	7320906
21863	7320984
21864	7325258
21865	7326242
21866	7326862
21867	7328422
21868	7328656
21869	7329098
21870	733371
21871	7334200
21872	73353
21873	7336384
21874	7338312
21875	7338670
21876	7340678
21877	7343292
21878	734376
21879	7344130
21880	7345464
21881	734589
21882	7346414
21883	734644
21884	7347582
21885	7347824
21886	7349402
21887	7349752
21888	7350206
21889	735028
21890	7351296
21891	7358318
21892	7360236
21893	7362224
21894	7362706
21895	7364790
21896	7365324
21897	736854
21898	737278
21899	737355
21900	7373920
21901	7374480
21902	7375136
21903	7376212
21904	7377860
21905	738339
21906	7383420
21907	7383830
21908	7386878
21909	738928
21910	7390482
21911	7393984
21912	7394868
21913	7396452
21914	7397546
21915	7398810
21916	7400374
21917	7401500
21918	7403228
21919	7406824
21920	740906
21921	7410688
21922	7410732
21923	741241
21924	7413348
21925	741396
21926	741659
21927	7418304
21928	741864
21929	7419902
21930	7419978
21931	7422228
21932	7423820
21933	7427802
21934	74319
21935	743376
21936	743588
21937	7436326
21938	7436380
21939	743729
21940	7437344
21941	7437514
21942	7439262
21943	743983
21944	744027
21945	7441434
21946	7444292
21947	744619
21948	744730
21949	7448458
21950	744904
21951	7449658
21952	745000
21953	7450100
21954	7451782
21955	745236
21956	745261
21957	745419
21958	7454236
21959	7454434
21960	7454724
21961	745545
21962	7455666
21963	7456050
21964	7457826
21965	7458574
21966	7458868
21967	745913
21968	745974
21969	7462240
21970	7463992
21971	7464556
21972	7465662
21973	746627
21974	7466306
21975	7468422
21976	7468800
21977	7469382
21978	7470056
21979	7470702
21980	74708
21981	7470968
21982	747613
21983	7476174
21984	7477262
21985	747756
21986	7478690
21987	747994
21988	7480378
21989	7481232
21990	7481658
21991	7483188
21992	748411
21993	7484804
21994	7487092
21995	748755
21996	7488182
21997	7489116
21998	74896
21999	7489778
22000	748988
22001	748996
22002	7491198
22003	749246
22004	749315
22005	7493638
22006	7494266
22007	7495792
22008	7495896
22009	7500276
22010	750163
22011	7503948
22012	7504430
22013	7504642
22014	75059
22015	75091
22016	751149
22017	7512256
22018	7512734
22019	7513420
22020	7513492
22021	7514196
22022	751677
22023	7517300
22024	751826
22025	7519002
22026	752014
22027	7522344
22028	7522458
22029	752877
22030	7528988
22031	7529490
22032	7531432
22033	7533296
22034	7533756
22035	753430
22036	7535260
22037	7535776
22038	753691
22039	7538390
22040	7538836
22041	7539480
22042	753949
22043	7541528
22044	7541932
22045	7543738
22046	754374
22047	7544642
22048	7546682
22049	754698
22050	7548654
22051	7549278
22052	7551640
22053	755193
22054	7555286
22055	7556982
22056	7558678
22057	7559626
22058	7560416
22059	75608
22060	756602
22061	7566923
22062	756699
22063	7567767
22064	756959
22065	7569663
22066	7570505
22067	7570815
22068	7572033
22069	75738
22070	7577341
22071	757749
22072	7579205
22073	7581515
22074	7581605
22075	7582513
22076	7584387
22077	7585815
22078	7586065
22079	7586083
22080	7586097
22081	758612
22082	758910
22083	758963
22084	758967
22085	7590419
22086	759066
22087	759092
22088	7593787
22089	7595031
22090	7595107
22091	7597141
22092	7599995
22093	760093
22094	760292
22095	760352
22096	760505
22097	7608017
22098	7608215
22099	760955
22100	7610037
22101	7613146
22102	7617764
22103	76194
22104	7621956
22105	7623670
22106	7625458
22107	762687
22108	7630714
22109	7630752
22110	763238
22111	763528
22112	763552
22113	7635628
22114	7636516
22115	763665
22116	763881
22117	7639566
22118	763990
22119	7640814
22120	7642158
22121	7644438
22122	7644582
22123	7645072
22124	7645964
22125	764619
22126	7646468
22127	764671
22128	7647196
22129	764899
22130	7651106
22131	7651880
22132	7652876
22133	7655420
22134	7656964
22135	76571
22136	7657676
22137	7657726
22138	7658914
22139	7661442
22140	7662024
22141	766476
22142	7664950
22143	7668504
22144	76707
22145	7670796
22146	7670838
22147	7670988
22148	7671546
22149	7672488
22150	7673092
22151	76750
22152	7675728
22153	7676236
22154	7676638
22155	7677276
22156	7678408
22157	767877
22158	76790
22159	7680960
22160	7681230
22161	7681708
22162	7684170
22163	7687170
22164	7688594
22165	7689830
22166	7691526
22167	7691532
22168	7691768
22169	7694102
22170	7695864
22171	7697084
22172	7698038
22173	7698124
22174	7699610
22175	7700666
22176	7700896
22177	7703306
22178	7706344
22179	7707356
22180	7707932
22181	7708144
22182	7714236
22183	7715094
22184	771525
22185	7715468
22186	7717046
22187	7719656
22188	7720084
22189	77236
22190	7724728
22191	7725182
22192	7725796
22193	7728248
22194	7730044
22195	7732304
22196	773265
22197	7732700
22198	773399
22199	773714
22200	77381
22201	7738562
22202	7740258
22203	7740388
22204	774053
22205	774139
22206	7741574
22207	7743144
22208	7743184
22209	7744790
22210	77464
22211	7746724
22212	7748320
22213	7749662
22214	7751080
22215	7752908
22216	7753242
22217	7753368
22218	7753420
22219	7754430
22220	775450
22221	7755120
22222	7755840
22223	7756008
22224	7758808
22225	7759682
22226	775971
22227	776163
22228	7767838
22229	776875
22230	7770448
22231	7773468
22232	7773638
22233	7773798
22234	7774388
22235	777512
22236	777514
22237	7775166
22238	777599
22239	7776220
22240	7776710
22241	7777240
22242	77780
22243	7779842
22244	778084
22245	7782172
22246	778298
22247	7783030
22248	7784076
22249	7788120
22250	7788550
22251	7794220
22252	779593
22253	779737
22254	7799258
22255	7800938
22256	780175
22257	780290
22258	780486
22259	780496
22260	7806090
22261	7807110
22262	7807770
22263	781005
22264	781137
22265	7811688
22266	781271
22267	781286
22268	7813820
22269	7813826
22270	7814476
22271	7814522
22272	7814658
22273	7814714
22274	781684
22275	7817150
22276	7818144
22277	7818764
22278	782047
22279	7820738
22280	7821168
22281	7821832
22282	7822966
22283	782370
22284	782585
22285	7826374
22286	7826762
22287	78271
22288	7827634
22289	782805
22290	782830
22291	7828448
22292	7829214
22293	7829780
22294	7829922
22295	7830302
22296	7831992
22297	7833424
22298	7834936
22299	7837236
22300	783765
22301	7837898
22302	7837964
22303	783922
22304	7839704
22305	7842424
22306	7843244
22307	784331
22308	7846358
22309	7847872
22310	78501
22311	7851594
22312	7853168
22313	7854276
22314	785505
22315	7855762
22316	785728
22317	785747
22318	786100
22319	786417
22320	7864872
22321	786518
22322	7866910
22323	786698
22324	7867304
22325	7869346
22326	7869470
22327	7871806
22328	78735
22329	7877818
22330	787969
22331	78805
22332	7881208
22333	7881550
22334	788336
22335	7884758
22336	7885982
22337	7886246
22338	7887888
22339	7888474
22340	7889114
22341	788980
22342	7890820
22343	789826
22344	7898626
22345	790118
22346	7901300
22347	7901850
22348	7902246
22349	7902572
22350	7903304
22351	7904322
22352	7904546
22353	7904660
22354	7905968
22355	7906116
22356	7909094
22357	7909334
22358	7910720
22359	7910772
22360	7912510
22361	7912542
22362	791488
22363	7915380
22364	791591
22365	79174
22366	7918066
22367	7918094
22368	7918648
22369	7919116
22370	7919996
22371	7922894
22372	7922974
22373	7923062
22374	7923086
22375	7924006
22376	7924524
22377	7924740
22378	7925156
22379	79266
22380	7927264
22381	7927986
22382	7930864
22383	7934290
22384	7935834
22385	7936796
22386	7936964
22387	7937464
22388	7938346
22389	7938682
22390	7939864
22391	7940796
22392	7945960
22393	7947596
22394	7947666
22395	7949510
22396	795110
22397	7951738
22398	7951928
22399	7954130
22400	7956082
22401	7956312
22402	7958276
22403	7959726
22404	7962000
22405	7963538
22406	7968370
22407	7971286
22408	7971344
22409	7972506
22410	7975350
22411	7978392
22412	7978626
22413	797997
22414	798084
22415	7983646
22416	798481
22417	7985404
22418	798562
22419	7985800
22420	798718
22421	798781
22422	7988192
22423	798847
22424	799304
22425	79933
22426	7994780
22427	7995856
22428	7999406
22429	8001644
22430	8003288
22431	8004192
22432	8004818
22433	8005336
22434	800658
22435	8006978
22436	8009610
22437	8010230
22438	8010868
22439	8012940
22440	801513
22441	8015836
22442	8016232
22443	8017576
22444	8021126
22445	8023978
22446	8025274
22447	80255
22448	8025804
22449	8026138
22450	8026740
22451	8027174
22452	8029482
22453	8031862
22454	8033514
22455	8035714
22456	803656
22457	803805
22458	8039864
22459	8039880
22460	8039946
22461	8040278
22462	804028
22463	8043056
22464	8043984
22465	8044842
22466	8045538
22467	8047010
22468	8047966
22469	804937
22470	8050142
22471	8051094
22472	8051814
22473	8052374
22474	8052824
22475	8054128
22476	8055660
22477	8059640
22478	8060546
22479	8060588
22480	8061284
22481	8061506
22482	806843
22483	8068556
22484	8068674
22485	8069076
22486	807069
22487	8071508
22488	8073722
22489	807402
22490	8076290
22491	80790
22492	8079574
22493	8079746
22494	8081494
22495	8081854
22496	8082138
22497	8085078
22498	8085090
22499	8085950
22500	8086192
22501	8086714
22502	8088048
22503	8088742
22504	8088780
22505	8089390
22506	8092116
22507	8093214
22508	8093948
22509	809397
22510	8094050
22511	809880
22512	8099230
22513	8100722
22514	810075
22515	810231
22516	8103324
22517	810343
22518	8104028
22519	8104934
22520	8105244
22521	8105248
22522	8105680
22523	810591
22524	810644
22525	810818
22526	8109032
22527	8110266
22528	8115848
22529	811780
22530	8118350
22531	8120262
22532	8120736
22533	8125862
22534	8126058
22535	812841
22536	813058
22537	8131318
22538	8131974
22539	8134366
22540	8135954
22541	8136390
22542	8136766
22543	8136948
22544	813740
22545	813840
22546	813965
22547	8147096
22548	8147142
22549	8147492
22550	814841
22551	814866
22552	8149104
22553	8149526
22554	8150624
22555	8152384
22556	8153862
22557	8155242
22558	815589
22559	8156392
22560	8157642
22561	8158250
22562	8160240
22563	816550
22564	8168460
22565	8169550
22566	8173260
22567	8176156
22568	8176420
22569	8176544
22570	8178508
22571	8179372
22572	818127
22573	8181612
22574	818177
22575	8183068
22576	818333
22577	8184940
22578	8185086
22579	818882
22580	8190534
22581	819283
22582	819660
22583	819759
22584	819798
22585	8198532
22586	8200636
22587	820125
22588	8202796
22589	8203540
22590	8205874
22591	8209722
22592	8210300
22593	8211954
22594	8213988
22595	821435
22596	8216942
22597	8218382
22598	8219746
22599	822025
22600	822150
22601	8221886
22602	822403
22603	8226138
22604	8228034
22605	8229206
22606	8229892
22607	8231310
22608	8231778
22609	8234118
22610	8234984
22611	8236484
22612	8236994
22613	8239078
22614	8241714
22615	8243312
22616	824398
22617	8245468
22618	8246076
22619	8246328
22620	8246970
22621	8247692
22622	8248362
22623	8248882
22624	8252928
22625	8253262
22626	8253796
22627	8254050
22628	8255272
22629	825562
22630	8256186
22631	8257624
22632	8258382
22633	8258944
22634	8263094
22635	8263234
22636	8263692
22637	8264100
22638	8264418
22639	8265028
22640	826661
22641	8267542
22642	8268824
22643	8270228
22644	8271096
22645	8271388
22646	8273250
22647	827503
22648	8275234
22649	8275820
22650	8277522
22651	8280212
22652	8280964
22653	8285270
22654	828544
22655	8285504
22656	8286402
22657	8287348
22658	8287872
22659	8288418
22660	8291886
22661	8292012
22662	8292280
22663	8292362
22664	829264
22665	8293088
22666	8298694
22667	8301986
22668	830208
22669	8304750
22670	8307552
22671	8308864
22672	8309174
22673	8309426
22674	8309716
22675	8310550
22676	83134
22677	8313930
22678	8314108
22679	831628
22680	83169
22681	8318284
22682	831876
22683	8322798
22684	832301
22685	8323524
22686	8324388
22687	8325414
22688	8326776
22689	8327078
22690	8327520
22691	8328372
22692	8330812
22693	8332002
22694	833273
22695	8333162
22696	833345
22697	833546
22698	8336056
22699	8341926
22700	8342408
22701	8345250
22702	8345524
22703	8349578
22704	834994
22705	835039
22706	835229
22707	8355570
22708	8355956
22709	835624
22710	8358058
22711	835926
22712	836096
22713	8361262
22714	8361604
22715	8361634
22716	836184
22717	8364128
22718	8365246
22719	8369350
22720	8369500
22721	8370698
22722	837135
22723	8374238
22724	8376352
22725	8379848
22726	8382712
22727	8386128
22728	83865
22729	8386824
22730	838980
22731	8391090
22732	8391222
22733	8391828
22734	8392108
22735	8394740
22736	839538
22737	839577
22738	83973
22739	8398
22740	839914
22741	8401210
22742	8403340
22743	8403704
22744	840531
22745	8408084
22746	840897
22747	8411574
22748	8412296
22749	841256
22750	8416842
22751	8417226
22752	8417524
22753	8418640
22754	8419922
22755	8423410
22756	842359
22757	8423830
22758	8425810
22759	8426094
22760	8426292
22761	8427106
22762	8427370
22763	842798
22764	843147
22765	8432340
22766	8435138
22767	843650
22768	8439130
22769	8439432
22770	8440006
22771	8441138
22772	8441334
22773	8442760
22774	8442852
22775	8445720
22776	844601
22777	8446320
22778	8447378
22779	8451064
22780	845621
22781	845714
22782	8458292
22783	845843
22784	845971
22785	8462890
22786	84631
22787	8465486
22788	8468854
22789	8469024
22790	8469350
22791	8469740
22792	847084
22793	8471088
22794	8473194
22795	8475710
22796	8476210
22797	8477432
22798	8478170
22799	847959
22800	8480054
22801	8480300
22802	8480370
22803	8484238
22804	8484344
22805	8485920
22806	848677
22807	8487232
22808	8488230
22809	8489392
22810	848943
22811	8490472
22812	84926
22813	8495944
22814	8496884
22815	8497204
22816	8500952
22817	8502334
22818	8504376
22819	8504580
22820	8506844
22821	850758
22822	8510382
22823	8510934
22824	8511188
22825	8511586
22826	8513398
22827	8513502
22828	851376
22829	8514292
22830	8514546
22831	8515452
22832	8516262
22833	8516662
22834	8521596
22835	8523018
22836	8525208
22837	8529540
22838	8529770
22839	8530126
22840	8530318
22841	8531000
22842	8531062
22843	8533394
22844	8534524
22845	8539972
22846	8540744
22847	8541968
22848	8542498
22849	8543214
22850	8544546
22851	8544636
22852	8547146
22853	8548594
22854	8554310
22855	8556904
22856	8557552
22857	8558120
22858	8558792
22859	8560488
22860	8560656
22861	8561416
22862	8562350
22863	8563588
22864	8565258
22865	8566026
22866	8566266
22867	8567180
22868	8567262
22869	85675
22870	8568262
22871	8569584
22872	8571432
22873	8572462
22874	8572656
22875	8573188
22876	8573194
22877	8575658
22878	8576858
22879	8578436
22880	8579394
22881	8580938
22882	8581016
22883	8581314
22884	8584140
22885	8584452
22886	8584584
22887	858461
22888	858544
22889	8585636
22890	858587
22891	8586226
22892	8586456
22893	858657
22894	8587958
22895	8587996
22896	8588134
22897	859067
22898	8592228
22899	8595456
22900	8599292
22901	8600712
22902	8600868
22903	8600876
22904	8601558
22905	8602404
22906	8602882
22907	860497
22908	8605346
22909	8605850
22910	8609612
22911	8618436
22912	8619444
22913	8622326
22914	8622652
22915	862386
22916	8624
22917	8624362
22918	8624790
22919	8626740
22920	8629752
22921	8631692
22922	8632612
22923	863319
22924	8633924
22925	8634188
22926	8635076
22927	863545
22928	863547
22929	863568
22930	8639396
22931	8640754
22932	8644198
22933	8645934
22934	8646024
22935	8647042
22936	8647724
22937	8652138
22938	8652258
22939	8652614
22940	86531
22941	8653108
22942	8654828
22943	8655822
22944	8657208
22945	86577
22946	8658600
22947	8660122
22948	8661094
22949	8662864
22950	8666658
22951	8669212
22952	8671786
22953	8675486
22954	86766
22955	8677884
22956	8679090
22957	8680750
22958	8681884
22959	8683514
22960	868528
22961	8688090
22962	869002
22963	8690178
22964	8690192
22965	8690288
22966	8691920
22967	8692296
22968	8695798
22969	8696080
22970	8698702
22971	870221
22972	8703392
22973	8705860
22974	870644
22975	8707054
22976	8709236
22977	8712288
22978	871536
22979	8716410
22980	8716868
22981	8716910
22982	8717274
22983	871845
22984	8723
22985	8723110
22986	8725620
22987	8726060
22988	8726976
22989	8732570
22990	873270
22991	8737614
22992	8738820
22993	8739876
22994	8740620
22995	87408
22996	874329
22997	8743634
22998	8745196
22999	8746462
23000	874905
23001	8751276
23002	8751656
23003	8754520
23004	8754684
23005	8754860
23006	8756612
23007	875710
23008	87575
23009	8762766
23010	87695
23011	8769820
23012	87731
23013	8775002
23014	8775626
23015	8776430
23016	8781842
23017	878440
23018	8784840
23019	8786324
23020	8787850
23021	878850
23022	8790014
23023	8790472
23024	8790740
23025	8791830
23026	8793242
23027	879576
23028	8796396
23029	8797174
23030	879719
23031	8797592
23032	8799980
23033	8800502
23034	880066
23035	8802074
23036	8803750
23037	8804032
23038	880423
23039	8807010
23040	8808646
23041	8808948
23042	8809366
23043	881280
23044	8814434
23045	8816808
23046	8817842
23047	8818230
23048	8820414
23049	8821140
23050	8821224
23051	8821552
23052	8821764
23053	8825320
23054	8828208
23055	8828948
23056	8830318
23057	8835254
23058	8836214
23059	883844
23060	8839836
23061	884020
23062	884304
23063	8843438
23064	8844994
23065	8845102
23066	884720
23067	8848132
23068	8849618
23069	8851656
23070	8853372
23071	8858250
23072	8858490
23073	8858786
23074	8860220
23075	8860460
23076	8862220
23077	8863430
23078	886357
23079	886427
23080	8864828
23081	8865850
23082	886639
23083	8868500
23084	886996
23085	8870208
23086	887277
23087	8872940
23088	8873110
23089	8874064
23090	8874118
23091	8875716
23092	8876714
23093	887684
23094	8879890
23095	8880710
23096	8883802
23097	8884170
23098	8887080
23099	88884
23100	8889480
23101	888991
23102	8896180
23103	889655
23104	889784
23105	8897880
23106	8897924
23107	8898310
23108	8899428
23109	8902890
23110	890658
23111	8906804
23112	8907504
23113	8908270
23114	8908460
23115	8908578
23116	891091
23117	8911040
23118	8917630
23119	8918126
23120	8918850
23121	8919372
23122	8920720
23123	8921208
23124	892155
23125	8923280
23126	892612
23127	8927666
23128	8929080
23129	8929214
23130	8931014
23131	8932086
23132	8933042
23133	8934806
23134	8935660
23135	8936412
23136	8936942
23137	8939686
23138	894023
23139	8940632
23140	8941086
23141	8941676
23142	8941770
23143	894316
23144	89467
23145	8947886
23146	894823
23147	894991
23148	8951632
23149	8953456
23150	8955202
23151	8956904
23152	8957796
23153	8959698
23154	8960064
23155	8960894
23156	8963812
23157	8964226
23158	8964428
23159	8965103
23160	8965142
23161	8965364
23162	8965514
23163	8965758
23164	8966294
23165	8966784
23166	8969406
23167	8969956
23168	8974324
23169	8975408
23170	8978274
23171	897967
23172	8982956
23173	8983280
23174	8988572
23175	8989532
23176	8989986
23177	89914
23178	8991438
23179	8991730
23180	899280
23181	8993568
23182	8997944
23183	8998046
23184	8999870
23185	9003168
23186	9004860
23187	9005822
23188	9006986
23189	9007098
23190	9007392
23191	9008760
23192	9009626
23193	9010644
23194	901301
23195	9013250
23196	9014138
23197	9016242
23198	9017260
23199	901951
23200	902110
23201	90229
23202	9024372
23203	9025394
23204	902555
23205	9029260
23206	9029628
23207	9029798
23208	903149
23209	90331
23210	9034196
23211	903516
23212	9035386
23213	9035876
23214	9036458
23215	9038012
23216	9039926
23217	904009
23218	904111
23219	9041190
23220	904130
23221	9041700
23222	9041850
23223	9042114
23224	9043004
23225	9043386
23226	9046212
23227	9046644
23228	9047230
23229	9047450
23230	9051840
23231	9053438
23232	905547
23233	9056188
23234	9056232
23235	905645
23236	9056756
23237	9057676
23238	9059928
23239	9060508
23240	9061186
23241	9062508
23242	9062770
23243	9063850
23244	906589
23245	9067448
23246	9067668
23247	9070068
23248	907032
23249	9072294
23250	907301
23251	907350
23252	9074458
23253	9074640
23254	907635
23255	9077770
23256	9077976
23257	9078686
23258	9079420
23259	908131
23260	9081320
23261	9081784
23262	908184
23263	9082032
23264	9083702
23265	9085348
23266	9085498
23267	9085696
23268	9086832
23269	9087116
23270	9087256
23271	9087310
23272	9089358
23273	9090704
23274	9090748
23275	9090776
23276	9091596
23277	9092842
23278	90939
23279	9097152
23280	9097160
23281	9098708
23282	9098904
23283	9099472
23284	9100076
23285	9102606
23286	9105048
23287	910506
23288	9105456
23289	910622
23290	9107792
23291	9108150
23292	9108784
23293	911045
23294	911188
23295	9112710
23296	9112796
23297	9113026
23298	9118188
23299	9119416
23300	9121534
23301	9121536
23302	9121954
23303	9122986
23304	9123076
23305	9124184
23306	912537
23307	9125918
23308	9127420
23309	9128774
23310	9130740
23311	913173
23312	9132692
23313	91339
23314	913487
23315	9136086
23316	9136448
23317	9137382
23318	9139836
23319	9139842
23320	9140620
23321	9141028
23322	9144218
23323	9145146
23324	915123
23325	9154434
23326	9155876
23327	9156366
23328	9158958
23329	9163628
23330	9163708
23331	9164118
23332	9164402
23333	9164464
23334	9164532
23335	9165158
23336	916645
23337	9167740
23338	9168796
23339	9170062
23340	9170766
23341	9174378
23342	9174408
23343	9176082
23344	9179860
23345	9180122
23346	9181036
23347	9181062
23348	918251
23349	9184096
23350	918481
23351	9186598
23352	9186718
23353	9187692
23354	918786
23355	9187936
23356	918822
23357	9188580
23358	9190004
23359	9193008
23360	9193668
23361	919675
23362	9198500
23363	9200164
23364	9201542
23365	9201554
23366	920210
23367	9202472
23368	9203854
23369	9203962
23370	9205110
23371	9206584
23372	920676
23373	9208562
23374	9209008
23375	921080
23376	9211414
23377	9215706
23378	9215880
23379	9215940
23380	9217524
23381	9218066
23382	9220300
23383	9223268
23384	9225492
23385	9226896
23386	922744
23387	9227746
23388	92305
23389	923307
23390	923392
23391	9234010
23392	9235242
23393	9236204
23394	9236492
23395	9236548
23396	9240350
23397	924240
23398	9243346
23399	9245980
23400	9249234
23401	924972
23402	9249772
23403	9249952
23404	9251390
23405	9253684
23406	9253980
23407	9254026
23408	9255086
23409	9255148
23410	9255532
23411	9256860
23412	92598
23413	9260056
23414	9261042
23415	9261642
23416	9263248
23417	9264192
23418	926495
23419	926547
23420	9266970
23421	9270024
23422	927184
23423	92747
23424	9276026
23425	9278012
23426	9278780
23427	9279014
23428	9279176
23429	927955
23430	9280006
23431	9280224
23432	9280386
23433	9281814
23434	9282258
23435	9282592
23436	9283724
23437	9284084
23438	9284356
23439	9284746
23440	9286160
23441	92863
23442	9287884
23443	9291454
23444	9291496
23445	9293070
23446	929317
23447	9294328
23448	9296568
23449	9300930
23450	9302214
23451	9302590
23452	9303470
23453	9304028
23454	9304424
23455	930455
23456	930793
23457	9309024
23458	9310306
23459	9310330
23460	9312330
23461	9313286
23462	9313470
23463	9313504
23464	9314204
23465	9314350
23466	9314802
23467	9315024
23468	9316194
23469	9316418
23470	931912
23471	9321412
23472	9321862
23473	9322024
23474	9324624
23475	9324814
23476	932541
23477	9326336
23478	9326434
23479	9326478
23480	9328904
23481	9329240
23482	932932
23483	933578
23484	9336414
23485	9338230
23486	9339186
23487	9339298
23488	9340600
23489	9344396
23490	9344518
23491	9345560
23492	934598
23493	9347146
23494	9349182
23495	9351154
23496	9353170
23497	9354850
23498	9356064
23499	9356126
23500	9360734
23501	9364394
23502	9364662
23503	9367072
23504	936893
23505	9369990
23506	9370150
23507	9370162
23508	9373472
23509	9374498
23510	937498
23511	9376210
23512	937681
23513	937688
23514	937771
23515	9377812
23516	9378632
23517	9379270
23518	9380318
23519	938045
23520	9383138
23521	938363
23522	9383936
23523	938445
23524	9388054
23525	9388970
23526	9389388
23527	9389510
23528	9390702
23529	939383
23530	9394266
23531	9395628
23532	9396920
23533	93973
23534	9399382
23535	9400196
23536	9400290
23537	9400792
23538	9400804
23539	940199
23540	940615
23541	9406304
23542	9406570
23543	9407040
23544	94096
23545	9410062
23546	9413674
23547	9417814
23548	9419032
23549	9419216
23550	9419290
23551	9419962
23552	9419978
23553	9420112
23554	942086
23555	9424366
23556	94245
23557	942553
23558	9426258
23559	942707
23560	9431338
23561	9432194
23562	9435100
23563	9435248
23564	9436686
23565	9439134
23566	9439780
23567	9442786
23568	9444694
23569	9445072
23570	9446560
23571	9448062
23572	9448200
23573	944932
23574	945010
23575	9452132
23576	9453522
23577	9454154
23578	9454752
23579	9456827
23580	9458658
23581	946054
23582	946085
23583	946322
23584	9464742
23585	9465622
23586	9467732
23587	9469646
23588	9470124
23589	9471425
23590	9471435
23591	9471483
23592	9474148
23593	9475172
23594	9475186
23595	9477390
23596	947761
23597	9478262
23598	9479308
23599	9479490
23600	9480276
23601	948121
23602	9481650
23603	9481866
23604	94825
23605	94835
23606	9483596
23607	9487806
23608	948853
23609	9493914
23610	9496974
23611	9497682
23612	9499322
23613	9499558
23614	9500676
23615	9502588
23616	9505548
23617	9506954
23618	9508100
23619	950859
23620	9511246
23621	9511602
23622	9512094
23623	951295
23624	9513330
23625	9515690
23626	951719
23627	9518216
23628	9520196
23629	9520554
23630	952165
23631	9522098
23632	9527608
23633	9528110
23634	9529254
23635	95318
23636	9532942
23637	9533188
23638	9533404
23639	9533472
23640	9534160
23641	953418
23642	9534448
23643	9537646
23644	953984
23645	954069
23646	9541952
23647	9542136
23648	9544058
23649	9545716
23650	9547242
23651	9549624
23652	95508
23653	9551064
23654	9552304
23655	9552938
23656	9554798
23657	9554978
23658	9557408
23659	9558780
23660	9560930
23661	9561134
23662	9561140
23663	9561718
23664	956499
23665	956515
23666	9569262
23667	956952
23668	9570390
23669	9571582
23670	9573206
23671	9577618
23672	9579012
23673	9580788
23674	9580822
23675	958177
23676	9581920
23677	958239
23678	9582484
23679	9586768
23680	95903
23681	9591762
23682	9592126
23683	9592480
23684	9593064
23685	9595284
23686	9595976
23687	9598470
23688	9599150
23689	960052
23690	9602106
23691	9602112
23692	9604
23693	9604040
23694	960406
23695	9605886
23696	9607390
23697	960758
23698	961080
23699	9610922
23700	9611984
23701	9612950
23702	9614062
23703	9614318
23704	9615402
23705	9617248
23706	9617476
23707	9617656
23708	9617956
23709	9618392
23710	9619698
23711	961980
23712	9620246
23713	9620696
23714	9621502
23715	9622820
23716	9623758
23717	9624044
23718	962496
23719	962511
23720	9627416
23721	9629612
23722	9632020
23723	9632226
23724	9633092
23725	963419
23726	96352
23727	9636818
23728	9637190
23729	9638100
23730	96400
23731	9640034
23732	9641182
23733	9641420
23734	964146
23735	9643502
23736	9643774
23737	9643842
23738	9644616
23739	9645604
23740	9647138
23741	964732
23742	9648546
23743	9650440
23744	9652670
23745	9652886
23746	965564
23747	9655824
23748	9655946
23749	9656716
23750	9656928
23751	9659656
23752	9661978
23753	966762
23754	966808
23755	966905
23756	966912
23757	967188
23758	9672270
23759	9673286
23760	9674038
23761	9675994
23762	9676294
23763	967823
23764	9679290
23765	9679462
23766	9680358
23767	9680796
23768	9680806
23769	9681644
23770	9682098
23771	9682112
23772	9682214
23773	9683106
23774	9683728
23775	9684552
23776	968593
23777	9686704
23778	9688092
23779	9688372
23780	9690616
23781	9691238
23782	969168
23783	9691798
23784	9692336
23785	9692366
23786	9692400
23787	9696966
23788	9698290
23789	969922
23790	9699540
23791	9700104
23792	9700408
23793	9703362
23794	9704110
23795	9704814
23796	970558
23797	9705642
23798	9705764
23799	9706440
23800	9707044
23801	9707494
23802	9708848
23803	9708990
23804	9709926
23805	9713860
23806	9715044
23807	9715358
23808	9717960
23809	9720632
23810	9722370
23811	9722760
23812	9723596
23813	97246
23814	9726844
23815	9728340
23816	972924
23817	9730818
23818	9732336
23819	9733320
23820	9733538
23821	9735340
23822	9736728
23823	9737624
23824	9738186
23825	973835
23826	973869
23827	9738722
23828	9740052
23829	9740588
23830	9740822
23831	9742504
23832	9743016
23833	9744964
23834	9745430
23835	9745756
23836	9747530
23837	9748474
23838	9748622
23839	9749518
23840	975188
23841	9753194
23842	9753694
23843	9753742
23844	9755388
23845	9755620
23846	9757254
23847	9757290
23848	9757874
23849	975867
23850	9759380
23851	9760762
23852	9762194
23853	976227
23854	9766122
23855	9766188
23856	9766648
23857	9770466
23858	977065
23859	9772452
23860	9773922
23861	977495
23862	9775148
23863	9776120
23864	9777518
23865	9777630
23866	9779534
23867	9780690
23868	97857
23869	978809
23870	9789556
23871	9790076
23872	9790504
23873	9791768
23874	9795440
23875	9797384
23876	9797418
23877	9800384
23878	9800754
23879	9801160
23880	9801834
23881	980294
23882	980659
23883	9807458
23884	9807794
23885	9807936
23886	9808144
23887	981039
23888	9813470
23889	981422
23890	9819992
23891	9820546
23892	9822554
23893	9828192
23894	9832164
23895	9832560
23896	9832746
23897	9833522
23898	9834786
23899	9835646
23900	9836344
23901	9837574
23902	9840114
23903	984106
23904	9845310
23905	9845696
23906	984614
23907	9846720
23908	9846890
23909	9848236
23910	9848432
23911	9849574
23912	985016
23913	9851548
23914	985228
23915	9853550
23916	9854918
23917	985512
23918	9858986
23919	9860496
23920	9860836
23921	9862818
23922	9864200
23923	9866468
23924	9867222
23925	9870372
23926	9870732
23927	9872094
23928	9872592
23929	987346
23930	9873930
23931	9874094
23932	9878472
23933	9879584
23934	9880084
23935	9883534
23936	9884370
23937	9885626
23938	9885996
23939	9886496
23940	9886806
23941	9886820
23942	9887308
23943	9888424
23944	9889452
23945	9891196
23946	9893826
23947	9894964
23948	9895406
23949	9896028
23950	9897076
23951	9897746
23952	9900086
23953	990152
23954	9901970
23955	9903076
23956	9903644
23957	9904016
23958	9904706
23959	9905320
23960	9905688
23961	9906288
23962	9907112
23963	9908396
23964	990924
23965	9910374
23966	9910734
23967	9911016
23968	9911728
23969	9912506
23970	9914004
23971	9914142
23972	9917552
23973	9917826
23974	9920448
23975	9921904
23976	9925174
23977	9926490
23978	9930462
23979	9930612
23980	993072
23981	9930774
23982	9931418
23983	9935744
23984	9937128
23985	9938978
23986	9939212
23987	9942874
23988	9943184
23989	994526
23990	9949590
23991	9949750
23992	9950120
23993	9951326
23994	9951992
23995	995206
23996	9952250
23997	9952550
23998	99544
23999	9954706
24000	9955322
24001	9955362
24002	9957064
24003	9957248
24004	9960302
24005	9962304
24006	996514
24007	9968646
24008	9969472
24009	9969542
24010	996978
24011	9970390
24012	99707
24013	9972910
24014	99730
24015	997550
24016	9975836
24017	9977472
24018	9977964
24019	9978186
24020	9979082
24021	9980174
24022	9981992
24023	9983442
24024	9988606
24025	9989796
24026	9990882
24027	9992846
24028	9993102
24029	9993246
24030	9994756
24031	9995454
24032	9996034
24033	9998390
24034	9998452
24035	9998596
